ISO-10303-21;
HEADER;
FILE_DESCRIPTION(('FreeCAD Model'),'2;1');
FILE_NAME('Open CASCADE Shape Model','2026-08-27T22:00:48',('FreeCAD'),(
    'FreeCAD'),'Open CASCADE STEP processor 7.8','FreeCAD','Unknown');
FILE_SCHEMA(('AUTOMOTIVE_DESIGN { 1 0 10303 214 1 1 1 1 }'));
ENDSEC;
DATA;
#1 = APPLICATION_PROTOCOL_DEFINITION('international standard',
  'automotive_design',2000,#2);
#2 = APPLICATION_CONTEXT(
  'core data for automotive mechanical design processes');
#3 = SHAPE_DEFINITION_REPRESENTATION(#4,#10);
#4 = PRODUCT_DEFINITION_SHAPE('','',#5);
#5 = PRODUCT_DEFINITION('design','',#6,#9);
#6 = PRODUCT_DEFINITION_FORMATION('','',#7);
#7 = PRODUCT('Open CASCADE STEP translator 7.8 1',
  'Open CASCADE STEP translator 7.8 1','',(#8));
#8 = PRODUCT_CONTEXT('',#2,'mechanical');
#9 = PRODUCT_DEFINITION_CONTEXT('part definition',#2,'design');
#10 = ADVANCED_BREP_SHAPE_REPRESENTATION('',(#11,#15),#2186);
#11 = AXIS2_PLACEMENT_3D('',#12,#13,#14);
#12 = CARTESIAN_POINT('',(0.,0.,0.));
#13 = DIRECTION('',(0.,0.,1.));
#14 = DIRECTION('',(1.,0.,-0.));
#15 = MANIFOLD_SOLID_BREP('',#16);
#16 = CLOSED_SHELL('',(#17,#815,#847,#881,#918,#961,#998,#1019,#1041,
    #1063,#1399,#1644,#1898,#2100,#2112,#2133,#2149,#2170));
#17 = ADVANCED_FACE('',(#18,#655),#779,.T.);
#18 = FACE_BOUND('',#19,.T.);
#19 = EDGE_LOOP('',(#20,#50,#60,#61,#134,#218,#285,#383,#414,#471,#481,
    #482,#504,#560,#587,#622));
#20 = ORIENTED_EDGE('',*,*,#21,.T.);
#21 = EDGE_CURVE('',#22,#24,#26,.T.);
#22 = VERTEX_POINT('',#23);
#23 = CARTESIAN_POINT('',(1.820857325078,-3.016672989071,5.243832069622)
  );
#24 = VERTEX_POINT('',#25);
#25 = CARTESIAN_POINT('',(1.789904139878,-0.179264966415,6.298283841024)
  );
#26 = B_SPLINE_CURVE_WITH_KNOTS('',8,(#27,#28,#29,#30,#31,#32,#33,#34,
    #35,#36,#37,#38,#39,#40,#41,#42,#43,#44,#45,#46,#47,#48,#49),
  .UNSPECIFIED.,.F.,.F.,(9,7,7,9),(0.,0.458488659053,0.85558307451,1.),
  .UNSPECIFIED.);
#27 = CARTESIAN_POINT('',(1.819433991001,-3.023127657904,5.240214390525)
  );
#28 = CARTESIAN_POINT('',(1.853581349913,-2.868670254022,5.326855352648)
  );
#29 = CARTESIAN_POINT('',(1.883449815639,-2.711887744058,5.410889319184)
  );
#30 = CARTESIAN_POINT('',(1.908951844899,-2.552914749126,5.492193624043)
  );
#31 = CARTESIAN_POINT('',(1.92998364558,-2.391903924678,5.570625478824)
  );
#32 = CARTESIAN_POINT('',(1.946429561603,-2.229030745307,5.64602373032)
  );
#33 = CARTESIAN_POINT('',(1.958164235289,-2.064495209986,5.718209976199)
  );
#34 = CARTESIAN_POINT('',(1.965055696146,-1.898528064403,5.786988717831)
  );
#35 = CARTESIAN_POINT('',(1.968632695467,-1.586668390723,5.908578789735)
  );
#36 = CARTESIAN_POINT('',(1.966558792855,-1.44127663936,5.962211910516)
  );
#37 = CARTESIAN_POINT('',(1.960687685803,-1.295203259138,6.013005726756)
  );
#38 = CARTESIAN_POINT('',(1.950922722508,-1.148614857068,6.060817967926)
  );
#39 = CARTESIAN_POINT('',(1.937181579913,-1.001918940397,6.105426387247)
  );
#40 = CARTESIAN_POINT('',(1.919440248446,-0.855771418701,6.146561800463)
  );
#41 = CARTESIAN_POINT('',(1.897821893798,-0.711209540742,6.183930014724)
  );
#42 = CARTESIAN_POINT('',(1.863658280357,-0.518357353993,6.229436531504)
  );
#43 = CARTESIAN_POINT('',(1.854103112018,-0.467398938686,6.241030164075)
  );
#44 = CARTESIAN_POINT('',(1.844131564736,-0.417011534905,6.25206672803)
  );
#45 = CARTESIAN_POINT('',(1.833782228731,-0.367328368729,6.26252701851)
  );
#46 = CARTESIAN_POINT('',(1.823108750127,-0.318516162607,6.272391370643)
  );
#47 = CARTESIAN_POINT('',(1.81218079621,-0.270767009247,6.281643539445)
  );
#48 = CARTESIAN_POINT('',(1.801081893677,-0.22428462267,6.290274167585)
  );
#49 = CARTESIAN_POINT('',(1.789904139878,-0.179264966415,6.298283841024)
  );
#50 = ORIENTED_EDGE('',*,*,#51,.T.);
#51 = EDGE_CURVE('',#24,#52,#54,.T.);
#52 = VERTEX_POINT('',#53);
#53 = CARTESIAN_POINT('',(1.146077972602,-6.798833079821E-17,
    6.499731169881));
#54 = ( BOUNDED_CURVE() B_SPLINE_CURVE(2,(#55,#56,#57,#58,#59),
.UNSPECIFIED.,.F.,.F.) B_SPLINE_CURVE_WITH_KNOTS((3,2,3),(4.712388980385
,6.28318530718,7.853981633974),.PIECEWISE_BEZIER_KNOTS.) CURVE() 
GEOMETRIC_REPRESENTATION_ITEM() RATIONAL_B_SPLINE_CURVE((1.,
0.707106781187,1.,0.707106781187,1.)) REPRESENTATION_ITEM('') );
#55 = CARTESIAN_POINT('',(-1.146077972602,2.039649923946E-16,
    -6.499731169881));
#56 = CARTESIAN_POINT('',(2.934789857999,-1.11033370349,-7.219298273121)
  );
#57 = CARTESIAN_POINT('',(4.0808678306,-1.11033370349,-0.71956710324));
#58 = CARTESIAN_POINT('',(5.226945803202,-1.11033370349,5.78016406664));
#59 = CARTESIAN_POINT('',(1.146077972602,-3.399416539911E-16,
    6.499731169881));
#60 = ORIENTED_EDGE('',*,*,#51,.F.);
#61 = ORIENTED_EDGE('',*,*,#62,.T.);
#62 = EDGE_CURVE('',#24,#63,#65,.T.);
#63 = VERTEX_POINT('',#64);
#64 = CARTESIAN_POINT('',(-2.833857878293,2.078988934497,3.384421318236)
  );
#65 = B_SPLINE_CURVE_WITH_KNOTS('',7,(#66,#67,#68,#69,#70,#71,#72,#73,
    #74,#75,#76,#77,#78,#79,#80,#81,#82,#83,#84,#85,#86,#87,#88,#89,#90,
    #91,#92,#93,#94,#95,#96,#97,#98,#99,#100,#101,#102,#103,#104,#105,
    #106,#107,#108,#109,#110,#111,#112,#113,#114,#115,#116,#117,#118,
    #119,#120,#121,#122,#123,#124,#125,#126,#127,#128,#129,#130,#131,
    #132,#133),.UNSPECIFIED.,.F.,.F.,(8,6,6,6,6,6,6,6,6,6,6,8),(0.,
    9.401960307717E-02,0.177407217806,0.18735408866,0.274623069269,
    0.280294610482,0.322025906963,0.462551129922,0.542719176233,
    0.693352994032,0.843762837882,1.),.UNSPECIFIED.);
#66 = CARTESIAN_POINT('',(1.789904139878,-0.179264966415,6.298283841024)
  );
#67 = CARTESIAN_POINT('',(1.765843081654,-8.235675807972E-02,
    6.315525186559));
#68 = CARTESIAN_POINT('',(1.740545500049,1.111075722003E-02,
    6.330448198337));
#69 = CARTESIAN_POINT('',(1.714359172221,0.10049847562,6.34309348116));
#70 = CARTESIAN_POINT('',(1.687569801906,0.185770578006,6.353680551436)
  );
#71 = CARTESIAN_POINT('',(1.660185735861,0.267713194915,6.362515364573)
  );
#72 = CARTESIAN_POINT('',(1.631875966907,0.347628367633,6.369823266487)
  );
#73 = CARTESIAN_POINT('',(1.575588878211,0.497396024641,6.380881236671)
  );
#74 = CARTESIAN_POINT('',(1.547948738241,0.567330749122,6.384937752826)
  );
#75 = CARTESIAN_POINT('',(1.518685755962,0.637903740585,6.387912837491)
  );
#76 = CARTESIAN_POINT('',(1.4872796963,0.710094618666,6.3897547283));
#77 = CARTESIAN_POINT('',(1.453146292137,0.784671244439,6.390278830041)
  );
#78 = CARTESIAN_POINT('',(1.415879459434,0.86169754535,6.389178086751));
#79 = CARTESIAN_POINT('',(1.370560661601,0.950087647105,6.385830827318)
  );
#80 = CARTESIAN_POINT('',(1.365684888945,0.959535598633,6.385447188678)
  );
#81 = CARTESIAN_POINT('',(1.360762850159,0.969010837132,6.385036178312)
  );
#82 = CARTESIAN_POINT('',(1.355794356609,0.978512562318,6.384597337757)
  );
#83 = CARTESIAN_POINT('',(1.350779258917,0.988039904924,6.384130214334)
  );
#84 = CARTESIAN_POINT('',(1.345717446957,0.997591926696,6.383634361144)
  );
#85 = CARTESIAN_POINT('',(1.295788353215,1.091179977349,6.378502861998)
  );
#86 = CARTESIAN_POINT('',(1.247357602794,1.177034004092,6.371651069323)
  );
#87 = CARTESIAN_POINT('',(1.195293270108,1.263995185815,6.362255419137)
  );
#88 = CARTESIAN_POINT('',(1.139738115974,1.351129592449,6.350077024647)
  );
#89 = CARTESIAN_POINT('',(1.080901580101,1.437594150635,6.334965985362)
  );
#90 = CARTESIAN_POINT('',(1.018988729383,1.52274812225,6.31684582645));
#91 = CARTESIAN_POINT('',(0.949944248932,1.611501848185,6.294275754014)
  );
#92 = CARTESIAN_POINT('',(0.94572050212,1.616907819539,6.292886113263));
#93 = CARTESIAN_POINT('',(0.941478911048,1.622313137814,6.291481662311)
  );
#94 = CARTESIAN_POINT('',(0.937227320397,1.627707586545,6.290064915112)
  );
#95 = CARTESIAN_POINT('',(0.932959707551,1.633098827151,6.288633872333)
  );
#96 = CARTESIAN_POINT('',(0.928679742778,1.638482024103,6.287189689017)
  );
#97 = CARTESIAN_POINT('',(0.892793039414,1.683421604748,6.275005321316)
  );
#98 = CARTESIAN_POINT('',(0.860476119296,1.722614821402,6.263547403192)
  );
#99 = CARTESIAN_POINT('',(0.827469682091,1.761355600891,6.251354644697)
  );
#100 = CARTESIAN_POINT('',(0.79380618229,1.799572916952,6.238426502673)
  );
#101 = CARTESIAN_POINT('',(0.759515865545,1.837206168572,6.224764598542)
  );
#102 = CARTESIAN_POINT('',(0.724626490869,1.874203734443,6.210371941551)
  );
#103 = CARTESIAN_POINT('',(0.569744125662,2.032817448281,6.144338072266)
  );
#104 = CARTESIAN_POINT('',(0.443818694857,2.147402139478,6.085180071941)
  );
#105 = CARTESIAN_POINT('',(0.312400957316,2.252535736782,6.017943713861)
  );
#106 = CARTESIAN_POINT('',(0.176487616242,2.347150604933,5.943036086614)
  );
#107 = CARTESIAN_POINT('',(3.709429249664E-02,2.430544716233,
    5.861018840104));
#108 = CARTESIAN_POINT('',(-0.104754109504,2.502346857662,5.77258708393)
  );
#109 = CARTESIAN_POINT('',(-0.32974855076,2.596765973504,5.624910941848)
  );
#110 = CARTESIAN_POINT('',(-0.41195582862,2.627269093218,5.569433518515)
  );
#111 = CARTESIAN_POINT('',(-0.494458953746,2.653963655198,5.512265411253
    ));
#112 = CARTESIAN_POINT('',(-0.577090616194,2.676868285609,5.453550239965
    ));
#113 = CARTESIAN_POINT('',(-0.659697043039,2.696027278664,5.393430345154
    ));
#114 = CARTESIAN_POINT('',(-0.742137879669,2.71150427778,5.332044480297)
  );
#115 = CARTESIAN_POINT('',(-0.978640553542,2.745682777148,5.152053930645
    ));
#116 = CARTESIAN_POINT('',(-1.1319531912,2.755259692179,5.030588472283)
  );
#117 = CARTESIAN_POINT('',(-1.283411726191,2.752628940251,4.905990692558
    ));
#118 = CARTESIAN_POINT('',(-1.432381152717,2.738467637417,4.779036444702
    ));
#119 = CARTESIAN_POINT('',(-1.578378993501,2.713506058423,4.650397340416
    ));
#120 = CARTESIAN_POINT('',(-1.721057352047,2.678455765923,4.520628047203
    ));
#121 = CARTESIAN_POINT('',(-1.999119168501,2.589545335903,4.259884757308
    ));
#122 = CARTESIAN_POINT('',(-2.13448345969,2.535722733587,4.128940684661)
  );
#123 = CARTESIAN_POINT('',(-2.266059683981,2.473152428813,3.997759099582
    ));
#124 = CARTESIAN_POINT('',(-2.393676726197,2.402446141454,3.866712415492
    ));
#125 = CARTESIAN_POINT('',(-2.517211602398,2.324164498379,3.736114326368
    ));
#126 = CARTESIAN_POINT('',(-2.636583775977,2.238806868514,3.606220577014
    ));
#127 = CARTESIAN_POINT('',(-2.871376831427,2.051230650358,3.343241449859
    ));
#128 = CARTESIAN_POINT('',(-2.986446514555,1.948502609162,3.210248804719
    ));
#129 = CARTESIAN_POINT('',(-3.096902150806,1.839103154262,3.078482766819
    ));
#130 = CARTESIAN_POINT('',(-3.202692458536,1.723471759369,2.948152415892
    ));
#131 = CARTESIAN_POINT('',(-3.303770943474,1.602001359631,2.819445215782
    ));
#132 = CARTESIAN_POINT('',(-3.400095595391,1.475038419305,2.692527287719
    ));
#133 = CARTESIAN_POINT('',(-3.491628584778,1.342882999433,2.567543683605
    ));
#134 = ORIENTED_EDGE('',*,*,#135,.T.);
#135 = EDGE_CURVE('',#63,#136,#138,.T.);
#136 = VERTEX_POINT('',#137);
#137 = CARTESIAN_POINT('',(-3.238463953884,1.672479333447,2.89955732582)
  );
#138 = B_SPLINE_CURVE_WITH_KNOTS('',8,(#139,#140,#141,#142,#143,#144,
    #145,#146,#147,#148,#149,#150,#151,#152,#153,#154,#155,#156,#157,
    #158,#159,#160,#161,#162,#163,#164,#165,#166,#167,#168,#169,#170,
    #171,#172,#173,#174,#175,#176,#177,#178,#179,#180,#181,#182,#183,
    #184,#185,#186,#187,#188,#189,#190,#191,#192,#193,#194,#195,#196,
    #197,#198,#199,#200,#201,#202,#203,#204,#205,#206,#207,#208,#209,
    #210,#211,#212,#213,#214,#215,#216,#217),.UNSPECIFIED.,.F.,.F.,(9,7,
    7,7,7,7,7,7,7,7,7,9),(0.,8.976189807967E-02,0.168935577701,
    0.178493768107,0.262079712426,0.267631018256,0.309951295612,
    0.446636028907,0.522229363885,0.668717361984,0.829731834887,1.),
  .UNSPECIFIED.);
#139 = CARTESIAN_POINT('',(1.789904139878,-0.179264966415,6.298283841024
    ));
#140 = CARTESIAN_POINT('',(1.768828380546,-9.43803364225E-02,
    6.313386020904));
#141 = CARTESIAN_POINT('',(1.746823240085,-1.208161115683E-02,
    6.326745778569));
#142 = CARTESIAN_POINT('',(1.724106779628,6.723040062914E-02,
    6.338388542705));
#143 = CARTESIAN_POINT('',(1.700865918058,0.143457851569,6.348429613593)
  );
#144 = CARTESIAN_POINT('',(1.677175198867,0.216888343189,6.357039262155)
  );
#145 = CARTESIAN_POINT('',(1.652954235637,0.28814527418,6.364389109762)
  );
#146 = CARTESIAN_POINT('',(1.627961755348,0.358068741588,6.370601946958)
  );
#147 = CARTESIAN_POINT('',(1.578769656559,0.488909994344,6.380247723924)
  );
#148 = CARTESIAN_POINT('',(1.554833741726,0.549892060704,6.383920317938)
  );
#149 = CARTESIAN_POINT('',(1.529745000455,0.61121380609,6.386781412898)
  );
#150 = CARTESIAN_POINT('',(1.503192461823,0.673493982031,6.388812694858)
  );
#151 = CARTESIAN_POINT('',(1.474831892948,0.737258261959,6.389933287961)
  );
#152 = CARTESIAN_POINT('',(1.444346884778,0.802807976647,6.389999653315)
  );
#153 = CARTESIAN_POINT('',(1.411524983233,0.870116072569,6.388828124594)
  );
#154 = CARTESIAN_POINT('',(1.372057703004,0.947175728614,6.385944413603)
  );
#155 = CARTESIAN_POINT('',(1.367771255667,0.955497993777,6.385613335609)
  );
#156 = CARTESIAN_POINT('',(1.363449629885,0.963841204569,6.385261520866)
  );
#157 = CARTESIAN_POINT('',(1.35909269735,0.972204863215,6.384888675251)
  );
#158 = CARTESIAN_POINT('',(1.354700350053,0.980588436078,6.384494507562)
  );
#159 = CARTESIAN_POINT('',(1.350272500283,0.988991353659,6.384078729514)
  );
#160 = CARTESIAN_POINT('',(1.345809080631,0.997413010599,6.383641055739)
  );
#161 = CARTESIAN_POINT('',(1.301966027177,1.079657958453,6.379159669309)
  );
#162 = CARTESIAN_POINT('',(1.259891257138,1.154862310616,6.37344214042)
  );
#163 = CARTESIAN_POINT('',(1.215070000974,1.231002121687,6.365839327766)
  );
#164 = CARTESIAN_POINT('',(1.167571301464,1.307511174259,6.356192112116)
  );
#165 = CARTESIAN_POINT('',(1.117510910416,1.383832265797,6.344382921229)
  );
#166 = CARTESIAN_POINT('',(1.06502046547,1.459482878574,6.330335565989)
  );
#167 = CARTESIAN_POINT('',(1.010223910331,1.534074987747,6.314003535813)
  );
#168 = CARTESIAN_POINT('',(0.949435366861,1.612151478557,6.294107686282)
  );
#169 = CARTESIAN_POINT('',(0.945641541896,1.617005706874,6.292858927107)
  );
#170 = CARTESIAN_POINT('',(0.941832336579,1.621861056511,6.291598043572)
  );
#171 = CARTESIAN_POINT('',(0.938017593599,1.626704807637,6.290328227552)
  );
#172 = CARTESIAN_POINT('',(0.934187481993,1.631549521087,6.289046236219)
  );
#173 = CARTESIAN_POINT('',(0.930349647944,1.636385302584,6.287754544219)
  );
#174 = CARTESIAN_POINT('',(0.926499856188,1.641217527152,6.286451740688)
  );
#175 = CARTESIAN_POINT('',(0.893213556587,1.68283708978,6.275126057654)
  );
#176 = CARTESIAN_POINT('',(0.863174731422,1.71931391466,6.264493502485)
  );
#177 = CARTESIAN_POINT('',(0.832549008672,1.755412594211,6.253238118954)
  );
#178 = CARTESIAN_POINT('',(0.801360816885,1.791078825438,6.241359178045)
  );
#179 = CARTESIAN_POINT('',(0.769633298873,1.826264997992,6.22885744826)
  );
#180 = CARTESIAN_POINT('',(0.737388187077,1.860929477114,6.215734821054)
  );
#181 = CARTESIAN_POINT('',(0.704645678948,1.895035886591,6.201993936277)
  );
#182 = CARTESIAN_POINT('',(0.564126983448,2.036803006402,6.141270854816)
  );
#183 = CARTESIAN_POINT('',(0.451832549638,2.138902030956,6.088485201191)
  );
#184 = CARTESIAN_POINT('',(0.335216502363,2.233727553528,6.029405159011)
  );
#185 = CARTESIAN_POINT('',(0.214945000726,2.320513987598,5.964283016394)
  );
#186 = CARTESIAN_POINT('',(9.168807854378E-02,2.398730501907,
    5.893463554149));
#187 = CARTESIAN_POINT('',(-3.387883736418E-02,2.468031166629,
    5.817366314031));
#188 = CARTESIAN_POINT('',(-0.161077215092,2.528239021915,5.736477669351
    ));
#189 = CARTESIAN_POINT('',(-0.360094849967,2.607580090119,5.604262116262
    ));
#190 = CARTESIAN_POINT('',(-0.431268981384,2.633049296046,5.555872675944
    ));
#191 = CARTESIAN_POINT('',(-0.502638614358,2.655731189925,5.506263049885
    ));
#192 = CARTESIAN_POINT('',(-0.574103074593,2.675637705665,5.455519933833
    ));
#193 = CARTESIAN_POINT('',(-0.645568357608,2.692793197796,5.403729307069
    ));
#194 = CARTESIAN_POINT('',(-0.716947063801,2.707232225401,5.350975642112
    ));
#195 = CARTESIAN_POINT('',(-0.788158333526,2.718997336053,5.297341114436
    ));
#196 = CARTESIAN_POINT('',(-0.996655435186,2.745847986341,5.137415875628
    ));
#197 = CARTESIAN_POINT('',(-1.133266141617,2.753698281729,5.028922888893
    ));
#198 = CARTESIAN_POINT('',(-1.2684398198,2.752048541429,4.917987557377)
  );
#199 = CARTESIAN_POINT('',(-1.401749667025,2.741335651626,4.805124417604
    ));
#200 = CARTESIAN_POINT('',(-1.532852119294,2.722033248512,4.690794064085
    ));
#201 = CARTESIAN_POINT('',(-1.66147862608,2.694620002649,4.575397792817)
  );
#202 = CARTESIAN_POINT('',(-1.787429240078,2.659555518373,4.459273661385
    ));
#203 = CARTESIAN_POINT('',(-2.045917710627,2.57077796368,4.21455362993)
  );
#204 = CARTESIAN_POINT('',(-2.177836638038,2.515572534198,4.085894919616
    ));
#205 = CARTESIAN_POINT('',(-2.306145903694,2.452214270351,3.957079474052
    ));
#206 = CARTESIAN_POINT('',(-2.430703166077,2.381235823024,3.828426138211
    ));
#207 = CARTESIAN_POINT('',(-2.551399527396,2.303130622346,3.700211540975
    ));
#208 = CARTESIAN_POINT('',(-2.668156418355,2.218347716619,3.572670673374
    ));
#209 = CARTESIAN_POINT('',(-2.780922482914,2.127286611252,3.445997466825
    ));
#210 = CARTESIAN_POINT('',(-3.004668148791,1.927722968017,3.187471945569
    ));
#211 = CARTESIAN_POINT('',(-3.115148646661,1.818538928679,3.055767590992
    ));
#212 = CARTESIAN_POINT('',(-3.221073350568,1.703157206392,2.925422574195
    ));
#213 = CARTESIAN_POINT('',(-3.322399833177,1.58195623907,2.796615523634)
  );
#214 = CARTESIAN_POINT('',(-3.419085401505,1.455280315651,2.669512289927
    ));
#215 = CARTESIAN_POINT('',(-3.511088313755,1.323441353498,2.544265629225
    ));
#216 = CARTESIAN_POINT('',(-3.598366657369,1.186717823389,2.421015709687
    ));
#217 = CARTESIAN_POINT('',(-3.680874888339,1.045350822079,2.299891441062
    ));
#218 = ORIENTED_EDGE('',*,*,#219,.T.);
#219 = EDGE_CURVE('',#136,#220,#222,.T.);
#220 = VERTEX_POINT('',#221);
#221 = CARTESIAN_POINT('',(-1.314407385406,5.56006525883,0.56647183651)
  );
#222 = B_SPLINE_CURVE_WITH_KNOTS('',6,(#223,#224,#225,#226,#227,#228,
    #229,#230,#231,#232,#233,#234,#235,#236,#237,#238,#239,#240,#241,
    #242,#243,#244,#245,#246,#247,#248,#249,#250,#251,#252,#253,#254,
    #255,#256,#257,#258,#259,#260,#261,#262,#263,#264,#265,#266,#267,
    #268,#269,#270,#271,#272,#273,#274,#275,#276,#277,#278,#279,#280,
    #281,#282,#283,#284),.UNSPECIFIED.,.F.,.F.,(7,5,5,5,5,5,5,5,5,5,5,5,
    7),(0.,0.117501925075,0.230787394058,0.384324354792,0.421119393786,
    0.434472458765,0.446118565239,0.528119756053,0.615778608203,
    0.702171056891,0.786293413265,0.892457383793,1.),.UNSPECIFIED.);
#223 = CARTESIAN_POINT('',(-3.238463953884,1.672479333447,2.89955732582)
  );
#224 = CARTESIAN_POINT('',(-3.212324985221,1.777095568854,2.872723977568
    ));
#225 = CARTESIAN_POINT('',(-3.184389399162,1.881101677347,2.846472216417
    ));
#226 = CARTESIAN_POINT('',(-3.154723309271,1.984444841246,2.820730348238
    ));
#227 = CARTESIAN_POINT('',(-3.123394116647,2.087072804906,2.795418634307
    ));
#228 = CARTESIAN_POINT('',(-3.090472283165,2.188933770586,2.770447359981
    ));
#229 = CARTESIAN_POINT('',(-3.022829746757,2.387392993482,2.721869949806
    ));
#230 = CARTESIAN_POINT('',(-2.988216138354,2.484048503404,2.698247079228
    ));
#231 = CARTESIAN_POINT('',(-2.952259729652,2.579896925902,2.674755157766
    ));
#232 = CARTESIAN_POINT('',(-2.915032632808,2.674891321888,2.651292995974
    ));
#233 = CARTESIAN_POINT('',(-2.87661342069,2.768983868245,2.627747561546)
  );
#234 = CARTESIAN_POINT('',(-2.783520971003,2.988362523409,2.571796295498
    ));
#235 = CARTESIAN_POINT('',(-2.727924552202,3.112849441848,2.53921553178)
  );
#236 = CARTESIAN_POINT('',(-2.67051310041,3.235471231942,2.505934428937)
  );
#237 = CARTESIAN_POINT('',(-2.611535175814,3.356095782118,2.471592215104
    ));
#238 = CARTESIAN_POINT('',(-2.551280377202,3.474578632401,2.435781680935
    ));
#239 = CARTESIAN_POINT('',(-2.475419877095,3.618611718713,2.389005198495
    ));
#240 = CARTESIAN_POINT('',(-2.460700600644,3.646324256676,2.37985199554)
  );
#241 = CARTESIAN_POINT('',(-2.445932099702,3.673902607555,2.370582220662
    ));
#242 = CARTESIAN_POINT('',(-2.431119225937,3.701344490431,2.361189551826
    ));
#243 = CARTESIAN_POINT('',(-2.416267005242,3.728647549279,2.351667557477
    ));
#244 = CARTESIAN_POINT('',(-2.395978316177,3.765666478807,2.338504820655
    ));
#245 = CARTESIAN_POINT('',(-2.390571497718,3.775505001036,2.334982051859
    ));
#246 = CARTESIAN_POINT('',(-2.38516043101,3.785324803251,2.331441078009)
  );
#247 = CARTESIAN_POINT('',(-2.379745367781,3.795125767586,2.327881585579
    ));
#248 = CARTESIAN_POINT('',(-2.374326562832,3.804907774714,2.324303259656
    ));
#249 = CARTESIAN_POINT('',(-2.364175131134,3.823185611277,2.317568183298
    ));
#250 = CARTESIAN_POINT('',(-2.359443359233,3.831685968992,2.31441603018)
  );
#251 = CARTESIAN_POINT('',(-2.354708993323,3.840171939339,2.311249022703
    ));
#252 = CARTESIAN_POINT('',(-2.349972591619,3.848642754184,2.308067210743
    ));
#253 = CARTESIAN_POINT('',(-2.34523375953,3.857099347884,2.304869999542)
  );
#254 = CARTESIAN_POINT('',(-2.307112143799,3.924981174785,2.279036661503
    ));
#255 = CARTESIAN_POINT('',(-2.273629516085,3.98369425909,2.255648590302)
  );
#256 = CARTESIAN_POINT('',(-2.240107254878,4.041649760835,2.23141942212)
  );
#257 = CARTESIAN_POINT('',(-2.206612676098,4.098814128877,2.206274201511
    ));
#258 = CARTESIAN_POINT('',(-2.173216919073,4.155151701806,2.180138809646
    ));
#259 = CARTESIAN_POINT('',(-2.104478226521,4.269926564196,2.123868878265
    ));
#260 = CARTESIAN_POINT('',(-2.069160074717,4.328240281973,2.093582963024
    ));
#261 = CARTESIAN_POINT('',(-2.034129350132,4.385520866048,2.061997769053
    ));
#262 = CARTESIAN_POINT('',(-1.999480230527,4.441719618456,2.029031341831
    ));
#263 = CARTESIAN_POINT('',(-1.96530752225,4.496786195345,1.994610801021)
  );
#264 = CARTESIAN_POINT('',(-1.898584412708,4.603775228879,1.923261979525
    ));
#265 = CARTESIAN_POINT('',(-1.866017439393,4.655731997892,1.886376885459
    ));
#266 = CARTESIAN_POINT('',(-1.834090949921,4.706490781902,1.847965279846
    ));
#267 = CARTESIAN_POINT('',(-1.802889739501,4.756003236409,1.807983354293
    ));
#268 = CARTESIAN_POINT('',(-1.772491500368,4.804222975642,1.766403139279
    ));
#269 = CARTESIAN_POINT('',(-1.714211522473,4.896757912238,1.681163453951
    ));
#270 = CARTESIAN_POINT('',(-1.686283963601,4.941143207566,1.637586555369
    ));
#271 = CARTESIAN_POINT('',(-1.659243933846,4.984221793373,1.592477084258
    ));
#272 = CARTESIAN_POINT('',(-1.633142368742,5.025958447421,1.545841644498
    ));
#273 = CARTESIAN_POINT('',(-1.608018094733,5.066323228385,1.497701555319
    ));
#274 = CARTESIAN_POINT('',(-1.553457607674,5.154470125307,1.38548574875)
  );
#275 = CARTESIAN_POINT('',(-1.524615177188,5.201426133242,1.320537358596
    ));
#276 = CARTESIAN_POINT('',(-1.497424569872,5.246108937983,1.253320267587
    ));
#277 = CARTESIAN_POINT('',(-1.471902604073,5.288488321783,1.183933697766
    ));
#278 = CARTESIAN_POINT('',(-1.448036062525,5.328549551906,1.112496709347
    ));
#279 = CARTESIAN_POINT('',(-1.403252776455,5.404517569886,0.964833505602
    ));
#280 = CARTESIAN_POINT('',(-1.382377834782,5.440364700277,0.888555041026
    ));
#281 = CARTESIAN_POINT('',(-1.363125713514,5.473827409171,0.810440452363
    ));
#282 = CARTESIAN_POINT('',(-1.345433546051,5.504917167483,0.730629884995
    ));
#283 = CARTESIAN_POINT('',(-1.329222673239,5.533654699033,0.649262841594
    ));
#284 = CARTESIAN_POINT('',(-1.314407385406,5.56006525883,0.56647183651)
  );
#285 = ORIENTED_EDGE('',*,*,#286,.F.);
#286 = EDGE_CURVE('',#287,#220,#289,.T.);
#287 = VERTEX_POINT('',#288);
#288 = CARTESIAN_POINT('',(0.790737690777,5.926948072187,2.423970041045)
  );
#289 = B_SPLINE_CURVE_WITH_KNOTS('',8,(#290,#291,#292,#293,#294,#295,
    #296,#297,#298,#299,#300,#301,#302,#303,#304,#305,#306,#307,#308,
    #309,#310,#311,#312,#313,#314,#315,#316,#317,#318,#319,#320,#321,
    #322,#323,#324,#325,#326,#327,#328,#329,#330,#331,#332,#333,#334,
    #335,#336,#337,#338,#339,#340,#341,#342,#343,#344,#345,#346,#347,
    #348,#349,#350,#351,#352,#353,#354,#355,#356,#357,#358,#359,#360,
    #361,#362,#363,#364,#365,#366,#367,#368,#369,#370,#371,#372,#373,
    #374,#375,#376,#377,#378,#379,#380,#381,#382),.UNSPECIFIED.,.F.,.F.,
  (9,7,7,7,7,7,7,7,7,7,7,7,7,9),(0.,0.144846464705,0.270030257356,
    0.344155901769,0.383965535717,0.464261981949,0.522158468027,
    0.548181356152,0.59016353752,0.670920862332,0.678571577899,
    0.79177434256,0.892736827564,1.),.UNSPECIFIED.);
#290 = CARTESIAN_POINT('',(4.125123843225,-0.97127796016,2.520010594021)
  );
#291 = CARTESIAN_POINT('',(4.16470896712,-0.725343933091,2.645898349825)
  );
#292 = CARTESIAN_POINT('',(4.196004705858,-0.475435254213,2.766534072359
    ));
#293 = CARTESIAN_POINT('',(4.218769089911,-0.221845907257,2.881608435229
    ));
#294 = CARTESIAN_POINT('',(4.232713084005,3.507880131694E-02,
    2.990754174672));
#295 = CARTESIAN_POINT('',(4.237511590183,0.294938688736,3.093553716283)
  );
#296 = CARTESIAN_POINT('',(4.232807593598,0.557277320806,3.189542034904)
  );
#297 = CARTESIAN_POINT('',(4.21820945106,0.82158281528,3.278204747659));
#298 = CARTESIAN_POINT('',(4.171737077362,1.316929411605,3.428774132662)
  );
#299 = CARTESIAN_POINT('',(4.142482598944,1.547555678354,3.492660780276)
  );
#300 = CARTESIAN_POINT('',(4.105241520863,1.778816279596,3.55027139909)
  );
#301 = CARTESIAN_POINT('',(4.059717917117,2.010254566345,3.60119073335)
  );
#302 = CARTESIAN_POINT('',(4.005609516664,2.241311395311,3.644959347604)
  );
#303 = CARTESIAN_POINT('',(3.942620989954,2.471325584337,3.68108464239)
  );
#304 = CARTESIAN_POINT('',(3.870477307246,2.699534012941,3.709051793464)
  );
#305 = CARTESIAN_POINT('',(3.74065452812,3.058619845818,3.739752721461)
  );
#306 = CARTESIAN_POINT('',(3.6890819584,3.191218120455,3.748124525918));
#307 = CARTESIAN_POINT('',(3.634173937521,3.322679444658,3.753341817593)
  );
#308 = CARTESIAN_POINT('',(3.575892661272,3.452795949056,3.755294646668)
  );
#309 = CARTESIAN_POINT('',(3.514211662994,3.581340248701,3.753874889049)
  );
#310 = CARTESIAN_POINT('',(3.449119433338,3.708067049641,3.748979811593)
  );
#311 = CARTESIAN_POINT('',(3.380623040017,3.832714755491,3.740515637321)
  );
#312 = CARTESIAN_POINT('',(3.270152740919,4.020684857037,3.721894836224)
  );
#313 = CARTESIAN_POINT('',(3.230580756745,4.08568349188,3.714336135759)
  );
#314 = CARTESIAN_POINT('',(3.190040172679,4.149959598392,3.705712074264)
  );
#315 = CARTESIAN_POINT('',(3.148537625537,4.213469128225,3.696011306075)
  );
#316 = CARTESIAN_POINT('',(3.106082011317,4.276167364835,3.685224074848)
  );
#317 = CARTESIAN_POINT('',(3.062684485197,4.33800892348,3.673342213563)
  );
#318 = CARTESIAN_POINT('',(3.018358461535,4.398947751221,3.660359144519)
  );
#319 = CARTESIAN_POINT('',(2.881872761697,4.579936711525,3.617852138562)
  );
#320 = CARTESIAN_POINT('',(2.786902302826,4.697088420107,3.584931552413)
  );
#321 = CARTESIAN_POINT('',(2.688352772816,4.809995284302,3.547475010895)
  );
#322 = CARTESIAN_POINT('',(2.586400002172,4.918276373597,3.505481044877)
  );
#323 = CARTESIAN_POINT('',(2.481254571433,5.021572668401,3.458984880457)
  );
#324 = CARTESIAN_POINT('',(2.373165266255,5.119552933103,3.408063493321)
  );
#325 = CARTESIAN_POINT('',(2.262422532499,5.211919589147,3.352840663107)
  );
#326 = CARTESIAN_POINT('',(2.067841449053,5.360780647422,3.250699774243)
  );
#327 = CARTESIAN_POINT('',(1.985105212712,5.420102753389,3.205757105857)
  );
#328 = CARTESIAN_POINT('',(1.90127495683,5.476286727252,3.158727525669)
  );
#329 = CARTESIAN_POINT('',(1.816474105931,5.529256654184,3.109682865768)
  );
#330 = CARTESIAN_POINT('',(1.730827462511,5.578953898687,3.058702657978)
  );
#331 = CARTESIAN_POINT('',(1.644460895017,5.625336119999,3.005873504579)
  );
#332 = CARTESIAN_POINT('',(1.557501025835,5.6683762875,2.951288449021));
#333 = CARTESIAN_POINT('',(1.430779278954,5.72589924025,2.869767077278)
  );
#334 = CARTESIAN_POINT('',(1.391388771383,5.743059308072,2.844152593979)
  );
#335 = CARTESIAN_POINT('',(1.351914598667,5.75954097089,2.818211684756)
  );
#336 = CARTESIAN_POINT('',(1.31236775996,5.775343882695,2.79195319373));
#337 = CARTESIAN_POINT('',(1.272759051462,5.790468280169,2.765386021127)
  );
#338 = CARTESIAN_POINT('',(1.233099066408,5.804914982685,2.738519123281)
  );
#339 = CARTESIAN_POINT('',(1.193398195076,5.818685392309,2.71136151263)
  );
#340 = CARTESIAN_POINT('',(1.089568511805,5.852909130802,2.639655069079)
  );
#341 = CARTESIAN_POINT('',(1.025390204295,5.872281691355,2.594654583922)
  );
#342 = CARTESIAN_POINT('',(0.961174537319,5.889907166299,2.548958798246)
  );
#343 = CARTESIAN_POINT('',(0.896962305356,5.90579714106,2.502605410677)
  );
#344 = CARTESIAN_POINT('',(0.832792267597,5.919966358656,2.455631660509)
  );
#345 = CARTESIAN_POINT('',(0.768701153239,5.932432282711,2.408074165737)
  );
#346 = CARTESIAN_POINT('',(0.704723666785,5.943214660465,2.359968761097)
  );
#347 = CARTESIAN_POINT('',(0.518106222648,5.969879401332,2.217827524369)
  );
#348 = CARTESIAN_POINT('',(0.395862657659,5.981273296102,2.122407181587)
  );
#349 = CARTESIAN_POINT('',(0.274391124382,5.986672908768,2.025335862695)
  );
#350 = CARTESIAN_POINT('',(0.153892461046,5.986257392803,1.926845633129)
  );
#351 = CARTESIAN_POINT('',(3.454041485922E-02,5.980221696919,
    1.827152461404));
#352 = CARTESIAN_POINT('',(-8.351696123247E-02,5.968769345513,
    1.726454611686));
#353 = CARTESIAN_POINT('',(-0.200155911784,5.952105219102,1.624931036373
    ));
#354 = CARTESIAN_POINT('',(-0.326181690865,5.928374742178,1.513058464978
    ));
#355 = CARTESIAN_POINT('',(-0.337074195711,5.926276159045,1.503371142556
    ));
#356 = CARTESIAN_POINT('',(-0.347953993529,5.924132564696,1.493677061624
    ));
#357 = CARTESIAN_POINT('',(-0.358819510939,5.921944403784,1.483977675336
    ));
#358 = CARTESIAN_POINT('',(-0.36967227921,5.919711536627,1.47427168095)
  );
#359 = CARTESIAN_POINT('',(-0.380510901702,5.917434374973,1.464560374874
    ));
#360 = CARTESIAN_POINT('',(-0.391336047949,5.91511294167,1.454843219427)
  );
#361 = CARTESIAN_POINT('',(-0.562114948151,5.877746959387,1.301261487439
    ));
#362 = CARTESIAN_POINT('',(-0.719045227105,5.833103318132,1.156211481473
    ));
#363 = CARTESIAN_POINT('',(-0.872680713551,5.779350949431,1.010384050038
    ));
#364 = CARTESIAN_POINT('',(-1.022814116277,5.717010309497,0.864146399462
    ));
#365 = CARTESIAN_POINT('',(-1.169283832929,5.646578974205,0.717819745395
    ));
#366 = CARTESIAN_POINT('',(-1.311969479752,5.568522716401,0.571679565414
    ));
#367 = CARTESIAN_POINT('',(-1.450787421327,5.483266583212,0.425955851626
    ));
#368 = CARTESIAN_POINT('',(-1.705998915317,5.309061685047,0.151402547461
    ));
#369 = CARTESIAN_POINT('',(-1.823201066402,5.221504689836,
    2.244271188169E-02));
#370 = CARTESIAN_POINT('',(-1.937247966016,5.128784458188,
    -0.105907054065));
#371 = CARTESIAN_POINT('',(-2.048100705533,5.031153110559,
    -0.233519060568));
#372 = CARTESIAN_POINT('',(-2.15572586973,4.928845039239,-0.360276846723
    ));
#373 = CARTESIAN_POINT('',(-2.260095151283,4.822076530191,
    -0.486075009841));
#374 = CARTESIAN_POINT('',(-2.361184965263,4.711045384896,
    -0.610819034759));
#375 = CARTESIAN_POINT('',(-2.562869805788,4.473631658354,
    -0.865744955491));
#376 = CARTESIAN_POINT('',(-2.663034310763,4.346730534975,
    -0.995772846489));
#377 = CARTESIAN_POINT('',(-2.759444833559,4.215442825585,
    -1.124406541126));
#378 = CARTESIAN_POINT('',(-2.8520739912,4.079970449662,-1.251546857859)
  );
#379 = CARTESIAN_POINT('',(-2.940891810446,3.940501763261,
    -1.377097662629));
#380 = CARTESIAN_POINT('',(-3.025865775508,3.797211729646,
    -1.500965842868));
#381 = CARTESIAN_POINT('',(-3.106960875772,3.650262089919,
    -1.623061281514));
#382 = CARTESIAN_POINT('',(-3.184139653512,3.49980153365,-1.743296831022
    ));
#383 = ORIENTED_EDGE('',*,*,#384,.T.);
#384 = EDGE_CURVE('',#287,#385,#387,.T.);
#385 = VERTEX_POINT('',#386);
#386 = CARTESIAN_POINT('',(0.953071036451,6.451578781473,0.333938400785)
  );
#387 = B_SPLINE_CURVE_WITH_KNOTS('',4,(#388,#389,#390,#391,#392,#393,
    #394,#395,#396,#397,#398,#399,#400,#401,#402,#403,#404,#405,#406,
    #407,#408,#409,#410,#411,#412,#413),.UNSPECIFIED.,.F.,.F.,(5,3,3,3,3
    ,3,3,3,5),(0.,0.119510642106,0.238724991109,0.359963610792,
    0.483363090112,0.609068312357,0.737087151481,0.867543272479,1.),
  .UNSPECIFIED.);
#388 = CARTESIAN_POINT('',(0.790737690777,5.926948072187,2.423970041045)
  );
#389 = CARTESIAN_POINT('',(0.807728234378,5.951948788676,2.369872453335)
  );
#390 = CARTESIAN_POINT('',(0.823332614319,5.976311037742,2.314753104949)
  );
#391 = CARTESIAN_POINT('',(0.837639267976,6.000013783874,2.258706718039)
  );
#392 = CARTESIAN_POINT('',(0.863792537598,6.04600324655,2.145052515657)
  );
#393 = CARTESIAN_POINT('',(0.875645050112,6.068293305491,2.08744909774)
  );
#394 = CARTESIAN_POINT('',(0.886372752319,6.089887426878,2.029074025994)
  );
#395 = CARTESIAN_POINT('',(0.905894344046,6.132000974489,1.909897432924)
  );
#396 = CARTESIAN_POINT('',(0.914652273598,6.152495906171,1.849071722398)
  );
#397 = CARTESIAN_POINT('',(0.922404698004,6.172232085135,1.787573474699)
  );
#398 = CARTESIAN_POINT('',(0.936162172835,6.210487942001,1.662226587671)
  );
#399 = CARTESIAN_POINT('',(0.942133630585,6.228979652423,1.598355755325)
  );
#400 = CARTESIAN_POINT('',(0.947211917597,6.246646732018,1.53389489156)
  );
#401 = CARTESIAN_POINT('',(0.955794357577,6.280609538873,1.402666634544)
  );
#402 = CARTESIAN_POINT('',(0.959267360066,6.296873461768,1.335878785641)
  );
#403 = CARTESIAN_POINT('',(0.961952579769,6.312243452701,1.268571238982)
  );
#404 = CARTESIAN_POINT('',(0.965907921592,6.341425662689,1.131747632568)
  );
#405 = CARTESIAN_POINT('',(0.967151132743,6.355203995044,1.06221383616)
  );
#406 = CARTESIAN_POINT('',(0.967707550104,6.368017486088,0.992223405136)
  );
#407 = CARTESIAN_POINT('',(0.967562458656,6.391904565227,0.850060706394)
  );
#408 = CARTESIAN_POINT('',(0.966836843572,6.402940376531,0.777872357685)
  );
#409 = CARTESIAN_POINT('',(0.965520775443,6.41293707577,0.705285391481)
  );
#410 = CARTESIAN_POINT('',(0.961790438579,6.430954417225,0.558263617322)
  );
#411 = CARTESIAN_POINT('',(0.959359678922,6.438942398483,0.483817612993)
  );
#412 = CARTESIAN_POINT('',(0.956435677051,6.445822858669,0.409031566602)
  );
#413 = CARTESIAN_POINT('',(0.953071036451,6.451578781473,0.333938400785)
  );
#414 = ORIENTED_EDGE('',*,*,#415,.F.);
#415 = EDGE_CURVE('',#416,#385,#418,.T.);
#416 = VERTEX_POINT('',#417);
#417 = CARTESIAN_POINT('',(4.19258082562,-1.101522569551,0.103357876798)
  );
#418 = B_SPLINE_CURVE_WITH_KNOTS('',6,(#419,#420,#421,#422,#423,#424,
    #425,#426,#427,#428,#429,#430,#431,#432,#433,#434,#435,#436,#437,
    #438,#439,#440,#441,#442,#443,#444,#445,#446,#447,#448,#449,#450,
    #451,#452,#453,#454,#455,#456,#457,#458,#459,#460,#461,#462,#463,
    #464,#465,#466,#467,#468,#469,#470),.UNSPECIFIED.,.F.,.F.,(7,5,5,5,5
    ,5,5,5,5,5,7),(0.,0.190615785205,0.356865529756,0.495571721666,
    0.603703789968,0.661138582935,0.696863292055,0.776206713622,
    0.874056223828,0.920281022168,1.),.UNSPECIFIED.);
#419 = CARTESIAN_POINT('',(4.19258082562,-1.101522569551,0.103357876798)
  );
#420 = CARTESIAN_POINT('',(4.278183301066,-0.838976422676,0.273119142575
    ));
#421 = CARTESIAN_POINT('',(4.352331151712,-0.568534763406,0.436537396873
    ));
#422 = CARTESIAN_POINT('',(4.414690132054,-0.290827537063,0.593100169601
    ));
#423 = CARTESIAN_POINT('',(4.464807659995,-6.515600874111E-03,
    0.742186660066));
#424 = CARTESIAN_POINT('',(4.502149646377,0.28368729116,0.883089425645)
  );
#425 = CARTESIAN_POINT('',(4.546896864866,0.836636549527,1.13001731751)
  );
#426 = CARTESIAN_POINT('',(4.557516369837,1.098106263597,1.238179628401)
  );
#427 = CARTESIAN_POINT('',(4.557470793905,1.362965983288,1.338928761897)
  );
#428 = CARTESIAN_POINT('',(4.54624219603,1.630584920747,1.431602023805)
  );
#429 = CARTESIAN_POINT('',(4.523242811988,1.900180216974,1.515421873994)
  );
#430 = CARTESIAN_POINT('',(4.458273759302,2.396609469089,1.651309149912)
  );
#431 = CARTESIAN_POINT('',(4.420082130987,2.623089991102,1.706325128549)
  );
#432 = CARTESIAN_POINT('',(4.372875069207,2.849713635299,1.754038585923)
  );
#433 = CARTESIAN_POINT('',(4.31625629355,3.075752479573,1.793849145945)
  );
#434 = CARTESIAN_POINT('',(4.249848384508,3.300294469986,1.825101756669)
  );
#435 = CARTESIAN_POINT('',(4.113684366363,3.695273767054,1.864286398846)
  );
#436 = CARTESIAN_POINT('',(4.04789766262,3.866711864432,1.875838464623)
  );
#437 = CARTESIAN_POINT('',(3.975830172707,4.036032869277,1.881459526298)
  );
#438 = CARTESIAN_POINT('',(3.897373916085,4.202601530192,1.880819736658)
  );
#439 = CARTESIAN_POINT('',(3.812492845267,4.365690716321,1.873612986331)
  );
#440 = CARTESIAN_POINT('',(3.672800533271,4.608848461072,1.852146159317)
  );
#441 = CARTESIAN_POINT('',(3.622550346507,4.6919914248,1.842777994796));
#442 = CARTESIAN_POINT('',(3.570519513641,4.773804349837,1.83145063025)
  );
#443 = CARTESIAN_POINT('',(3.51672935938,4.854161603115,1.818133660761)
  );
#444 = CARTESIAN_POINT('',(3.461212039183,4.932934068588,1.802804194407)
  );
#445 = CARTESIAN_POINT('',(3.368431027381,5.05791785456,1.77465061006));
#446 = CARTESIAN_POINT('',(3.332200091857,5.105182562219,1.763070108101)
  );
#447 = CARTESIAN_POINT('',(3.295328262628,5.151751576024,1.750701878764)
  );
#448 = CARTESIAN_POINT('',(3.257827909963,5.19759350767,1.737544072622)
  );
#449 = CARTESIAN_POINT('',(3.219713244474,5.24267727473,1.723596458437)
  );
#450 = CARTESIAN_POINT('',(3.095020208534,5.385349538103,1.676132230534)
  );
#451 = CARTESIAN_POINT('',(3.006085079727,5.479840250031,1.639513608998)
  );
#452 = CARTESIAN_POINT('',(2.914378821302,5.570100185628,1.599023700552)
  );
#453 = CARTESIAN_POINT('',(2.820118870104,5.655817329534,1.554721212727)
  );
#454 = CARTESIAN_POINT('',(2.723559819921,5.736718594041,1.506709987751)
  );
#455 = CARTESIAN_POINT('',(2.503445489165,5.906128166907,1.391552134684)
  );
#456 = CARTESIAN_POINT('',(2.378825827478,5.992025034077,1.322543201245)
  );
#457 = CARTESIAN_POINT('',(2.25170073986,6.06983225617,1.248411402095));
#458 = CARTESIAN_POINT('',(2.122640663063,6.139289915176,1.169523332392)
  );
#459 = CARTESIAN_POINT('',(1.992216726275,6.200286845922,1.086302756853)
  );
#460 = CARTESIAN_POINT('',(1.799003031987,6.2776581734,0.958073930088));
#461 = CARTESIAN_POINT('',(1.736830954628,6.30059745608,0.916067850153)
  );
#462 = CARTESIAN_POINT('',(1.674534549384,6.321654933183,0.873244235101)
  );
#463 = CARTESIAN_POINT('',(1.612168006866,6.340839076938,0.829650530724)
  );
#464 = CARTESIAN_POINT('',(1.54978262637,6.358163996953,0.785333968555)
  );
#465 = CARTESIAN_POINT('',(1.379888404491,6.400355408585,0.662747924009)
  );
#466 = CARTESIAN_POINT('',(1.272437106016,6.421589369392,0.58314312238)
  );
#467 = CARTESIAN_POINT('',(1.165320772013,6.437449561249,0.501766801021)
  );
#468 = CARTESIAN_POINT('',(1.058755023,6.448074221452,0.418847518638));
#469 = CARTESIAN_POINT('',(0.95292467517,6.453626535509,0.334598189751)
  );
#470 = CARTESIAN_POINT('',(0.847985167109,6.454279586672,0.249211521845)
  );
#471 = ORIENTED_EDGE('',*,*,#472,.F.);
#472 = EDGE_CURVE('',#473,#416,#475,.T.);
#473 = VERTEX_POINT('',#474);
#474 = CARTESIAN_POINT('',(-1.146077972602,-6.798833079821E-17,
    -6.499731169881));
#475 = ( BOUNDED_CURVE() B_SPLINE_CURVE(2,(#476,#477,#478,#479,#480),
.UNSPECIFIED.,.F.,.F.) B_SPLINE_CURVE_WITH_KNOTS((3,2,3),(4.712388980385
,6.28318530718,7.853981633974),.PIECEWISE_BEZIER_KNOTS.) CURVE() 
GEOMETRIC_REPRESENTATION_ITEM() RATIONAL_B_SPLINE_CURVE((1.,
0.707106781187,1.,0.707106781187,1.)) REPRESENTATION_ITEM('') );
#476 = CARTESIAN_POINT('',(-1.146077972602,2.039649923946E-16,
    -6.499731169881));
#477 = CARTESIAN_POINT('',(2.934789857999,-1.11033370349,-7.219298273121
    ));
#478 = CARTESIAN_POINT('',(4.0808678306,-1.11033370349,-0.71956710324));
#479 = CARTESIAN_POINT('',(5.226945803202,-1.11033370349,5.78016406664)
  );
#480 = CARTESIAN_POINT('',(1.146077972602,-3.399416539911E-16,
    6.499731169881));
#481 = ORIENTED_EDGE('',*,*,#472,.T.);
#482 = ORIENTED_EDGE('',*,*,#483,.F.);
#483 = EDGE_CURVE('',#484,#416,#486,.T.);
#484 = VERTEX_POINT('',#485);
#485 = CARTESIAN_POINT('',(3.348601570397,-2.782839738374,
    -1.225152553913));
#486 = B_SPLINE_CURVE_WITH_KNOTS('',6,(#487,#488,#489,#490,#491,#492,
    #493,#494,#495,#496,#497,#498,#499,#500,#501,#502,#503),
  .UNSPECIFIED.,.F.,.F.,(7,5,5,7),(0.,0.337472527817,0.697297960803,1.),
  .UNSPECIFIED.);
#487 = CARTESIAN_POINT('',(2.10430454499,-3.936309151049,-2.679479153066
    ));
#488 = CARTESIAN_POINT('',(2.269080645051,-3.84027472509,-2.50847102716)
  );
#489 = CARTESIAN_POINT('',(2.427873423626,-3.732895432412,-2.33802851977
    ));
#490 = CARTESIAN_POINT('',(2.580517459792,-3.615094062362,
    -2.168637767954));
#491 = CARTESIAN_POINT('',(2.726890892075,-3.487690038826,
    -2.000710029009));
#492 = CARTESIAN_POINT('',(2.86691023268,-3.351393408622,-1.834583624705
    ));
#493 = CARTESIAN_POINT('',(3.142990037354,-3.052626538866,
    -1.495601660289));
#494 = CARTESIAN_POINT('',(3.278157851628,-2.889038226393,
    -1.323049083821));
#495 = CARTESIAN_POINT('',(3.405960196835,-2.716759631082,-1.15320015935
    ));
#496 = CARTESIAN_POINT('',(3.526316149421,-2.536432487072,
    -0.986365121281));
#497 = CARTESIAN_POINT('',(3.639133775641,-2.348617677169,
    -0.822832422681));
#498 = CARTESIAN_POINT('',(3.832792033884,-1.989907146383,
    -0.528299807489));
#499 = CARTESIAN_POINT('',(3.915871880251,-1.821046197439,
    -0.396246881317));
#500 = CARTESIAN_POINT('',(3.993483785326,-1.647508026436,
    -0.266876221259));
#501 = CARTESIAN_POINT('',(4.065541888245,-1.469568409015,
    -0.140362833622));
#502 = CARTESIAN_POINT('',(4.131946533053,-1.287490358537,
    -1.688812570303E-02));
#503 = CARTESIAN_POINT('',(4.19258082562,-1.101522569551,0.103357876798)
  );
#504 = ORIENTED_EDGE('',*,*,#505,.T.);
#505 = EDGE_CURVE('',#484,#506,#508,.T.);
#506 = VERTEX_POINT('',#507);
#507 = CARTESIAN_POINT('',(3.462171457332,-3.078271808997,1.177244356696
    ));
#508 = B_SPLINE_CURVE_WITH_KNOTS('',8,(#509,#510,#511,#512,#513,#514,
    #515,#516,#517,#518,#519,#520,#521,#522,#523,#524,#525,#526,#527,
    #528,#529,#530,#531,#532,#533,#534,#535,#536,#537,#538,#539,#540,
    #541,#542,#543,#544,#545,#546,#547,#548,#549,#550,#551,#552,#553,
    #554,#555,#556,#557,#558,#559),.UNSPECIFIED.,.F.,.F.,(9,7,7,7,7,7,7,
    9),(0.,0.130909705378,0.259949934336,0.301340941711,0.478851898268,
    0.653477821714,0.826189029204,1.),.UNSPECIFIED.);
#509 = CARTESIAN_POINT('',(3.348601570397,-2.782839738374,
    -1.225152553913));
#510 = CARTESIAN_POINT('',(3.353790991556,-2.792162233215,
    -1.186116363069));
#511 = CARTESIAN_POINT('',(3.358864654457,-2.801294878908,
    -1.147051671546));
#512 = CARTESIAN_POINT('',(3.363822125681,-2.810239118646,
    -1.107960047218));
#513 = CARTESIAN_POINT('',(3.368662960027,-2.818996390092,
    -1.068843040781));
#514 = CARTESIAN_POINT('',(3.373386700503,-2.82756812538,-1.029702185749
    ));
#515 = CARTESIAN_POINT('',(3.377992878333,-2.835955751114,
    -0.990538998458));
#516 = CARTESIAN_POINT('',(3.382481012956,-2.844160688371,
    -0.951354978062));
#517 = CARTESIAN_POINT('',(3.39115781035,-2.860093433835,-0.873508084859
    ));
#518 = CARTESIAN_POINT('',(3.395349833926,-2.867826384885,
    -0.834845759406));
#519 = CARTESIAN_POINT('',(3.399426210644,-2.875384560459,
    -0.796166055961));
#520 = CARTESIAN_POINT('',(3.403386455821,-2.882769314012,
    -0.757470385625));
#521 = CARTESIAN_POINT('',(3.407230072202,-2.889981997838,
    -0.718760144814));
#522 = CARTESIAN_POINT('',(3.410956549957,-2.897023963077,-0.68003671526
    ));
#523 = CARTESIAN_POINT('',(3.414565366679,-2.903896559706,
    -0.641301464014));
#524 = CARTESIAN_POINT('',(3.419175640608,-2.912751699918,
    -0.590127647034));
#525 = CARTESIAN_POINT('',(3.420283166695,-2.914885041178,
    -0.577698098497));
#526 = CARTESIAN_POINT('',(3.421378546641,-2.91700120299,-0.565267142856
    ));
#527 = CARTESIAN_POINT('',(3.422461761283,-2.919100228035,
    -0.552834825034));
#528 = CARTESIAN_POINT('',(3.423532791309,-2.921182159021,
    -0.540401189852));
#529 = CARTESIAN_POINT('',(3.424591617255,-2.92324703868,-0.527966282033
    ));
#530 = CARTESIAN_POINT('',(3.425638219505,-2.925294909767,
    -0.515530146195));
#531 = CARTESIAN_POINT('',(3.431108566439,-2.936035628231,-0.44975369373
    ));
#532 = CARTESIAN_POINT('',(3.435319997956,-2.944434636655,
    -0.396385221781));
#533 = CARTESIAN_POINT('',(3.439305247117,-2.952526151253,
    -0.342990329226));
#534 = CARTESIAN_POINT('',(3.443062486971,-2.960313207553,
    -0.289573697716));
#535 = CARTESIAN_POINT('',(3.446590037956,-2.967799260734,
    -0.236137541283));
#536 = CARTESIAN_POINT('',(3.449885968946,-2.974987411597,
    -0.182686395023));
#537 = CARTESIAN_POINT('',(3.452948417607,-2.98188104846,-0.129223199068
    ));
#538 = CARTESIAN_POINT('',(3.458556433591,-2.994978607071,
    -2.314904253374E-02));
#539 = CARTESIAN_POINT('',(3.461109591185,-3.0011919266,
    2.946166302559E-02));
#540 = CARTESIAN_POINT('',(3.463433001151,-3.007126606563,
    8.207723142118E-02));
#541 = CARTESIAN_POINT('',(3.465524726314,-3.01278585869,0.134694370361)
  );
#542 = CARTESIAN_POINT('',(3.46738276259,-3.018172939931,0.187309788834)
  );
#543 = CARTESIAN_POINT('',(3.469005038994,-3.023291152454,0.239920197106
    ));
#544 = CARTESIAN_POINT('',(3.470389417633,-3.028143843646,0.292522306725
    ));
#545 = CARTESIAN_POINT('',(3.472665423182,-3.03727463457,0.397126716471)
  );
#546 = CARTESIAN_POINT('',(3.473562279486,-3.041558462989,0.449129256401
    ));
#547 = CARTESIAN_POINT('',(3.474222130308,-3.045589171776,0.501117270399
    ));
#548 = CARTESIAN_POINT('',(3.474642765548,-3.049370108582,0.553087559861
    ));
#549 = CARTESIAN_POINT('',(3.47482189732,-3.05290468831,0.605036907483)
  );
#550 = CARTESIAN_POINT('',(3.474757159951,-3.056196393111,0.656962077264
    ));
#551 = CARTESIAN_POINT('',(3.474446109984,-3.059248772387,0.708859814504
    ));
#552 = CARTESIAN_POINT('',(3.473322777228,-3.064900048741,0.812924147847
    ));
#553 = CARTESIAN_POINT('',(3.472507307128,-3.067495949664,0.865090336781
    ));
#554 = CARTESIAN_POINT('',(3.471437247386,-3.069856828925,0.917222077786
    ));
#555 = CARTESIAN_POINT('',(3.470109933092,-3.071986469759,0.969315993351
    ));
#556 = CARTESIAN_POINT('',(3.468522602909,-3.073888755273,1.021368663269
    ));
#557 = CARTESIAN_POINT('',(3.466672399079,-3.075567668442,1.073376624642
    ));
#558 = CARTESIAN_POINT('',(3.464556367422,-3.077027292112,1.125336371878
    ));
#559 = CARTESIAN_POINT('',(3.462171457332,-3.078271808997,1.177244356696
    ));
#560 = ORIENTED_EDGE('',*,*,#561,.F.);
#561 = EDGE_CURVE('',#562,#506,#564,.T.);
#562 = VERTEX_POINT('',#563);
#563 = CARTESIAN_POINT('',(2.887552117167,-4.014303257688,0.352144734534
    ));
#564 = B_SPLINE_CURVE_WITH_KNOTS('',6,(#565,#566,#567,#568,#569,#570,
    #571,#572,#573,#574,#575,#576,#577,#578,#579,#580,#581,#582,#583,
    #584,#585,#586),.UNSPECIFIED.,.F.,.F.,(7,5,5,5,7),(0.,0.281532466694
    ,0.49189679846,0.719544386581,1.),.UNSPECIFIED.);
#565 = CARTESIAN_POINT('',(0.99706261974,-5.466815677388,-1.743296831022
    ));
#566 = CARTESIAN_POINT('',(1.233771608392,-5.384771041244,
    -1.518911856189));
#567 = CARTESIAN_POINT('',(1.461798920396,-5.280933110203,
    -1.293318563208));
#568 = CARTESIAN_POINT('',(1.680483887243,-5.15750277159,-1.067893583596
    ));
#569 = CARTESIAN_POINT('',(1.889384297406,-5.016428736732,
    -0.843739318711));
#570 = CARTESIAN_POINT('',(2.0882648965,-4.859394373436,-0.621688313516)
  );
#571 = CARTESIAN_POINT('',(2.418080151231,-4.559413500802,
    -0.238393939547));
#572 = CARTESIAN_POINT('',(2.553488637243,-4.42293517894,
    -7.596105314834E-02));
#573 = CARTESIAN_POINT('',(2.683192606603,-4.278830517347,
    8.471873088895E-02));
#574 = CARTESIAN_POINT('',(2.807131115727,-4.12760218075,0.24340440237)
  );
#575 = CARTESIAN_POINT('',(2.925246493047,-3.969693859008,0.399880062749
    ));
#576 = CARTESIAN_POINT('',(3.158942951772,-3.627797094552,0.720687483769
    ));
#577 = CARTESIAN_POINT('',(3.27351138412,-3.44274238238,0.884598623559)
  );
#578 = CARTESIAN_POINT('',(3.381117883301,-3.250815713027,1.045443491721
    ));
#579 = CARTESIAN_POINT('',(3.481669763836,-3.052464052742,1.202976370089
    ));
#580 = CARTESIAN_POINT('',(3.575054504003,-2.848094832684,1.356950397443
    ));
#581 = CARTESIAN_POINT('',(3.767197185647,-2.379343792121,1.692119642863
    ));
#582 = CARTESIAN_POINT('',(3.862165189498,-2.112063491401,1.871325058646
    ));
#583 = CARTESIAN_POINT('',(3.945807183177,-1.836916866111,2.044281311289
    ));
#584 = CARTESIAN_POINT('',(4.017790034702,-1.554588491334,2.210456051255
    ));
#585 = CARTESIAN_POINT('',(4.077719190852,-1.265793374236,2.369255226416
    ));
#586 = CARTESIAN_POINT('',(4.125123843225,-0.97127796016,2.520010594021)
  );
#587 = ORIENTED_EDGE('',*,*,#588,.T.);
#588 = EDGE_CURVE('',#562,#589,#591,.T.);
#589 = VERTEX_POINT('',#590);
#590 = CARTESIAN_POINT('',(1.687752511305,-3.517818254804,4.944513391091
    ));
#591 = B_SPLINE_CURVE_WITH_KNOTS('',5,(#592,#593,#594,#595,#596,#597,
    #598,#599,#600,#601,#602,#603,#604,#605,#606,#607,#608,#609,#610,
    #611,#612,#613,#614,#615,#616,#617,#618,#619,#620,#621),
  .UNSPECIFIED.,.F.,.F.,(6,4,4,4,4,4,4,6),(0.,3.766508921195E-02,
    0.231741355363,0.420150528599,0.602874092002,0.778806027128,
    0.889805605397,1.),.UNSPECIFIED.);
#592 = CARTESIAN_POINT('',(2.887552117167,-4.014303257688,0.352144734534
    ));
#593 = CARTESIAN_POINT('',(2.889578446866,-4.015029107539,0.391050063275
    ));
#594 = CARTESIAN_POINT('',(2.891457360691,-4.015605242435,0.429940825918
    ));
#595 = CARTESIAN_POINT('',(2.893187645429,-4.016033184265,0.468815398173
    ));
#596 = CARTESIAN_POINT('',(2.894768035126,-4.016314482424,0.507672140827
    ));
#597 = CARTESIAN_POINT('',(2.903561301788,-4.017152670952,0.746625484829
    ));
#598 = CARTESIAN_POINT('',(2.906910663588,-4.01400305778,0.946223021666)
  );
#599 = CARTESIAN_POINT('',(2.906064556355,-4.00721806313,1.14507894634)
  );
#600 = CARTESIAN_POINT('',(2.900804462333,-3.997034005815,1.342950471672
    ));
#601 = CARTESIAN_POINT('',(2.881189727834,-3.970827286631,1.730436845038
    ));
#602 = CARTESIAN_POINT('',(2.867105356243,-3.95498406141,1.920120384786)
  );
#603 = CARTESIAN_POINT('',(2.848342848343,-3.936468491066,2.108367411123
    ));
#604 = CARTESIAN_POINT('',(2.82459442664,-3.915587517568,2.294880671821)
  );
#605 = CARTESIAN_POINT('',(2.767223304435,-3.87056750589,2.658150091331)
  );
#606 = CARTESIAN_POINT('',(2.733921427039,-3.84654689548,2.835023172426)
  );
#607 = CARTESIAN_POINT('',(2.69520569406,-3.821026702684,3.009593830169)
  );
#608 = CARTESIAN_POINT('',(2.650650795768,-3.79444637856,3.181432882399)
  );
#609 = CARTESIAN_POINT('',(2.550711661337,-3.741283808176,3.512282234914
    ));
#610 = CARTESIAN_POINT('',(2.495795676826,-3.714741180315,3.67151748233)
  );
#611 = CARTESIAN_POINT('',(2.434519297184,-3.688223230306,3.827217595281
    ));
#612 = CARTESIAN_POINT('',(2.366353208299,-3.662346968927,3.978701150621
    ));
#613 = CARTESIAN_POINT('',(2.243024915105,-3.622304751438,4.217480337304
    ));
#614 = CARTESIAN_POINT('',(2.19235121916,-3.60734222329,4.307826606915)
  );
#615 = CARTESIAN_POINT('',(2.138574939714,-3.593077717827,4.395928220222
    ));
#616 = CARTESIAN_POINT('',(2.081562628234,-3.579693899156,4.481519193206
    ));
#617 = CARTESIAN_POINT('',(1.961283054793,-3.555102615263,4.646489438008
    ));
#618 = CARTESIAN_POINT('',(1.898064981774,-3.543880197784,4.725908135872
    ));
#619 = CARTESIAN_POINT('',(1.831444084192,-3.533844801836,4.802270174364
    ));
#620 = CARTESIAN_POINT('',(1.761345111618,-3.525136004715,4.875247621748
    ));
#621 = CARTESIAN_POINT('',(1.687752511305,-3.517818254804,4.944513391091
    ));
#622 = ORIENTED_EDGE('',*,*,#623,.T.);
#623 = EDGE_CURVE('',#589,#22,#624,.T.);
#624 = B_SPLINE_CURVE_WITH_KNOTS('',8,(#625,#626,#627,#628,#629,#630,
    #631,#632,#633,#634,#635,#636,#637,#638,#639,#640,#641,#642,#643,
    #644,#645,#646,#647,#648,#649,#650,#651,#652,#653,#654),
  .UNSPECIFIED.,.F.,.F.,(9,7,7,7,9),(0.,0.419395016838,0.783558581099,
    0.876293834309,1.),.UNSPECIFIED.);
#625 = CARTESIAN_POINT('',(1.684784648606,-3.527266845014,4.938496041425
    ));
#626 = CARTESIAN_POINT('',(1.735284128093,-3.36697452219,5.040701385617)
  );
#627 = CARTESIAN_POINT('',(1.780945829509,-3.203480336039,5.140177289989
    ));
#628 = CARTESIAN_POINT('',(1.821682335785,-3.036958330983,5.236786189798
    ));
#629 = CARTESIAN_POINT('',(1.857386838213,-2.867591682877,5.330371221134
    ));
#630 = CARTESIAN_POINT('',(1.887936762855,-2.69557623455,5.420757834846)
  );
#631 = CARTESIAN_POINT('',(1.913195376688,-2.521121966426,5.507754547618
    ));
#632 = CARTESIAN_POINT('',(1.933012448249,-2.344456104785,5.591152298311
    ));
#633 = CARTESIAN_POINT('',(1.959565920933,-2.010730661947,5.739812684731
    ));
#634 = CARTESIAN_POINT('',(1.967674037671,-1.854244699894,5.805976421973
    ));
#635 = CARTESIAN_POINT('',(1.971457850479,-1.696458758362,5.869106017947
    ));
#636 = CARTESIAN_POINT('',(1.970800983759,-1.537551175816,5.92903864252)
  );
#637 = CARTESIAN_POINT('',(1.965577882423,-1.377802117764,5.985565226697
    ));
#638 = CARTESIAN_POINT('',(1.955683107227,-1.217624331006,6.038442666145
    ));
#639 = CARTESIAN_POINT('',(1.941049070238,-1.057581935084,6.087401143349
    ));
#640 = CARTESIAN_POINT('',(1.916840706448,-0.858063643265,6.143568208123
    ));
#641 = CARTESIAN_POINT('',(1.911626494198,-0.817646782859,6.154692900092
    ));
#642 = CARTESIAN_POINT('',(1.906113577812,-0.777326239438,6.16553718535)
  );
#643 = CARTESIAN_POINT('',(1.900305167226,-0.737124813343,6.176095007196
    ));
#644 = CARTESIAN_POINT('',(1.894206067314,-0.697070604371,6.186359593877
    ));
#645 = CARTESIAN_POINT('',(1.88782308181,-0.657197115817,6.196323748619)
  );
#646 = CARTESIAN_POINT('',(1.881165417236,-0.617543358498,6.205980139663
    ));
#647 = CARTESIAN_POINT('',(1.865013589067,-0.525609621368,6.227782837016
    ));
#648 = CARTESIAN_POINT('',(1.855316334809,-0.47354564738,6.239681216481)
  );
#649 = CARTESIAN_POINT('',(1.845181526459,-0.42206198136,6.251001709943)
  );
#650 = CARTESIAN_POINT('',(1.834648935227,-0.371297544616,6.261723909094
    ));
#651 = CARTESIAN_POINT('',(1.823774550395,-0.321427858446,6.27182671298)
  );
#652 = CARTESIAN_POINT('',(1.812631753836,-0.272656359881,6.281292591056
    ));
#653 = CARTESIAN_POINT('',(1.801309019788,-0.225199405942,6.290111412393
    ));
#654 = CARTESIAN_POINT('',(1.789904139878,-0.179264966415,6.298283841024
    ));
#655 = FACE_BOUND('',#656,.T.);
#656 = EDGE_LOOP('',(#657,#696));
#657 = ORIENTED_EDGE('',*,*,#658,.F.);
#658 = EDGE_CURVE('',#659,#661,#663,.T.);
#659 = VERTEX_POINT('',#660);
#660 = CARTESIAN_POINT('',(-0.599266863199,4.278928600983,
    -4.887327149684));
#661 = VERTEX_POINT('',#662);
#662 = CARTESIAN_POINT('',(-2.282244747823,3.926188521895,-3.73873174814
    ));
#663 = B_SPLINE_CURVE_WITH_KNOTS('',6,(#664,#665,#666,#667,#668,#669,
    #670,#671,#672,#673,#674,#675,#676,#677,#678,#679,#680,#681,#682,
    #683,#684,#685,#686,#687,#688,#689,#690,#691,#692,#693,#694,#695),
  .UNSPECIFIED.,.F.,.F.,(7,5,5,5,5,5,7),(0.,0.226949772147,
    0.347882138007,0.358745114129,0.532902929668,0.73970912065,1.),
  .UNSPECIFIED.);
#664 = CARTESIAN_POINT('',(-0.494775840081,4.312973109965,
    -4.889768264256));
#665 = CARTESIAN_POINT('',(-0.577332620569,4.285657700708,
    -4.890206522672));
#666 = CARTESIAN_POINT('',(-0.660014294621,4.259088066619,
    -4.886181586845));
#667 = CARTESIAN_POINT('',(-0.742540364532,4.233375456921,
    -4.877587380988));
#668 = CARTESIAN_POINT('',(-0.824626689554,4.208622950277,
    -4.864370983484));
#669 = CARTESIAN_POINT('',(-0.90598503733,4.184924167232,-4.846540768352
    ));
#670 = CARTESIAN_POINT('',(-1.029131296039,4.150339505878,
    -4.812256490709));
#671 = CARTESIAN_POINT('',(-1.071651928399,4.13863924793,-4.799049981767
    ));
#672 = CARTESIAN_POINT('',(-1.113841703461,4.127273321762,
    -4.784566462729));
#673 = CARTESIAN_POINT('',(-1.155659746123,4.116252390443,
    -4.768821943285));
#674 = CARTESIAN_POINT('',(-1.197067135125,4.105585667144,
    -4.751836999982));
#675 = CARTESIAN_POINT('',(-1.241706190872,4.094355271506,
    -4.732001907059));
#676 = CARTESIAN_POINT('',(-1.245381762682,4.093432574742,
    -4.730357278515));
#677 = CARTESIAN_POINT('',(-1.249054804818,4.092512525904,
    -4.728702366209));
#678 = CARTESIAN_POINT('',(-1.252724043612,4.091595445438,
    -4.727037736006));
#679 = CARTESIAN_POINT('',(-1.256390258252,4.090681136731,
    -4.725363044984));
#680 = CARTESIAN_POINT('',(-1.318776806841,4.075157071406,
    -4.696670555416));
#681 = CARTESIAN_POINT('',(-1.376651339546,4.061274883392,
    -4.667109121087));
#682 = CARTESIAN_POINT('',(-1.433547664456,4.048153807543,
    -4.635061566906));
#683 = CARTESIAN_POINT('',(-1.489351034279,4.035816204878,
    -4.600615785245));
#684 = CARTESIAN_POINT('',(-1.543960109795,4.024276899881,
    -4.563877321942));
#685 = CARTESIAN_POINT('',(-1.660608749864,4.000798998104,
    -4.478761421495));
#686 = CARTESIAN_POINT('',(-1.722125475126,3.989190415523,-4.42949068527
    ));
#687 = CARTESIAN_POINT('',(-1.78169038716,3.978731184195,-4.377353765991
    ));
#688 = CARTESIAN_POINT('',(-1.839198224736,3.969418085967,
    -4.322565872995));
#689 = CARTESIAN_POINT('',(-1.894577220836,3.961235969802,
    -4.265347218076));
#690 = CARTESIAN_POINT('',(-2.014746713936,3.945258542411,
    -4.131106011864));
#691 = CARTESIAN_POINT('',(-2.078267033188,3.938110578739,
    -4.052788847948));
#692 = CARTESIAN_POINT('',(-2.138262888432,3.932670688305,
    -3.971379477718));
#693 = CARTESIAN_POINT('',(-2.194719769166,3.928873672207,-3.88727481366
    ));
#694 = CARTESIAN_POINT('',(-2.247669480636,3.926645764943,
    -3.800833688728));
#695 = CARTESIAN_POINT('',(-2.297170903618,3.925913846732,
    -3.712360611751));
#696 = ORIENTED_EDGE('',*,*,#697,.T.);
#697 = EDGE_CURVE('',#659,#661,#698,.T.);
#698 = B_SPLINE_CURVE_WITH_KNOTS('',7,(#699,#700,#701,#702,#703,#704,
    #705,#706,#707,#708,#709,#710,#711,#712,#713,#714,#715,#716,#717,
    #718,#719,#720,#721,#722,#723,#724,#725,#726,#727,#728,#729,#730,
    #731,#732,#733,#734,#735,#736,#737,#738,#739,#740,#741,#742,#743,
    #744,#745,#746,#747,#748,#749,#750,#751,#752,#753,#754,#755,#756,
    #757,#758,#759,#760,#761,#762,#763,#764,#765,#766,#767,#768,#769,
    #770,#771,#772,#773,#774,#775,#776,#777,#778),.UNSPECIFIED.,.F.,.F.,
  (8,6,6,6,6,6,6,6,6,6,6,6,6,8),(0.,0.235734748316,0.244663943629,
    0.376144807847,0.401790402127,0.415002661763,0.428132800825,
    0.455189453354,0.511953007998,0.57869382804,0.611237892163,
    0.674170361879,0.831857906952,1.),.UNSPECIFIED.);
#699 = CARTESIAN_POINT('',(-0.375515942068,3.812625302001,
    -5.348829710721));
#700 = CARTESIAN_POINT('',(-0.417525339829,3.929444816335,
    -5.252756634902));
#701 = CARTESIAN_POINT('',(-0.463344441783,4.040453861172,
    -5.152642580817));
#702 = CARTESIAN_POINT('',(-0.513250253766,4.14503056742,-5.048747870356
    ));
#703 = CARTESIAN_POINT('',(-0.567543361981,4.242271689271,
    -4.941556903787));
#704 = CARTESIAN_POINT('',(-0.626547166066,4.331040306898,
    -4.831856798802));
#705 = CARTESIAN_POINT('',(-0.69057445256,4.410020349145,-4.720813815399
    ));
#706 = CARTESIAN_POINT('',(-0.762485766451,4.480344467995,
    -4.605851946416));
#707 = CARTESIAN_POINT('',(-0.765117892265,4.482895036621,
    -4.601656517343));
#708 = CARTESIAN_POINT('',(-0.767758827845,4.485430620012,
    -4.597459587994));
#709 = CARTESIAN_POINT('',(-0.77040928425,4.487951771571,-4.59326015814)
  );
#710 = CARTESIAN_POINT('',(-0.773069541958,4.490458620167,
    -4.589057918711));
#711 = CARTESIAN_POINT('',(-0.775739450865,4.492950870135,
    -4.584853251795));
#712 = CARTESIAN_POINT('',(-0.81786594126,4.531900185965,-4.518714293073
    ));
#713 = CARTESIAN_POINT('',(-0.859343133108,4.565114080702,
    -4.456386150559));
#714 = CARTESIAN_POINT('',(-0.903006809802,4.594751354858,-4.39386771597
    ));
#715 = CARTESIAN_POINT('',(-0.948998828082,4.620407611471,
    -4.331469768346));
#716 = CARTESIAN_POINT('',(-0.997442741777,4.641607749697,-4.26962317792
    ));
#717 = CARTESIAN_POINT('',(-1.048428732249,4.657831339911,
    -4.208880771191));
#718 = CARTESIAN_POINT('',(-1.112433433497,4.670638079719,
    -4.138403857098));
#719 = CARTESIAN_POINT('',(-1.122976857702,4.672518645523,
    -4.126969277385));
#720 = CARTESIAN_POINT('',(-1.133616977259,4.674185544008,
    -4.115608378371));
#721 = CARTESIAN_POINT('',(-1.144353453527,4.675634877337,
    -4.104326647458));
#722 = CARTESIAN_POINT('',(-1.155185729561,4.676862814666,
    -4.093129777991));
#723 = CARTESIAN_POINT('',(-1.166113030108,4.677865592148,
    -4.082023669261));
#724 = CARTESIAN_POINT('',(-1.182812400952,4.679038226344,-4.06534261511
    ));
#725 = CARTESIAN_POINT('',(-1.188515092273,4.67937618425,-4.059696810793
    ));
#726 = CARTESIAN_POINT('',(-1.194244759157,4.679653046641,
    -4.054075395997));
#727 = CARTESIAN_POINT('',(-1.199998532079,4.679868079427,
    -4.048481967639));
#728 = CARTESIAN_POINT('',(-1.20577839463,4.680020944558,-4.042915232886
    ));
#729 = CARTESIAN_POINT('',(-1.211583049109,4.680111050643,
    -4.037377197544));
#730 = CARTESIAN_POINT('',(-1.223206033612,4.680164663487,
    -4.026393811651));
#731 = CARTESIAN_POINT('',(-1.229024000325,4.680128950199,-4.02094815239
    ));
#732 = CARTESIAN_POINT('',(-1.234866366316,4.680030320852,
    -4.015532277696));
#733 = CARTESIAN_POINT('',(-1.240732918014,4.679868310573,
    -4.010147067388));
#734 = CARTESIAN_POINT('',(-1.246623420369,4.679642469536,
    -4.004793410267));
#735 = CARTESIAN_POINT('',(-1.252537616864,4.679352362957,
    -3.999472204105));
#736 = CARTESIAN_POINT('',(-1.270710585229,4.678266468404,
    -3.983287938063));
#737 = CARTESIAN_POINT('',(-1.283045380389,4.677260732418,
    -3.972533112387));
#738 = CARTESIAN_POINT('',(-1.295477177729,4.675976623254,
    -3.961927899313));
#739 = CARTESIAN_POINT('',(-1.308003113747,4.674410832618,
    -3.951480330142));
#740 = CARTESIAN_POINT('',(-1.320619898702,4.672560483805,
    -3.941198446786));
#741 = CARTESIAN_POINT('',(-1.333323816608,4.670423131703,
    -3.931090301767));
#742 = CARTESIAN_POINT('',(-1.372937044056,4.662906357598,
    -3.900338967259));
#743 = CARTESIAN_POINT('',(-1.40013069043,4.65654362155,-3.880312377687)
  );
#744 = CARTESIAN_POINT('',(-1.427650161103,4.648891076222,
    -3.861160497589));
#745 = CARTESIAN_POINT('',(-1.455448388815,4.639941852214,
    -3.842954489912));
#746 = CARTESIAN_POINT('',(-1.483472352607,4.629701398254,
    -3.825758135421));
#747 = CARTESIAN_POINT('',(-1.511662688112,4.6181891903,-3.809625595656)
  );
#748 = CARTESIAN_POINT('',(-1.573216515876,4.590450857769,
    -3.776931579428));
#749 = CARTESIAN_POINT('',(-1.606624760323,4.57374890366,-3.760789674245
    ));
#750 = CARTESIAN_POINT('',(-1.64006879042,4.55539188737,-3.746244464055)
  );
#751 = CARTESIAN_POINT('',(-1.673445683688,4.535458799243,
    -3.733333160996));
#752 = CARTESIAN_POINT('',(-1.706659198078,4.51404563327,-3.722063591018
    ));
#753 = CARTESIAN_POINT('',(-1.739620134096,4.491260709458,
    -3.712418599271));
#754 = CARTESIAN_POINT('',(-1.788156015289,4.455497297638,
    -3.700431154836));
#755 = CARTESIAN_POINT('',(-1.803986970731,4.443475102751,-3.6968789877)
  );
#756 = CARTESIAN_POINT('',(-1.81973093799,4.431166363398,-3.693699230047
    ));
#757 = CARTESIAN_POINT('',(-1.835380083779,4.418583858089,
    -3.690886334712));
#758 = CARTESIAN_POINT('',(-1.850927366795,4.405740191966,
    -3.688433931397));
#759 = CARTESIAN_POINT('',(-1.866366537722,4.392647796807,
    -3.686334826673));
#760 = CARTESIAN_POINT('',(-1.911328202777,4.353544078847,
    -3.681189528554));
#761 = CARTESIAN_POINT('',(-1.940538684647,4.326885374073,
    -3.679089776993));
#762 = CARTESIAN_POINT('',(-1.969285706011,4.29942910356,-3.678224818763
    ));
#763 = CARTESIAN_POINT('',(-1.997540871905,4.271256231527,
    -3.678531673539));
#764 = CARTESIAN_POINT('',(-2.025284263257,4.242440918706,
    -3.679944532749));
#765 = CARTESIAN_POINT('',(-2.052503428909,4.213049041483,
    -3.682397981132));
#766 = CARTESIAN_POINT('',(-2.146065882314,4.108186498919,
    -3.694430247093));
#767 = CARTESIAN_POINT('',(-2.209554557186,4.030031987388,
    -3.709167715736));
#768 = CARTESIAN_POINT('',(-2.269658059099,3.94947427189,-3.729057312638
    ));
#769 = CARTESIAN_POINT('',(-2.326421190761,3.867129305564,
    -3.753257431205));
#770 = CARTESIAN_POINT('',(-2.379935084599,3.783449103818,
    -3.781079179049));
#771 = CARTESIAN_POINT('',(-2.430327850733,3.698729593844,
    -3.811988742459));
#772 = CARTESIAN_POINT('',(-2.528305222859,3.521803794925,
    -3.881446073084));
#773 = CARTESIAN_POINT('',(-2.575439593601,3.429550890372,
    -3.920333956563));
#774 = CARTESIAN_POINT('',(-2.619293015452,3.336586004938,
    -3.961765628177));
#775 = CARTESIAN_POINT('',(-2.659962701404,3.243107622029,
    -4.005358083938));
#776 = CARTESIAN_POINT('',(-2.697521842872,3.149281017212,
    -4.050809536957));
#777 = CARTESIAN_POINT('',(-2.732029595817,3.05524190812,-4.097878631115
    ));
#778 = CARTESIAN_POINT('',(-2.763527073457,2.961095835986,-4.14637977574
    ));
#779 = ( BOUNDED_SURFACE() B_SPLINE_SURFACE(2,2,(
    (#780,#781,#782,#783,#784)
    ,(#785,#786,#787,#788,#789)
    ,(#790,#791,#792,#793,#794)
    ,(#795,#796,#797,#798,#799)
    ,(#800,#801,#802,#803,#804)
    ,(#805,#806,#807,#808,#809)
    ,(#810,#811,#812,#813,#814
)),.UNSPECIFIED.,.T.,.F.,.F.) B_SPLINE_SURFACE_WITH_KNOTS((1,2,2,2,2,1),
  (3,2,3),(-2.094395102393,0.,2.094395102393,4.188790204786,
    6.28318530718,8.377580409573),(-1.570796326795,0.,1.570796326795),
.UNSPECIFIED.) GEOMETRIC_REPRESENTATION_ITEM() RATIONAL_B_SPLINE_SURFACE
((
    (1.,0.707106781187,1.,0.707106781187,1.)
    ,(0.5,0.353553390593,0.5,0.353553390593,0.5)
    ,(1.,0.707106781187,1.,0.707106781187,1.)
    ,(0.5,0.353553390593,0.5,0.353553390593,0.5)
    ,(1.,0.707106781187,1.,0.707106781187,1.)
    ,(0.5,0.353553390593,0.5,0.353553390593,0.5)
,(1.,0.707106781187,1.,0.707106781187,1.
))) REPRESENTATION_ITEM('') SURFACE() );
#780 = CARTESIAN_POINT('',(-1.146077972602,-6.798833079821E-17,
    -6.499731169881));
#781 = CARTESIAN_POINT('',(2.934789857999,-1.11033370349,-7.219298273121
    ));
#782 = CARTESIAN_POINT('',(4.0808678306,-1.11033370349,-0.71956710324));
#783 = CARTESIAN_POINT('',(5.226945803202,-1.11033370349,5.78016406664)
  );
#784 = CARTESIAN_POINT('',(1.146077972602,-6.798833079821E-17,
    6.499731169881));
#785 = CARTESIAN_POINT('',(-1.146077972602,6.081400983145E-16,
    -6.499731169881));
#786 = CARTESIAN_POINT('',(5.848539629299,9.931681505849,-7.733070972834
    ));
#787 = CARTESIAN_POINT('',(6.994617601901,9.931681505849,-1.233339802953
    ));
#788 = CARTESIAN_POINT('',(8.140695574503,9.931681505849,5.266391366927)
  );
#789 = CARTESIAN_POINT('',(1.146077972602,6.081400983145E-16,
    6.499731169881));
#790 = CARTESIAN_POINT('',(-1.146077972602,3.720583799554E-16,
    -6.499731169881));
#791 = CARTESIAN_POINT('',(-1.729637002252,6.076174456414,
    -6.396833968117));
#792 = CARTESIAN_POINT('',(-0.58355902965,6.076174456414,0.102897201763)
  );
#793 = CARTESIAN_POINT('',(0.562518942952,6.076174456414,6.602628371644)
  );
#794 = CARTESIAN_POINT('',(1.146077972602,3.720583799554E-16,
    6.499731169881));
#795 = CARTESIAN_POINT('',(-1.146077972602,1.359766615964E-16,
    -6.499731169881));
#796 = CARTESIAN_POINT('',(-9.307813633803,2.22066740698,-5.0605969634)
  );
#797 = CARTESIAN_POINT('',(-8.161735661201,2.22066740698,1.43913420648)
  );
#798 = CARTESIAN_POINT('',(-7.015657688599,2.22066740698,7.938865376361)
  );
#799 = CARTESIAN_POINT('',(1.146077972602,1.359766615964E-16,
    6.499731169881));
#800 = CARTESIAN_POINT('',(-1.146077972602,-3.040700491572E-16,
    -6.499731169881));
#801 = CARTESIAN_POINT('',(-4.643386773552,-4.965840752925,
    -5.883061268404));
#802 = CARTESIAN_POINT('',(-3.49730880095,-4.965840752925,0.616669901477
    ));
#803 = CARTESIAN_POINT('',(-2.351230828349,-4.965840752925,
    7.116401071357));
#804 = CARTESIAN_POINT('',(1.146077972602,-3.040700491572E-16,
    6.499731169881));
#805 = CARTESIAN_POINT('',(-1.146077972602,-7.441167599109E-16,
    -6.499731169881));
#806 = CARTESIAN_POINT('',(2.104008669812E-02,-12.15234891282,
    -6.705525573407));
#807 = CARTESIAN_POINT('',(1.1671180593,-12.15234891282,-0.205794403527)
  );
#808 = CARTESIAN_POINT('',(2.313196031902,-12.15234891282,6.293936766354
    ));
#809 = CARTESIAN_POINT('',(1.146077972602,-7.441167599109E-16,
    6.499731169881));
#810 = CARTESIAN_POINT('',(-1.146077972602,-6.798833079821E-17,
    -6.499731169881));
#811 = CARTESIAN_POINT('',(2.934789857999,-1.11033370349,-7.219298273121
    ));
#812 = CARTESIAN_POINT('',(4.0808678306,-1.11033370349,-0.71956710324));
#813 = CARTESIAN_POINT('',(5.226945803202,-1.11033370349,5.78016406664)
  );
#814 = CARTESIAN_POINT('',(1.146077972602,-6.798833079821E-17,
    6.499731169881));
#815 = ADVANCED_FACE('',(#816),#842,.T.);
#816 = FACE_BOUND('',#817,.T.);
#817 = EDGE_LOOP('',(#818,#830,#840,#841));
#818 = ORIENTED_EDGE('',*,*,#819,.T.);
#819 = EDGE_CURVE('',#22,#820,#822,.T.);
#820 = VERTEX_POINT('',#821);
#821 = CARTESIAN_POINT('',(2.642026161751,1.553289462913,7.652936291933)
  );
#822 = ( BOUNDED_CURVE() B_SPLINE_CURVE(2,(#823,#824,#825,#826,#827,#828
,#829),.UNSPECIFIED.,.T.,.F.) B_SPLINE_CURVE_WITH_KNOTS((1,2,2,2,2,1),(
    -2.094395102393,0.,2.094395102393,4.188790204786,6.28318530718,
8.377580409573),.UNSPECIFIED.) CURVE() GEOMETRIC_REPRESENTATION_ITEM() 
RATIONAL_B_SPLINE_CURVE((1.,0.5,1.,0.5,1.,0.5,1.)) REPRESENTATION_ITEM(
  '') );
#823 = CARTESIAN_POINT('',(2.642026161751,1.553289462913,7.652936291933)
  );
#824 = CARTESIAN_POINT('',(-0.139559784106,7.518419773795,7.652936291933
    ));
#825 = CARTESIAN_POINT('',(-2.587819081866,2.745675144474,3.838891835687
    ));
#826 = CARTESIAN_POINT('',(-5.036078379627,-2.027069484847,
    2.484737944156E-02));
#827 = CARTESIAN_POINT('',(0.193766863991,-3.219455166408,3.838891835687
    ));
#828 = CARTESIAN_POINT('',(5.423612107608,-4.41184084797,7.652936291933)
  );
#829 = CARTESIAN_POINT('',(2.642026161751,1.553289462913,7.652936291933)
  );
#830 = ORIENTED_EDGE('',*,*,#831,.T.);
#831 = EDGE_CURVE('',#820,#63,#832,.T.);
#832 = ( BOUNDED_CURVE() B_SPLINE_CURVE(2,(#833,#834,#835,#836,#837,#838
,#839),.UNSPECIFIED.,.T.,.F.) B_SPLINE_CURVE_WITH_KNOTS((1,2,2,2,2,1),(
    -2.094395102393,0.,2.094395102393,4.188790204786,6.28318530718,
8.377580409573),.UNSPECIFIED.) CURVE() GEOMETRIC_REPRESENTATION_ITEM() 
RATIONAL_B_SPLINE_CURVE((1.,0.5,1.,0.5,1.,0.5,1.)) REPRESENTATION_ITEM(
  '') );
#833 = CARTESIAN_POINT('',(2.642026161751,1.553289462913,7.652936291933)
  );
#834 = CARTESIAN_POINT('',(-0.139559784106,7.518419773795,7.652936291933
    ));
#835 = CARTESIAN_POINT('',(-2.587819081866,2.745675144474,3.838891835687
    ));
#836 = CARTESIAN_POINT('',(-5.036078379627,-2.027069484847,
    2.484737944156E-02));
#837 = CARTESIAN_POINT('',(0.193766863991,-3.219455166408,3.838891835687
    ));
#838 = CARTESIAN_POINT('',(5.423612107608,-4.41184084797,7.652936291933)
  );
#839 = CARTESIAN_POINT('',(2.642026161751,1.553289462913,7.652936291933)
  );
#840 = ORIENTED_EDGE('',*,*,#62,.F.);
#841 = ORIENTED_EDGE('',*,*,#21,.F.);
#842 = B_SPLINE_SURFACE_WITH_KNOTS('',1,1,(
    (#843,#844)
    ,(#845,#846
    )),.UNSPECIFIED.,.F.,.F.,.F.,(2,2),(2,2),(-3.8,3.8),(-3.8,3.8),
  .PIECEWISE_BEZIER_KNOTS.);
#843 = CARTESIAN_POINT('',(-0.870760804553,-4.277586093,2.567543683605)
  );
#844 = CARTESIAN_POINT('',(-4.082659593782,2.610353088479,2.567543683605
    ));
#845 = CARTESIAN_POINT('',(4.247975556366,-1.890680127827,7.652936291933
    ));
#846 = CARTESIAN_POINT('',(1.036076767137,4.997259053652,7.652936291933)
  );
#847 = ADVANCED_FACE('',(#848),#876,.T.);
#848 = FACE_BOUND('',#849,.T.);
#849 = EDGE_LOOP('',(#850,#862,#872,#873,#874,#875));
#850 = ORIENTED_EDGE('',*,*,#851,.T.);
#851 = EDGE_CURVE('',#589,#852,#854,.T.);
#852 = VERTEX_POINT('',#853);
#853 = CARTESIAN_POINT('',(2.911433338642,1.678916092658,7.920588534476)
  );
#854 = ( BOUNDED_CURVE() B_SPLINE_CURVE(2,(#855,#856,#857,#858,#859,#860
,#861),.UNSPECIFIED.,.T.,.F.) B_SPLINE_CURVE_WITH_KNOTS((1,2,2,2,2,1),(
    -2.094395102393,0.,2.094395102393,4.188790204786,6.28318530718,
8.377580409573),.UNSPECIFIED.) CURVE() GEOMETRIC_REPRESENTATION_ITEM() 
RATIONAL_B_SPLINE_CURVE((1.,0.5,1.,0.5,1.,0.5,1.)) REPRESENTATION_ITEM(
  '') );
#855 = CARTESIAN_POINT('',(2.911433338642,1.678916092658,7.920588534476)
  );
#856 = CARTESIAN_POINT('',(-0.162951127832,8.271954857318,7.920588534476
    ));
#857 = CARTESIAN_POINT('',(-2.86892193062,2.99681605649,3.705065714415)
  );
#858 = CARTESIAN_POINT('',(-5.574892733408,-2.278322744339,
    -0.510457105646));
#859 = CARTESIAN_POINT('',(0.205462535854,-3.59622270817,3.705065714415)
  );
#860 = CARTESIAN_POINT('',(5.985817805115,-4.914122672001,7.920588534476
    ));
#861 = CARTESIAN_POINT('',(2.911433338642,1.678916092658,7.920588534476)
  );
#862 = ORIENTED_EDGE('',*,*,#863,.T.);
#863 = EDGE_CURVE('',#852,#136,#864,.T.);
#864 = ( BOUNDED_CURVE() B_SPLINE_CURVE(2,(#865,#866,#867,#868,#869,#870
,#871),.UNSPECIFIED.,.T.,.F.) B_SPLINE_CURVE_WITH_KNOTS((1,2,2,2,2,1),(
    -2.094395102393,0.,2.094395102393,4.188790204786,6.28318530718,
8.377580409573),.UNSPECIFIED.) CURVE() GEOMETRIC_REPRESENTATION_ITEM() 
RATIONAL_B_SPLINE_CURVE((1.,0.5,1.,0.5,1.,0.5,1.)) REPRESENTATION_ITEM(
  '') );
#865 = CARTESIAN_POINT('',(2.911433338642,1.678916092658,7.920588534476)
  );
#866 = CARTESIAN_POINT('',(-0.162951127832,8.271954857318,7.920588534476
    ));
#867 = CARTESIAN_POINT('',(-2.86892193062,2.99681605649,3.705065714415)
  );
#868 = CARTESIAN_POINT('',(-5.574892733408,-2.278322744339,
    -0.510457105646));
#869 = CARTESIAN_POINT('',(0.205462535854,-3.59622270817,3.705065714415)
  );
#870 = CARTESIAN_POINT('',(5.985817805115,-4.914122672001,7.920588534476
    ));
#871 = CARTESIAN_POINT('',(2.911433338642,1.678916092658,7.920588534476)
  );
#872 = ORIENTED_EDGE('',*,*,#135,.F.);
#873 = ORIENTED_EDGE('',*,*,#831,.F.);
#874 = ORIENTED_EDGE('',*,*,#819,.F.);
#875 = ORIENTED_EDGE('',*,*,#623,.F.);
#876 = B_SPLINE_SURFACE_WITH_KNOTS('',1,1,(
    (#877,#878)
    ,(#879,#880
    )),.UNSPECIFIED.,.F.,.F.,.F.,(2,2),(2,2),(-4.2,4.2),(-4.2,4.2),
  .PIECEWISE_BEZIER_KNOTS.);
#877 = CARTESIAN_POINT('',(-0.971120676747,-4.76573583756,2.299891441062
    ));
#878 = CARTESIAN_POINT('',(-4.521114075369,2.847249573548,2.299891441062
    ));
#879 = CARTESIAN_POINT('',(4.686430037953,-2.127576612895,7.920588534476
    ));
#880 = CARTESIAN_POINT('',(1.136436639331,5.485408798212,7.920588534476)
  );
#881 = ADVANCED_FACE('',(#882),#903,.T.);
#882 = FACE_BOUND('',#883,.T.);
#883 = EDGE_LOOP('',(#884,#891,#892,#893));
#884 = ORIENTED_EDGE('',*,*,#885,.T.);
#885 = EDGE_CURVE('',#886,#852,#888,.T.);
#886 = VERTEX_POINT('',#887);
#887 = CARTESIAN_POINT('',(6.414815162554,3.31256986659,6.018618202741)
  );
#888 = B_SPLINE_CURVE_WITH_KNOTS('',1,(#889,#890),.UNSPECIFIED.,.F.,.F.,
  (2,2),(0.,4.308131845708),.PIECEWISE_BEZIER_KNOTS.);
#889 = CARTESIAN_POINT('',(6.414815162554,3.31256986659,6.018618202741)
  );
#890 = CARTESIAN_POINT('',(2.911433338642,1.678916092658,7.920588534476)
  );
#891 = ORIENTED_EDGE('',*,*,#851,.F.);
#892 = ORIENTED_EDGE('',*,*,#588,.F.);
#893 = ORIENTED_EDGE('',*,*,#894,.T.);
#894 = EDGE_CURVE('',#562,#886,#895,.T.);
#895 = ( BOUNDED_CURVE() B_SPLINE_CURVE(2,(#896,#897,#898,#899,#900,#901
,#902),.UNSPECIFIED.,.T.,.F.) B_SPLINE_CURVE_WITH_KNOTS((1,2,2,2,2,1),(
    -2.094395102393,0.,2.094395102393,4.188790204786,6.28318530718,
8.377580409573),.UNSPECIFIED.) CURVE() GEOMETRIC_REPRESENTATION_ITEM() 
RATIONAL_B_SPLINE_CURVE((1.,0.5,1.,0.5,1.,0.5,1.)) REPRESENTATION_ITEM(
  '') );
#896 = CARTESIAN_POINT('',(6.414815162554,3.31256986659,6.018618202741)
  );
#897 = CARTESIAN_POINT('',(2.169236613614,12.417242446358,6.018618202741
    ));
#898 = CARTESIAN_POINT('',(-1.567580209283,5.1325269595,0.197181927419)
  );
#899 = CARTESIAN_POINT('',(-5.304397032181,-2.152188527359,
    -5.624254347903));
#900 = CARTESIAN_POINT('',(2.677998339656,-3.972145620269,0.197181927419
    ));
#901 = CARTESIAN_POINT('',(10.660393711494,-5.792102713178,
    6.018618202741));
#902 = CARTESIAN_POINT('',(6.414815162554,3.31256986659,6.018618202741)
  );
#903 = ( BOUNDED_SURFACE() B_SPLINE_SURFACE(2,1,(
    (#904,#905)
    ,(#906,#907)
    ,(#908,#909)
    ,(#910,#911)
    ,(#912,#913)
    ,(#914,#915)
,(#916,#917
    )),.UNSPECIFIED.,.T.,.F.,.F.) B_SPLINE_SURFACE_WITH_KNOTS((1,2,2,2,2
    ,1),(2,2),(-2.094395102393,0.,2.094395102393,4.188790204786,
    6.28318530718,8.377580409573),(0.,4.308131845708),.UNSPECIFIED.) 
GEOMETRIC_REPRESENTATION_ITEM() RATIONAL_B_SPLINE_SURFACE((
    (1.,1.)
    ,(0.5,0.5)
    ,(1.,1.)
    ,(0.5,0.5)
    ,(1.,1.)
    ,(0.5,0.5)
,(1.,1.))) REPRESENTATION_ITEM('') SURFACE() );
#904 = CARTESIAN_POINT('',(6.414815162554,3.31256986659,6.018618202741)
  );
#905 = CARTESIAN_POINT('',(2.911433338642,1.678916092658,7.920588534476)
  );
#906 = CARTESIAN_POINT('',(2.169236613614,12.417242446358,6.018618202741
    ));
#907 = CARTESIAN_POINT('',(-0.162951127832,8.271954857318,7.920588534476
    ));
#908 = CARTESIAN_POINT('',(-1.567580209283,5.1325269595,0.197181927419)
  );
#909 = CARTESIAN_POINT('',(-2.86892193062,2.99681605649,3.705065714415)
  );
#910 = CARTESIAN_POINT('',(-5.304397032181,-2.152188527359,
    -5.624254347903));
#911 = CARTESIAN_POINT('',(-5.574892733408,-2.278322744339,
    -0.510457105646));
#912 = CARTESIAN_POINT('',(2.677998339656,-3.972145620269,0.197181927419
    ));
#913 = CARTESIAN_POINT('',(0.205462535854,-3.59622270817,3.705065714415)
  );
#914 = CARTESIAN_POINT('',(10.660393711494,-5.792102713178,
    6.018618202741));
#915 = CARTESIAN_POINT('',(5.985817805115,-4.914122672001,7.920588534476
    ));
#916 = CARTESIAN_POINT('',(6.414815162554,3.31256986659,6.018618202741)
  );
#917 = CARTESIAN_POINT('',(2.911433338642,1.678916092658,7.920588534476)
  );
#918 = ADVANCED_FACE('',(#919),#956,.F.);
#919 = FACE_BOUND('',#920,.F.);
#920 = EDGE_LOOP('',(#921,#922,#932,#933,#945,#955));
#921 = ORIENTED_EDGE('',*,*,#894,.T.);
#922 = ORIENTED_EDGE('',*,*,#923,.T.);
#923 = EDGE_CURVE('',#886,#220,#924,.T.);
#924 = ( BOUNDED_CURVE() B_SPLINE_CURVE(2,(#925,#926,#927,#928,#929,#930
,#931),.UNSPECIFIED.,.T.,.F.) B_SPLINE_CURVE_WITH_KNOTS((1,2,2,2,2,1),(
    -2.094395102393,0.,2.094395102393,4.188790204786,6.28318530718,
8.377580409573),.UNSPECIFIED.) CURVE() GEOMETRIC_REPRESENTATION_ITEM() 
RATIONAL_B_SPLINE_CURVE((1.,0.5,1.,0.5,1.,0.5,1.)) REPRESENTATION_ITEM(
  '') );
#925 = CARTESIAN_POINT('',(6.414815162554,3.31256986659,6.018618202741)
  );
#926 = CARTESIAN_POINT('',(2.169236613614,12.417242446358,6.018618202741
    ));
#927 = CARTESIAN_POINT('',(-1.567580209283,5.1325269595,0.197181927419)
  );
#928 = CARTESIAN_POINT('',(-5.304397032181,-2.152188527359,
    -5.624254347903));
#929 = CARTESIAN_POINT('',(2.677998339656,-3.972145620269,0.197181927419
    ));
#930 = CARTESIAN_POINT('',(10.660393711494,-5.792102713178,
    6.018618202741));
#931 = CARTESIAN_POINT('',(6.414815162554,3.31256986659,6.018618202741)
  );
#932 = ORIENTED_EDGE('',*,*,#286,.F.);
#933 = ORIENTED_EDGE('',*,*,#934,.F.);
#934 = EDGE_CURVE('',#935,#287,#937,.T.);
#935 = VERTEX_POINT('',#936);
#936 = CARTESIAN_POINT('',(5.718072463699,2.98767341035,5.326414127197)
  );
#937 = ( BOUNDED_CURVE() B_SPLINE_CURVE(2,(#938,#939,#940,#941,#942,#943
,#944),.UNSPECIFIED.,.T.,.F.) B_SPLINE_CURVE_WITH_KNOTS((1,2,2,2,2,1),(
    -2.094395102393,0.,2.094395102393,4.188790204786,6.28318530718,
8.377580409573),.UNSPECIFIED.) CURVE() GEOMETRIC_REPRESENTATION_ITEM() 
RATIONAL_B_SPLINE_CURVE((1.,0.5,1.,0.5,1.,0.5,1.)) REPRESENTATION_ITEM(
  '') );
#938 = CARTESIAN_POINT('',(5.718072463699,2.98767341035,5.326414127197)
  );
#939 = CARTESIAN_POINT('',(2.229731468078,10.468444816557,5.326414127197
    ));
#940 = CARTESIAN_POINT('',(-0.840590083197,4.483024600839,0.54328396519)
  );
#941 = CARTESIAN_POINT('',(-3.910911634472,-1.50239561488,
    -4.239846196816));
#942 = CARTESIAN_POINT('',(2.647750912424,-2.997746805368,0.54328396519)
  );
#943 = CARTESIAN_POINT('',(9.206413459321,-4.493097995856,5.326414127197
    ));
#944 = CARTESIAN_POINT('',(5.718072463699,2.98767341035,5.326414127197)
  );
#945 = ORIENTED_EDGE('',*,*,#946,.F.);
#946 = EDGE_CURVE('',#506,#935,#947,.T.);
#947 = ( BOUNDED_CURVE() B_SPLINE_CURVE(2,(#948,#949,#950,#951,#952,#953
,#954),.UNSPECIFIED.,.T.,.F.) B_SPLINE_CURVE_WITH_KNOTS((1,2,2,2,2,1),(
    -2.094395102393,0.,2.094395102393,4.188790204786,6.28318530718,
8.377580409573),.UNSPECIFIED.) CURVE() GEOMETRIC_REPRESENTATION_ITEM() 
RATIONAL_B_SPLINE_CURVE((1.,0.5,1.,0.5,1.,0.5,1.)) REPRESENTATION_ITEM(
  '') );
#948 = CARTESIAN_POINT('',(5.718072463699,2.98767341035,5.326414127197)
  );
#949 = CARTESIAN_POINT('',(2.229731468078,10.468444816557,5.326414127197
    ));
#950 = CARTESIAN_POINT('',(-0.840590083197,4.483024600839,0.54328396519)
  );
#951 = CARTESIAN_POINT('',(-3.910911634472,-1.50239561488,
    -4.239846196816));
#952 = CARTESIAN_POINT('',(2.647750912424,-2.997746805368,0.54328396519)
  );
#953 = CARTESIAN_POINT('',(9.206413459321,-4.493097995856,5.326414127197
    ));
#954 = CARTESIAN_POINT('',(5.718072463699,2.98767341035,5.326414127197)
  );
#955 = ORIENTED_EDGE('',*,*,#561,.F.);
#956 = B_SPLINE_SURFACE_WITH_KNOTS('',1,1,(
    (#957,#958)
    ,(#959,#960
    )),.UNSPECIFIED.,.F.,.F.,.F.,(2,2),(2,2),(-5.8,5.8),(-5.8,5.8),
  .PIECEWISE_BEZIER_KNOTS.);
#957 = CARTESIAN_POINT('',(1.053192950827,-5.587187560855,
    -1.743296831022));
#958 = CARTESIAN_POINT('',(-3.849178885365,4.92598276877,-1.743296831022
    ));
#959 = CARTESIAN_POINT('',(8.86600108065,-1.944015298223,6.018618202741)
  );
#960 = CARTESIAN_POINT('',(3.963629244458,8.569155031402,6.018618202741)
  );
#961 = ADVANCED_FACE('',(#962),#983,.T.);
#962 = FACE_BOUND('',#963,.T.);
#963 = EDGE_LOOP('',(#964,#971,#972,#973));
#964 = ORIENTED_EDGE('',*,*,#965,.T.);
#965 = EDGE_CURVE('',#966,#935,#968,.T.);
#966 = VERTEX_POINT('',#967);
#967 = CARTESIAN_POINT('',(7.102293299576,3.633146186697,4.279479153066)
  );
#968 = B_SPLINE_CURVE_WITH_KNOTS('',1,(#969,#970),.UNSPECIFIED.,.F.,.F.,
  (2,2),(0.,1.851695241539),.PIECEWISE_BEZIER_KNOTS.);
#969 = CARTESIAN_POINT('',(7.102293299576,3.633146186697,4.279479153066)
  );
#970 = CARTESIAN_POINT('',(5.718072463699,2.98767341035,5.326414127197)
  );
#971 = ORIENTED_EDGE('',*,*,#946,.F.);
#972 = ORIENTED_EDGE('',*,*,#505,.F.);
#973 = ORIENTED_EDGE('',*,*,#974,.T.);
#974 = EDGE_CURVE('',#484,#966,#975,.T.);
#975 = ( BOUNDED_CURVE() B_SPLINE_CURVE(2,(#976,#977,#978,#979,#980,#981
,#982),.UNSPECIFIED.,.T.,.F.) B_SPLINE_CURVE_WITH_KNOTS((1,2,2,2,2,1),(
    -2.094395102393,0.,2.094395102393,4.188790204786,6.28318530718,
8.377580409573),.UNSPECIFIED.) CURVE() GEOMETRIC_REPRESENTATION_ITEM() 
RATIONAL_B_SPLINE_CURVE((1.,0.5,1.,0.5,1.,0.5,1.)) REPRESENTATION_ITEM(
  '') );
#976 = CARTESIAN_POINT('',(7.102293299576,3.633146186697,4.279479153066)
  );
#977 = CARTESIAN_POINT('',(3.295912531561,11.7959560858,4.279479153066)
  );
#978 = CARTESIAN_POINT('',(-5.433703379547E-02,5.264831856203,
    -0.939739576533));
#979 = CARTESIAN_POINT('',(-3.404586599152,-1.266292373394,
    -6.158958306132));
#980 = CARTESIAN_POINT('',(3.752043734219,-2.8979780429,-0.939739576533)
  );
#981 = CARTESIAN_POINT('',(10.908674067591,-4.529663712405,
    4.279479153066));
#982 = CARTESIAN_POINT('',(7.102293299576,3.633146186697,4.279479153066)
  );
#983 = ( BOUNDED_SURFACE() B_SPLINE_SURFACE(2,1,(
    (#984,#985)
    ,(#986,#987)
    ,(#988,#989)
    ,(#990,#991)
    ,(#992,#993)
    ,(#994,#995)
,(#996,#997
    )),.UNSPECIFIED.,.T.,.F.,.F.) B_SPLINE_SURFACE_WITH_KNOTS((1,2,2,2,2
    ,1),(2,2),(-2.094395102393,0.,2.094395102393,4.188790204786,
    6.28318530718,8.377580409573),(0.,1.851695241539),.UNSPECIFIED.) 
GEOMETRIC_REPRESENTATION_ITEM() RATIONAL_B_SPLINE_SURFACE((
    (1.,1.)
    ,(0.5,0.5)
    ,(1.,1.)
    ,(0.5,0.5)
    ,(1.,1.)
    ,(0.5,0.5)
,(1.,1.))) REPRESENTATION_ITEM('') SURFACE() );
#984 = CARTESIAN_POINT('',(7.102293299576,3.633146186697,4.279479153066)
  );
#985 = CARTESIAN_POINT('',(5.718072463699,2.98767341035,5.326414127197)
  );
#986 = CARTESIAN_POINT('',(3.295912531561,11.7959560858,4.279479153066)
  );
#987 = CARTESIAN_POINT('',(2.229731468078,10.468444816557,5.326414127197
    ));
#988 = CARTESIAN_POINT('',(-5.433703379547E-02,5.264831856203,
    -0.939739576533));
#989 = CARTESIAN_POINT('',(-0.840590083197,4.483024600839,0.54328396519)
  );
#990 = CARTESIAN_POINT('',(-3.404586599152,-1.266292373394,
    -6.158958306132));
#991 = CARTESIAN_POINT('',(-3.910911634472,-1.50239561488,
    -4.239846196816));
#992 = CARTESIAN_POINT('',(3.752043734219,-2.8979780429,-0.939739576533)
  );
#993 = CARTESIAN_POINT('',(2.647750912424,-2.997746805368,0.54328396519)
  );
#994 = CARTESIAN_POINT('',(10.908674067591,-4.529663712405,
    4.279479153066));
#995 = CARTESIAN_POINT('',(9.206413459321,-4.493097995856,5.326414127197
    ));
#996 = CARTESIAN_POINT('',(7.102293299576,3.633146186697,4.279479153066)
  );
#997 = CARTESIAN_POINT('',(5.718072463699,2.98767341035,5.326414127197)
  );
#998 = ADVANCED_FACE('',(#999),#1014,.F.);
#999 = FACE_BOUND('',#1000,.F.);
#1000 = EDGE_LOOP('',(#1001,#1002,#1012,#1013));
#1001 = ORIENTED_EDGE('',*,*,#974,.T.);
#1002 = ORIENTED_EDGE('',*,*,#1003,.T.);
#1003 = EDGE_CURVE('',#966,#385,#1004,.T.);
#1004 = ( BOUNDED_CURVE() B_SPLINE_CURVE(2,(#1005,#1006,#1007,#1008,
#1009,#1010,#1011),.UNSPECIFIED.,.T.,.F.) B_SPLINE_CURVE_WITH_KNOTS((1,2
    ,2,2,2,1),(-2.094395102393,0.,2.094395102393,4.188790204786,
6.28318530718,8.377580409573),.UNSPECIFIED.) CURVE() 
GEOMETRIC_REPRESENTATION_ITEM() RATIONAL_B_SPLINE_CURVE((1.,0.5,1.,0.5,
1.,0.5,1.)) REPRESENTATION_ITEM('') );
#1005 = CARTESIAN_POINT('',(7.102293299576,3.633146186697,4.279479153066
    ));
#1006 = CARTESIAN_POINT('',(3.295912531561,11.7959560858,4.279479153066)
  );
#1007 = CARTESIAN_POINT('',(-5.433703379547E-02,5.264831856203,
    -0.939739576533));
#1008 = CARTESIAN_POINT('',(-3.404586599152,-1.266292373394,
    -6.158958306132));
#1009 = CARTESIAN_POINT('',(3.752043734219,-2.8979780429,-0.939739576533
    ));
#1010 = CARTESIAN_POINT('',(10.908674067591,-4.529663712405,
    4.279479153066));
#1011 = CARTESIAN_POINT('',(7.102293299576,3.633146186697,4.279479153066
    ));
#1012 = ORIENTED_EDGE('',*,*,#415,.F.);
#1013 = ORIENTED_EDGE('',*,*,#483,.F.);
#1014 = B_SPLINE_SURFACE_WITH_KNOTS('',1,1,(
    (#1015,#1016)
    ,(#1017,#1018
    )),.UNSPECIFIED.,.F.,.F.,.F.,(2,2),(2,2),(-5.2,5.2),(-5.2,5.2),
  .PIECEWISE_BEZIER_KNOTS.);
#1015 = CARTESIAN_POINT('',(2.295321661476,-4.345946679288,
    -2.679479153066));
#1016 = CARTESIAN_POINT('',(-2.099908260628,5.079654305893,
    -2.679479153066));
#1017 = CARTESIAN_POINT('',(9.299908260628,-1.079654305893,
    4.279479153066));
#1018 = CARTESIAN_POINT('',(4.904678338524,8.345946679288,4.279479153066
    ));
#1019 = ADVANCED_FACE('',(#1020),#1026,.T.);
#1020 = FACE_BOUND('',#1021,.T.);
#1021 = EDGE_LOOP('',(#1022,#1023,#1024,#1025));
#1022 = ORIENTED_EDGE('',*,*,#934,.F.);
#1023 = ORIENTED_EDGE('',*,*,#965,.F.);
#1024 = ORIENTED_EDGE('',*,*,#1003,.T.);
#1025 = ORIENTED_EDGE('',*,*,#384,.F.);
#1026 = ( BOUNDED_SURFACE() B_SPLINE_SURFACE(2,1,(
    (#1027,#1028)
    ,(#1029,#1030)
    ,(#1031,#1032)
    ,(#1033,#1034)
    ,(#1035,#1036)
    ,(#1037,#1038)
    ,(#1039,#1040
)),.UNSPECIFIED.,.T.,.F.,.F.) B_SPLINE_SURFACE_WITH_KNOTS((1,2,2,2,2,1),
  (2,2),(-2.094395102393,0.,2.094395102393,4.188790204786,6.28318530718,
    8.377580409573),(0.,1.851695241539),.UNSPECIFIED.) 
GEOMETRIC_REPRESENTATION_ITEM() RATIONAL_B_SPLINE_SURFACE((
    (1.,1.)
    ,(0.5,0.5)
    ,(1.,1.)
    ,(0.5,0.5)
    ,(1.,1.)
    ,(0.5,0.5)
,(1.,1.))) REPRESENTATION_ITEM('') SURFACE() );
#1027 = CARTESIAN_POINT('',(7.102293299576,3.633146186697,4.279479153066
    ));
#1028 = CARTESIAN_POINT('',(5.718072463699,2.98767341035,5.326414127197)
  );
#1029 = CARTESIAN_POINT('',(3.295912531561,11.7959560858,4.279479153066)
  );
#1030 = CARTESIAN_POINT('',(2.229731468078,10.468444816557,
    5.326414127197));
#1031 = CARTESIAN_POINT('',(-5.433703379547E-02,5.264831856203,
    -0.939739576533));
#1032 = CARTESIAN_POINT('',(-0.840590083197,4.483024600839,0.54328396519
    ));
#1033 = CARTESIAN_POINT('',(-3.404586599152,-1.266292373394,
    -6.158958306132));
#1034 = CARTESIAN_POINT('',(-3.910911634472,-1.50239561488,
    -4.239846196816));
#1035 = CARTESIAN_POINT('',(3.752043734219,-2.8979780429,-0.939739576533
    ));
#1036 = CARTESIAN_POINT('',(2.647750912424,-2.997746805368,0.54328396519
    ));
#1037 = CARTESIAN_POINT('',(10.908674067591,-4.529663712405,
    4.279479153066));
#1038 = CARTESIAN_POINT('',(9.206413459321,-4.493097995856,
    5.326414127197));
#1039 = CARTESIAN_POINT('',(7.102293299576,3.633146186697,4.279479153066
    ));
#1040 = CARTESIAN_POINT('',(5.718072463699,2.98767341035,5.326414127197)
  );
#1041 = ADVANCED_FACE('',(#1042),#1048,.T.);
#1042 = FACE_BOUND('',#1043,.T.);
#1043 = EDGE_LOOP('',(#1044,#1045,#1046,#1047));
#1044 = ORIENTED_EDGE('',*,*,#863,.F.);
#1045 = ORIENTED_EDGE('',*,*,#885,.F.);
#1046 = ORIENTED_EDGE('',*,*,#923,.T.);
#1047 = ORIENTED_EDGE('',*,*,#219,.F.);
#1048 = ( BOUNDED_SURFACE() B_SPLINE_SURFACE(2,1,(
    (#1049,#1050)
    ,(#1051,#1052)
    ,(#1053,#1054)
    ,(#1055,#1056)
    ,(#1057,#1058)
    ,(#1059,#1060)
    ,(#1061,#1062
)),.UNSPECIFIED.,.T.,.F.,.F.) B_SPLINE_SURFACE_WITH_KNOTS((1,2,2,2,2,1),
  (2,2),(-2.094395102393,0.,2.094395102393,4.188790204786,6.28318530718,
    8.377580409573),(0.,4.308131845708),.UNSPECIFIED.) 
GEOMETRIC_REPRESENTATION_ITEM() RATIONAL_B_SPLINE_SURFACE((
    (1.,1.)
    ,(0.5,0.5)
    ,(1.,1.)
    ,(0.5,0.5)
    ,(1.,1.)
    ,(0.5,0.5)
,(1.,1.))) REPRESENTATION_ITEM('') SURFACE() );
#1049 = CARTESIAN_POINT('',(6.414815162554,3.31256986659,6.018618202741)
  );
#1050 = CARTESIAN_POINT('',(2.911433338642,1.678916092658,7.920588534476
    ));
#1051 = CARTESIAN_POINT('',(2.169236613614,12.417242446358,
    6.018618202741));
#1052 = CARTESIAN_POINT('',(-0.162951127832,8.271954857318,
    7.920588534476));
#1053 = CARTESIAN_POINT('',(-1.567580209283,5.1325269595,0.197181927419)
  );
#1054 = CARTESIAN_POINT('',(-2.86892193062,2.99681605649,3.705065714415)
  );
#1055 = CARTESIAN_POINT('',(-5.304397032181,-2.152188527359,
    -5.624254347903));
#1056 = CARTESIAN_POINT('',(-5.574892733408,-2.278322744339,
    -0.510457105646));
#1057 = CARTESIAN_POINT('',(2.677998339656,-3.972145620269,
    0.197181927419));
#1058 = CARTESIAN_POINT('',(0.205462535854,-3.59622270817,3.705065714415
    ));
#1059 = CARTESIAN_POINT('',(10.660393711494,-5.792102713178,
    6.018618202741));
#1060 = CARTESIAN_POINT('',(5.985817805115,-4.914122672001,
    7.920588534476));
#1061 = CARTESIAN_POINT('',(6.414815162554,3.31256986659,6.018618202741)
  );
#1062 = CARTESIAN_POINT('',(2.911433338642,1.678916092658,7.920588534476
    ));
#1063 = ADVANCED_FACE('',(#1064,#1289),#1394,.F.);
#1064 = FACE_BOUND('',#1065,.F.);
#1065 = EDGE_LOOP('',(#1066,#1178,#1288));
#1066 = ORIENTED_EDGE('',*,*,#1067,.F.);
#1067 = EDGE_CURVE('',#1068,#659,#1070,.T.);
#1068 = VERTEX_POINT('',#1069);
#1069 = CARTESIAN_POINT('',(-2.020613230022,3.431674207333,
    -7.032810453311));
#1070 = B_SPLINE_CURVE_WITH_KNOTS('',6,(#1071,#1072,#1073,#1074,#1075,
    #1076,#1077,#1078,#1079,#1080,#1081,#1082,#1083,#1084,#1085,#1086,
    #1087,#1088,#1089,#1090,#1091,#1092,#1093,#1094,#1095,#1096,#1097,
    #1098,#1099,#1100,#1101,#1102,#1103,#1104,#1105,#1106,#1107,#1108,
    #1109,#1110,#1111,#1112,#1113,#1114,#1115,#1116,#1117,#1118,#1119,
    #1120,#1121,#1122,#1123,#1124,#1125,#1126,#1127,#1128,#1129,#1130,
    #1131,#1132,#1133,#1134,#1135,#1136,#1137,#1138,#1139,#1140,#1141,
    #1142,#1143,#1144,#1145,#1146,#1147,#1148,#1149,#1150,#1151,#1152,
    #1153,#1154,#1155,#1156,#1157,#1158,#1159,#1160,#1161,#1162,#1163,
    #1164,#1165,#1166,#1167,#1168,#1169,#1170,#1171,#1172,#1173,#1174,
    #1175,#1176,#1177),.UNSPECIFIED.,.T.,.F.,(7,5,5,5,5,5,5,5,5,5,5,5,5,
    5,5,5,5,5,5,5,5,7),(0.,0.104103984532,0.154903347762,0.203155325719,
    0.231485908354,0.288406815138,0.348353707049,0.372597943024,
    0.407710598651,0.439533143117,0.458312972418,0.499637370004,
    0.560458543984,0.592280867614,0.627393385653,0.651637704485,
    0.711585528292,0.76952176857,0.797848919199,0.845092783379,
    0.895893483935,1.),.UNSPECIFIED.);
#1071 = CARTESIAN_POINT('',(-2.020613230022,3.431674207333,
    -7.032810453311));
#1072 = CARTESIAN_POINT('',(-1.851769406779,3.485701434035,
    -7.042336911071));
#1073 = CARTESIAN_POINT('',(-1.682845291955,3.543984720251,
    -7.027876292504));
#1074 = CARTESIAN_POINT('',(-1.517946925091,3.605216857802,
    -6.98915917717));
#1075 = CARTESIAN_POINT('',(-1.36083934513,3.667992709383,
    -6.927109587435));
#1076 = CARTESIAN_POINT('',(-1.214951372469,3.730892072877,
    -6.843366093768));
#1077 = CARTESIAN_POINT('',(-1.018877347391,3.822557898046,
    -6.690384916522));
#1078 = CARTESIAN_POINT('',(-0.957918375153,3.852319606165,
    -6.635660529062));
#1079 = CARTESIAN_POINT('',(-0.900625252486,3.8816242238,-6.576669120283
    ));
#1080 = CARTESIAN_POINT('',(-0.847278612982,3.910322554363,
    -6.513731721915));
#1081 = CARTESIAN_POINT('',(-0.798117448543,3.9382742475,-6.447197113545
    ));
#1082 = CARTESIAN_POINT('',(-0.710809297869,3.991064397895,
    -6.311174887955));
#1083 = CARTESIAN_POINT('',(-0.672232205645,4.01598952584,
    -6.242000524478));
#1084 = CARTESIAN_POINT('',(-0.637778964704,4.040011614627,
    -6.170231255909));
#1085 = CARTESIAN_POINT('',(-0.607582564228,4.063028750319,
    -6.096196223787));
#1086 = CARTESIAN_POINT('',(-0.581742184339,4.084948624383,
    -6.020233356127));
#1087 = CARTESIAN_POINT('',(-0.547751665659,4.117865098669,
    -5.897155703592));
#1088 = CARTESIAN_POINT('',(-0.536702436237,4.129635253645,
    -5.851078470217));
#1089 = CARTESIAN_POINT('',(-0.527191814449,4.140981908434,
    -5.804524078611));
#1090 = CARTESIAN_POINT('',(-0.519229769269,4.151889528585,
    -5.757561975701));
#1091 = CARTESIAN_POINT('',(-0.512822689922,4.16234373882,
    -5.710261732612));
#1092 = CARTESIAN_POINT('',(-0.49823031824,4.192398060015,
    -5.567119547739));
#1093 = CARTESIAN_POINT('',(-0.494775840081,4.210581144458,
    -5.470461956716));
#1094 = CARTESIAN_POINT('',(-0.497633352963,4.226773279028,
    -5.373284997491));
#1095 = CARTESIAN_POINT('',(-0.506772108662,4.240885827709,
    -5.27614888407));
#1096 = CARTESIAN_POINT('',(-0.522112737355,4.252847199231,
    -5.179608142602));
#1097 = CARTESIAN_POINT('',(-0.566091529727,4.27287379803,
    -4.983741269258));
#1098 = CARTESIAN_POINT('',(-0.595393251118,4.280698075525,
    -4.884540023473));
#1099 = CARTESIAN_POINT('',(-0.631294517473,4.286009071397,
    -4.787243646997));
#1100 = CARTESIAN_POINT('',(-0.673599714779,4.288759983258,
    -4.692483590151));
#1101 = CARTESIAN_POINT('',(-0.72206003861,4.288922829079,
    -4.600884094326));
#1102 = CARTESIAN_POINT('',(-0.798338004568,4.285504799981,
    -4.477542103294));
#1103 = CARTESIAN_POINT('',(-0.821260562373,4.284095838893,
    -4.442641450737));
#1104 = CARTESIAN_POINT('',(-0.84512005271,4.282261626092,
    -4.408399390469));
#1105 = CARTESIAN_POINT('',(-0.869894674362,4.280002196102,
    -4.374856519768));
#1106 = CARTESIAN_POINT('',(-0.895560940828,4.277318186947,
    -4.342053166721));
#1107 = CARTESIAN_POINT('',(-0.960520749976,4.269710504542,
    -4.263649713119));
#1108 = CARTESIAN_POINT('',(-1.000765287014,4.264322214804,
    -4.218905141973));
#1109 = CARTESIAN_POINT('',(-1.042750441836,4.25804988617,
    -4.175917268544));
#1110 = CARTESIAN_POINT('',(-1.086391408944,4.250900321466,
    -4.134806194871));
#1111 = CARTESIAN_POINT('',(-1.131594439195,4.242883810235,
    -4.095688983639));
#1112 = CARTESIAN_POINT('',(-1.22054501701,4.225976692489,
    -4.025135210773));
#1113 = CARTESIAN_POINT('',(-1.264032239167,4.217238342199,
    -3.993322265927));
#1114 = CARTESIAN_POINT('',(-1.30864000171,4.207810461737,
    -3.963323155359));
#1115 = CARTESIAN_POINT('',(-1.354284567526,4.197706528216,
    -3.935218130257));
#1116 = CARTESIAN_POINT('',(-1.400875465692,4.18694315357,
    -3.909082263239));
#1117 = CARTESIAN_POINT('',(-1.476311040404,4.168811354848,
    -3.870762436608));
#1118 = CARTESIAN_POINT('',(-1.504602717963,4.161859540123,
    -3.857250505346));
#1119 = CARTESIAN_POINT('',(-1.533169951775,4.154689214774,
    -3.844462205658));
#1120 = CARTESIAN_POINT('',(-1.561991952084,4.147304933554,
    -3.832410606742));
#1121 = CARTESIAN_POINT('',(-1.591047198231,4.13971167404,
    -3.821107747489));
#1122 = CARTESIAN_POINT('',(-1.684712839511,4.114758151964,
    -3.787364866996));
#1123 = CARTESIAN_POINT('',(-1.750136006122,4.096615178914,
    -3.767843009956));
#1124 = CARTESIAN_POINT('',(-1.816342242607,4.077544520739,
    -3.752117084939));
#1125 = CARTESIAN_POINT('',(-1.883081054331,4.057613413304,
    -3.740274488419));
#1126 = CARTESIAN_POINT('',(-1.950093411788,4.036897913117,
    -3.732368562449));
#1127 = CARTESIAN_POINT('',(-2.115752345097,3.983964780434,
    -3.722596557618));
#1128 = CARTESIAN_POINT('',(-2.214422230448,3.950926771283,
    -3.725339450673));
#1129 = CARTESIAN_POINT('',(-2.312260554507,3.916644237582,
    -3.736696359075));
#1130 = CARTESIAN_POINT('',(-2.408451643999,3.881409387777,
    -3.756536323611));
#1131 = CARTESIAN_POINT('',(-2.50223281279,3.845524144665,
    -3.784574145973));
#1132 = CARTESIAN_POINT('',(-2.64033947453,3.790336199363,
    -3.839143920063));
#1133 = CARTESIAN_POINT('',(-2.686929482582,3.771283398934,
    -3.860021388306));
#1134 = CARTESIAN_POINT('',(-2.732573218244,3.752176774065,
    -3.88297471631));
#1135 = CARTESIAN_POINT('',(-2.777180215967,3.733057608485,
    -3.907939045923));
#1136 = CARTESIAN_POINT('',(-2.82066674339,3.713966011474,
    -3.934843580922));
#1137 = CARTESIAN_POINT('',(-2.909616157133,3.673948529977,
    -3.995357371976));
#1138 = CARTESIAN_POINT('',(-2.954818725384,3.653036986691,
    -4.029372386069));
#1139 = CARTESIAN_POINT('',(-2.998459316768,3.632258148117,
    -4.065557468548));
#1140 = CARTESIAN_POINT('',(-3.040444186099,3.611661718464,
    -4.103806142999));
#1141 = CARTESIAN_POINT('',(-3.080688531232,3.591295165207,
    -4.14400788452));
#1142 = CARTESIAN_POINT('',(-3.145648373617,3.557331131884,
    -4.215078662519));
#1143 = CARTESIAN_POINT('',(-3.171314802061,3.543589678254,
    -4.244984890205));
#1144 = CARTESIAN_POINT('',(-3.196089619328,3.529994258354,
    -4.275731246975));
#1145 = CARTESIAN_POINT('',(-3.219949339234,3.516559264353,
    -4.307280056659));
#1146 = CARTESIAN_POINT('',(-3.242872160828,3.50329861341,
    -4.339593183723));
#1147 = CARTESIAN_POINT('',(-3.31915182106,3.457901067508,
    -4.454325692918));
#1148 = CARTESIAN_POINT('',(-3.367613609432,3.426724920283,
    -4.540455718243));
#1149 = CARTESIAN_POINT('',(-3.4099203319,3.396899744485,-4.630440981305
    ));
#1150 = CARTESIAN_POINT('',(-3.445823176791,3.36861275058,
    -4.723685319767));
#1151 = CARTESIAN_POINT('',(-3.4751265229,3.342035929247,-4.819579360268
    ));
#1152 = CARTESIAN_POINT('',(-3.519490329462,3.293445343818,
    -5.012139461683));
#1153 = CARTESIAN_POINT('',(-3.534995727726,3.271308398779,
    -5.108671576411));
#1154 = CARTESIAN_POINT('',(-3.544073996283,3.251057093487,
    -5.206535743065));
#1155 = CARTESIAN_POINT('',(-3.546642232856,3.232820259224,
    -5.305156444732));
#1156 = CARTESIAN_POINT('',(-3.542669833927,3.216711577104,
    -5.403946227193));
#1157 = CARTESIAN_POINT('',(-3.527057921284,3.196039014765,
    -5.550398196463));
#1158 = CARTESIAN_POINT('',(-3.520374380741,3.189782329556,
    -5.59838744793));
#1159 = CARTESIAN_POINT('',(-3.512137106784,3.184068713545,
    -5.646204050492));
#1160 = CARTESIAN_POINT('',(-3.502352862562,3.178908331542,
    -5.693777701868));
#1161 = CARTESIAN_POINT('',(-3.491032003188,3.174310209584,
    -5.741037837003));
#1162 = CARTESIAN_POINT('',(-3.456768112141,3.163564401244,
    -5.866092811538));
#1163 = CARTESIAN_POINT('',(-3.431112169643,3.158432328942,
    -5.943204047686));
#1164 = CARTESIAN_POINT('',(-3.401286454058,3.154922466506,
    -6.018917495205));
#1165 = CARTESIAN_POINT('',(-3.367385394181,3.153061410316,
    -6.092905629228));
#1166 = CARTESIAN_POINT('',(-3.32953452113,3.152864672198,
    -6.164845591774));
#1167 = CARTESIAN_POINT('',(-3.243116316031,3.155916951576,
    -6.309235638886));
#1168 = CARTESIAN_POINT('',(-3.193955173411,3.159426572334,
    -6.381318870407));
#1169 = CARTESIAN_POINT('',(-3.140608448502,3.16486816113,
    -6.450277168608));
#1170 = CARTESIAN_POINT('',(-3.083315137473,3.172229122269,
    -6.515734772419));
#1171 = CARTESIAN_POINT('',(-3.022355879961,3.18147905631,
    -6.577338970162));
#1172 = CARTESIAN_POINT('',(-2.82628097835,3.215293943709,
    -6.752448404659));
#1173 = CARTESIAN_POINT('',(-2.680392201219,3.24575805806,
    -6.852655855043));
#1174 = CARTESIAN_POINT('',(-2.523283538084,3.283525999578,
    -6.932435197763));
#1175 = CARTESIAN_POINT('',(-2.3583839046,3.327823621931,-6.989760860617
    ));
#1176 = CARTESIAN_POINT('',(-2.189458407862,3.377646547183,
    -7.023283919122));
#1177 = CARTESIAN_POINT('',(-2.020613230022,3.431674207333,
    -7.032810453311));
#1178 = ORIENTED_EDGE('',*,*,#1179,.F.);
#1179 = EDGE_CURVE('',#661,#1068,#1180,.T.);
#1180 = B_SPLINE_CURVE_WITH_KNOTS('',6,(#1181,#1182,#1183,#1184,#1185,
    #1186,#1187,#1188,#1189,#1190,#1191,#1192,#1193,#1194,#1195,#1196,
    #1197,#1198,#1199,#1200,#1201,#1202,#1203,#1204,#1205,#1206,#1207,
    #1208,#1209,#1210,#1211,#1212,#1213,#1214,#1215,#1216,#1217,#1218,
    #1219,#1220,#1221,#1222,#1223,#1224,#1225,#1226,#1227,#1228,#1229,
    #1230,#1231,#1232,#1233,#1234,#1235,#1236,#1237,#1238,#1239,#1240,
    #1241,#1242,#1243,#1244,#1245,#1246,#1247,#1248,#1249,#1250,#1251,
    #1252,#1253,#1254,#1255,#1256,#1257,#1258,#1259,#1260,#1261,#1262,
    #1263,#1264,#1265,#1266,#1267,#1268,#1269,#1270,#1271,#1272,#1273,
    #1274,#1275,#1276,#1277,#1278,#1279,#1280,#1281,#1282,#1283,#1284,
    #1285,#1286,#1287),.UNSPECIFIED.,.T.,.F.,(7,5,5,5,5,5,5,5,5,5,5,5,5,
    5,5,5,5,5,5,5,5,7),(0.,0.104103984532,0.154903347762,0.203155325719,
    0.231485908354,0.288406815138,0.348353707049,0.372597943024,
    0.407710598651,0.439533143117,0.458312972418,0.499637370004,
    0.560458543984,0.592280867614,0.627393385653,0.651637704485,
    0.711585528292,0.76952176857,0.797848919199,0.845092783379,
    0.895893483935,1.),.UNSPECIFIED.);
#1181 = CARTESIAN_POINT('',(-2.020613230022,3.431674207333,
    -7.032810453311));
#1182 = CARTESIAN_POINT('',(-1.851769406779,3.485701434035,
    -7.042336911071));
#1183 = CARTESIAN_POINT('',(-1.682845291955,3.543984720251,
    -7.027876292504));
#1184 = CARTESIAN_POINT('',(-1.517946925091,3.605216857802,
    -6.98915917717));
#1185 = CARTESIAN_POINT('',(-1.36083934513,3.667992709383,
    -6.927109587435));
#1186 = CARTESIAN_POINT('',(-1.214951372469,3.730892072877,
    -6.843366093768));
#1187 = CARTESIAN_POINT('',(-1.018877347391,3.822557898046,
    -6.690384916522));
#1188 = CARTESIAN_POINT('',(-0.957918375153,3.852319606165,
    -6.635660529062));
#1189 = CARTESIAN_POINT('',(-0.900625252486,3.8816242238,-6.576669120283
    ));
#1190 = CARTESIAN_POINT('',(-0.847278612982,3.910322554363,
    -6.513731721915));
#1191 = CARTESIAN_POINT('',(-0.798117448543,3.9382742475,-6.447197113545
    ));
#1192 = CARTESIAN_POINT('',(-0.710809297869,3.991064397895,
    -6.311174887955));
#1193 = CARTESIAN_POINT('',(-0.672232205645,4.01598952584,
    -6.242000524478));
#1194 = CARTESIAN_POINT('',(-0.637778964704,4.040011614627,
    -6.170231255909));
#1195 = CARTESIAN_POINT('',(-0.607582564228,4.063028750319,
    -6.096196223787));
#1196 = CARTESIAN_POINT('',(-0.581742184339,4.084948624383,
    -6.020233356127));
#1197 = CARTESIAN_POINT('',(-0.547751665659,4.117865098669,
    -5.897155703592));
#1198 = CARTESIAN_POINT('',(-0.536702436237,4.129635253645,
    -5.851078470217));
#1199 = CARTESIAN_POINT('',(-0.527191814449,4.140981908434,
    -5.804524078611));
#1200 = CARTESIAN_POINT('',(-0.519229769269,4.151889528585,
    -5.757561975701));
#1201 = CARTESIAN_POINT('',(-0.512822689922,4.16234373882,
    -5.710261732612));
#1202 = CARTESIAN_POINT('',(-0.49823031824,4.192398060015,
    -5.567119547739));
#1203 = CARTESIAN_POINT('',(-0.494775840081,4.210581144458,
    -5.470461956716));
#1204 = CARTESIAN_POINT('',(-0.497633352963,4.226773279028,
    -5.373284997491));
#1205 = CARTESIAN_POINT('',(-0.506772108662,4.240885827709,
    -5.27614888407));
#1206 = CARTESIAN_POINT('',(-0.522112737355,4.252847199231,
    -5.179608142602));
#1207 = CARTESIAN_POINT('',(-0.566091529727,4.27287379803,
    -4.983741269258));
#1208 = CARTESIAN_POINT('',(-0.595393251118,4.280698075525,
    -4.884540023473));
#1209 = CARTESIAN_POINT('',(-0.631294517473,4.286009071397,
    -4.787243646997));
#1210 = CARTESIAN_POINT('',(-0.673599714779,4.288759983258,
    -4.692483590151));
#1211 = CARTESIAN_POINT('',(-0.72206003861,4.288922829079,
    -4.600884094326));
#1212 = CARTESIAN_POINT('',(-0.798338004568,4.285504799981,
    -4.477542103294));
#1213 = CARTESIAN_POINT('',(-0.821260562373,4.284095838893,
    -4.442641450737));
#1214 = CARTESIAN_POINT('',(-0.84512005271,4.282261626092,
    -4.408399390469));
#1215 = CARTESIAN_POINT('',(-0.869894674362,4.280002196102,
    -4.374856519768));
#1216 = CARTESIAN_POINT('',(-0.895560940828,4.277318186947,
    -4.342053166721));
#1217 = CARTESIAN_POINT('',(-0.960520749976,4.269710504542,
    -4.263649713119));
#1218 = CARTESIAN_POINT('',(-1.000765287014,4.264322214804,
    -4.218905141973));
#1219 = CARTESIAN_POINT('',(-1.042750441836,4.25804988617,
    -4.175917268544));
#1220 = CARTESIAN_POINT('',(-1.086391408944,4.250900321466,
    -4.134806194871));
#1221 = CARTESIAN_POINT('',(-1.131594439195,4.242883810235,
    -4.095688983639));
#1222 = CARTESIAN_POINT('',(-1.22054501701,4.225976692489,
    -4.025135210773));
#1223 = CARTESIAN_POINT('',(-1.264032239167,4.217238342199,
    -3.993322265927));
#1224 = CARTESIAN_POINT('',(-1.30864000171,4.207810461737,
    -3.963323155359));
#1225 = CARTESIAN_POINT('',(-1.354284567526,4.197706528216,
    -3.935218130257));
#1226 = CARTESIAN_POINT('',(-1.400875465692,4.18694315357,
    -3.909082263239));
#1227 = CARTESIAN_POINT('',(-1.476311040404,4.168811354848,
    -3.870762436608));
#1228 = CARTESIAN_POINT('',(-1.504602717963,4.161859540123,
    -3.857250505346));
#1229 = CARTESIAN_POINT('',(-1.533169951775,4.154689214774,
    -3.844462205658));
#1230 = CARTESIAN_POINT('',(-1.561991952084,4.147304933554,
    -3.832410606742));
#1231 = CARTESIAN_POINT('',(-1.591047198231,4.13971167404,
    -3.821107747489));
#1232 = CARTESIAN_POINT('',(-1.684712839511,4.114758151964,
    -3.787364866996));
#1233 = CARTESIAN_POINT('',(-1.750136006122,4.096615178914,
    -3.767843009956));
#1234 = CARTESIAN_POINT('',(-1.816342242607,4.077544520739,
    -3.752117084939));
#1235 = CARTESIAN_POINT('',(-1.883081054331,4.057613413304,
    -3.740274488419));
#1236 = CARTESIAN_POINT('',(-1.950093411788,4.036897913117,
    -3.732368562449));
#1237 = CARTESIAN_POINT('',(-2.115752345097,3.983964780434,
    -3.722596557618));
#1238 = CARTESIAN_POINT('',(-2.214422230448,3.950926771283,
    -3.725339450673));
#1239 = CARTESIAN_POINT('',(-2.312260554507,3.916644237582,
    -3.736696359075));
#1240 = CARTESIAN_POINT('',(-2.408451643999,3.881409387777,
    -3.756536323611));
#1241 = CARTESIAN_POINT('',(-2.50223281279,3.845524144665,
    -3.784574145973));
#1242 = CARTESIAN_POINT('',(-2.64033947453,3.790336199363,
    -3.839143920063));
#1243 = CARTESIAN_POINT('',(-2.686929482582,3.771283398934,
    -3.860021388306));
#1244 = CARTESIAN_POINT('',(-2.732573218244,3.752176774065,
    -3.88297471631));
#1245 = CARTESIAN_POINT('',(-2.777180215967,3.733057608485,
    -3.907939045923));
#1246 = CARTESIAN_POINT('',(-2.82066674339,3.713966011474,
    -3.934843580922));
#1247 = CARTESIAN_POINT('',(-2.909616157133,3.673948529977,
    -3.995357371976));
#1248 = CARTESIAN_POINT('',(-2.954818725384,3.653036986691,
    -4.029372386069));
#1249 = CARTESIAN_POINT('',(-2.998459316768,3.632258148117,
    -4.065557468548));
#1250 = CARTESIAN_POINT('',(-3.040444186099,3.611661718464,
    -4.103806142999));
#1251 = CARTESIAN_POINT('',(-3.080688531232,3.591295165207,
    -4.14400788452));
#1252 = CARTESIAN_POINT('',(-3.145648373617,3.557331131884,
    -4.215078662519));
#1253 = CARTESIAN_POINT('',(-3.171314802061,3.543589678254,
    -4.244984890205));
#1254 = CARTESIAN_POINT('',(-3.196089619328,3.529994258354,
    -4.275731246975));
#1255 = CARTESIAN_POINT('',(-3.219949339234,3.516559264353,
    -4.307280056659));
#1256 = CARTESIAN_POINT('',(-3.242872160828,3.50329861341,
    -4.339593183723));
#1257 = CARTESIAN_POINT('',(-3.31915182106,3.457901067508,
    -4.454325692918));
#1258 = CARTESIAN_POINT('',(-3.367613609432,3.426724920283,
    -4.540455718243));
#1259 = CARTESIAN_POINT('',(-3.4099203319,3.396899744485,-4.630440981305
    ));
#1260 = CARTESIAN_POINT('',(-3.445823176791,3.36861275058,
    -4.723685319767));
#1261 = CARTESIAN_POINT('',(-3.4751265229,3.342035929247,-4.819579360268
    ));
#1262 = CARTESIAN_POINT('',(-3.519490329462,3.293445343818,
    -5.012139461683));
#1263 = CARTESIAN_POINT('',(-3.534995727726,3.271308398779,
    -5.108671576411));
#1264 = CARTESIAN_POINT('',(-3.544073996283,3.251057093487,
    -5.206535743065));
#1265 = CARTESIAN_POINT('',(-3.546642232856,3.232820259224,
    -5.305156444732));
#1266 = CARTESIAN_POINT('',(-3.542669833927,3.216711577104,
    -5.403946227193));
#1267 = CARTESIAN_POINT('',(-3.527057921284,3.196039014765,
    -5.550398196463));
#1268 = CARTESIAN_POINT('',(-3.520374380741,3.189782329556,
    -5.59838744793));
#1269 = CARTESIAN_POINT('',(-3.512137106784,3.184068713545,
    -5.646204050492));
#1270 = CARTESIAN_POINT('',(-3.502352862562,3.178908331542,
    -5.693777701868));
#1271 = CARTESIAN_POINT('',(-3.491032003188,3.174310209584,
    -5.741037837003));
#1272 = CARTESIAN_POINT('',(-3.456768112141,3.163564401244,
    -5.866092811538));
#1273 = CARTESIAN_POINT('',(-3.431112169643,3.158432328942,
    -5.943204047686));
#1274 = CARTESIAN_POINT('',(-3.401286454058,3.154922466506,
    -6.018917495205));
#1275 = CARTESIAN_POINT('',(-3.367385394181,3.153061410316,
    -6.092905629228));
#1276 = CARTESIAN_POINT('',(-3.32953452113,3.152864672198,
    -6.164845591774));
#1277 = CARTESIAN_POINT('',(-3.243116316031,3.155916951576,
    -6.309235638886));
#1278 = CARTESIAN_POINT('',(-3.193955173411,3.159426572334,
    -6.381318870407));
#1279 = CARTESIAN_POINT('',(-3.140608448502,3.16486816113,
    -6.450277168608));
#1280 = CARTESIAN_POINT('',(-3.083315137473,3.172229122269,
    -6.515734772419));
#1281 = CARTESIAN_POINT('',(-3.022355879961,3.18147905631,
    -6.577338970162));
#1282 = CARTESIAN_POINT('',(-2.82628097835,3.215293943709,
    -6.752448404659));
#1283 = CARTESIAN_POINT('',(-2.680392201219,3.24575805806,
    -6.852655855043));
#1284 = CARTESIAN_POINT('',(-2.523283538084,3.283525999578,
    -6.932435197763));
#1285 = CARTESIAN_POINT('',(-2.3583839046,3.327823621931,-6.989760860617
    ));
#1286 = CARTESIAN_POINT('',(-2.189458407862,3.377646547183,
    -7.023283919122));
#1287 = CARTESIAN_POINT('',(-2.020613230022,3.431674207333,
    -7.032810453311));
#1288 = ORIENTED_EDGE('',*,*,#658,.F.);
#1289 = FACE_BOUND('',#1290,.F.);
#1290 = EDGE_LOOP('',(#1291));
#1291 = ORIENTED_EDGE('',*,*,#1292,.T.);
#1292 = EDGE_CURVE('',#1293,#1293,#1295,.T.);
#1293 = VERTEX_POINT('',#1294);
#1294 = CARTESIAN_POINT('',(-2.020613230022,3.557269594361,
    -6.320523618236));
#1295 = B_SPLINE_CURVE_WITH_KNOTS('',7,(#1296,#1297,#1298,#1299,#1300,
    #1301,#1302,#1303,#1304,#1305,#1306,#1307,#1308,#1309,#1310,#1311,
    #1312,#1313,#1314,#1315,#1316,#1317,#1318,#1319,#1320,#1321,#1322,
    #1323,#1324,#1325,#1326,#1327,#1328,#1329,#1330,#1331,#1332,#1333,
    #1334,#1335,#1336,#1337,#1338,#1339,#1340,#1341,#1342,#1343,#1344,
    #1345,#1346,#1347,#1348,#1349,#1350,#1351,#1352,#1353,#1354,#1355,
    #1356,#1357,#1358,#1359,#1360,#1361,#1362,#1363,#1364,#1365,#1366,
    #1367,#1368,#1369,#1370,#1371,#1372,#1373,#1374,#1375,#1376,#1377,
    #1378,#1379,#1380,#1381,#1382,#1383,#1384,#1385,#1386,#1387,#1388,
    #1389,#1390,#1391,#1392,#1393),.UNSPECIFIED.,.T.,.F.,(8,6,6,6,6,6,6,
    6,6,6,6,6,6,6,6,6,8),(0.,0.141643728877,0.18678327696,0.27153984875,
    0.331117677831,0.356278865967,0.394366931979,0.430256958925,
    0.499637710691,0.569742440112,0.605632292271,0.643720189926,
    0.668881303734,0.728459117656,0.813215975445,0.858355726691,1.),
  .UNSPECIFIED.);
#1296 = CARTESIAN_POINT('',(-2.020613230022,3.557269594361,
    -6.320523618236));
#1297 = CARTESIAN_POINT('',(-1.910610919412,3.592468511673,
    -6.32673013705));
#1298 = CARTESIAN_POINT('',(-1.800528977841,3.630813228225,
    -6.315244942339));
#1299 = CARTESIAN_POINT('',(-1.693595867412,3.671278652242,
    -6.285840720468));
#1300 = CARTESIAN_POINT('',(-1.592830024934,3.712740087868,
    -6.239248026924));
#1301 = CARTESIAN_POINT('',(-1.500896487601,3.75407822473,
    -6.176828134022));
#1302 = CARTESIAN_POINT('',(-1.420097243104,3.794188655314,
    -6.100537111473));
#1303 = CARTESIAN_POINT('',(-1.330500988037,3.844119327208,
    -5.985013153292));
#1304 = CARTESIAN_POINT('',(-1.310147580463,3.855961431038,
    -5.955937278585));
#1305 = CARTESIAN_POINT('',(-1.291147236366,3.867547537395,
    -5.92578146926));
#1306 = CARTESIAN_POINT('',(-1.273547755593,3.87884760585,
    -5.894626652953));
#1307 = CARTESIAN_POINT('',(-1.257390921906,3.889833049674,
    -5.862556769873));
#1308 = CARTESIAN_POINT('',(-1.242712606916,3.900476776191,
    -5.829658349495));
#1309 = CARTESIAN_POINT('',(-1.204814637729,3.930048873347,
    -5.732858981131));
#1310 = CARTESIAN_POINT('',(-1.185404533387,3.948050234932,
    -5.667087169408));
#1311 = CARTESIAN_POINT('',(-1.17151124923,3.964587844438,
    -5.599293976596));
#1312 = CARTESIAN_POINT('',(-1.16325932647,3.979513700543,
    -5.530085726114));
#1313 = CARTESIAN_POINT('',(-1.160702620748,3.992701188513,
    -5.460079714465));
#1314 = CARTESIAN_POINT('',(-1.163827763569,4.004045000681,-5.3898981854
    ));
#1315 = CARTESIAN_POINT('',(-1.178694093242,4.020079873351,
    -5.271142949829));
#1316 = CARTESIAN_POINT('',(-1.18759996762,4.025746396999,
    -5.222342377697));
#1317 = CARTESIAN_POINT('',(-1.199248266793,4.030431643458,
    -5.173975449932));
#1318 = CARTESIAN_POINT('',(-1.213596608618,4.034111901053,
    -5.126255944944));
#1319 = CARTESIAN_POINT('',(-1.230587126463,4.036768915988,
    -5.07939566162));
#1320 = CARTESIAN_POINT('',(-1.250146386773,4.038390077466,
    -5.033603523642));
#1321 = CARTESIAN_POINT('',(-1.281492886613,4.039212928372,
    -4.970283278621));
#1322 = CARTESIAN_POINT('',(-1.291242734333,4.039271297975,
    -4.951708938013));
#1323 = CARTESIAN_POINT('',(-1.301428141849,4.039143198639,
    -4.93337712285));
#1324 = CARTESIAN_POINT('',(-1.31204189142,4.038828316035,
    -4.915303121158));
#1325 = CARTESIAN_POINT('',(-1.323076255507,4.038326534511,
    -4.897502048129));
#1326 = CARTESIAN_POINT('',(-1.334522996778,4.037637937087,
    -4.879988846119));
#1327 = CARTESIAN_POINT('',(-1.364312017221,4.035438063907,
    -4.836725580063));
#1328 = CARTESIAN_POINT('',(-1.383175596367,4.033685916882,
    -4.811366140705));
#1329 = CARTESIAN_POINT('',(-1.402933736197,4.031507299083,
    -4.786751490842));
#1330 = CARTESIAN_POINT('',(-1.423553318681,4.028904328136,
    -4.762931589225));
#1331 = CARTESIAN_POINT('',(-1.444998477094,4.025880304595,
    -4.739954829078));
#1332 = CARTESIAN_POINT('',(-1.467230596028,4.022439711933,
    -4.717868038107));
#1333 = CARTESIAN_POINT('',(-1.511859996791,4.014958988623,
    -4.67678556249));
#1334 = CARTESIAN_POINT('',(-1.534173785431,4.01096494756,-4.65768471809
    ));
#1335 = CARTESIAN_POINT('',(-1.557114923596,4.006610865316,
    -4.639451911184));
#1336 = CARTESIAN_POINT('',(-1.580646607952,4.00190256181,
    -4.622122999494));
#1337 = CARTESIAN_POINT('',(-1.604729985531,3.996846904926,
    -4.605731732568));
#1338 = CARTESIAN_POINT('',(-1.629324153736,3.991451810515,
    -4.590309751788));
#1339 = CARTESIAN_POINT('',(-1.702834740817,3.974657868971,
    -4.548004477485));
#1340 = CARTESIAN_POINT('',(-1.753035701832,3.962353624605,
    -4.523852391276));
#1341 = CARTESIAN_POINT('',(-1.804673924912,3.948879632075,
    -4.503644960961));
#1342 = CARTESIAN_POINT('',(-1.857413300988,3.934316200005,
    -4.487555640137));
#1343 = CARTESIAN_POINT('',(-1.910900637989,3.918757353963,
    -4.475712054397));
#1344 = CARTESIAN_POINT('',(-1.964769568447,3.902310367561,
    -4.468191348938));
#1345 = CARTESIAN_POINT('',(-2.073081522045,3.867700582845,
    -4.461806584305));
#1346 = CARTESIAN_POINT('',(-2.127532258785,3.849519245051,
    -4.463033234544));
#1347 = CARTESIAN_POINT('',(-2.181609003436,3.830675056241,
    -4.468718890487));
#1348 = CARTESIAN_POINT('',(-2.234933484696,3.811299032708,
    -4.478828319615));
#1349 = CARTESIAN_POINT('',(-2.287140968611,3.791527290223,
    -4.493272038571));
#1350 = CARTESIAN_POINT('',(-2.33788440336,3.771498903297,
    -4.511910698439));
#1351 = CARTESIAN_POINT('',(-2.411900462197,3.741040536493,
    -4.546154423303));
#1352 = CARTESIAN_POINT('',(-2.436494529163,3.730696235334,
    -4.558800978209));
#1353 = CARTESIAN_POINT('',(-2.460577813335,3.720339384857,
    -4.57247444891));
#1354 = CARTESIAN_POINT('',(-2.48410941269,3.709988245229,
    -4.587147810174));
#1355 = CARTESIAN_POINT('',(-2.507050474791,3.699660812898,
    -4.602791697345));
#1356 = CARTESIAN_POINT('',(-2.529364196786,3.68937482059,
    -4.619374406354));
#1357 = CARTESIAN_POINT('',(-2.573993490819,3.668294304436,
    -4.655420388345));
#1358 = CARTESIAN_POINT('',(-2.596225570241,3.657507123693,
    -4.674998242731));
#1359 = CARTESIAN_POINT('',(-2.617670700025,3.646807000051,
    -4.695554863099));
#1360 = CARTESIAN_POINT('',(-2.638290265164,3.636214162349,
    -4.717047780009));
#1361 = CARTESIAN_POINT('',(-2.658048399285,3.625748263295,
    -4.739432648344));
#1362 = CARTESIAN_POINT('',(-2.676911984652,3.615428379465,
    -4.76266324732));
#1363 = CARTESIAN_POINT('',(-2.706701053012,3.598564308811,
    -4.802564688143));
#1364 = CARTESIAN_POINT('',(-2.718147827935,3.591927380687,
    -4.818786082918));
#1365 = CARTESIAN_POINT('',(-2.729182229835,3.58536754307,
    -4.835341882514));
#1366 = CARTESIAN_POINT('',(-2.739796021402,3.578889984522,
    -4.852218074283));
#1367 = CARTESIAN_POINT('',(-2.749981475117,3.572499766027,
    -4.869400415215));
#1368 = CARTESIAN_POINT('',(-2.75973137325,3.566201820991,
    -4.886874431937));
#1369 = CARTESIAN_POINT('',(-2.791078116574,3.545318217892,
    -4.946657149283));
#1370 = CARTESIAN_POINT('',(-2.810637575999,3.531179739067,
    -4.990242000274));
#1371 = CARTESIAN_POINT('',(-2.82762830256,3.517649311614,
    -5.035184874127));
#1372 = CARTESIAN_POINT('',(-2.841976862007,3.504786541465,
    -5.081285134429));
#1373 = CARTESIAN_POINT('',(-2.85362538697,3.492646715259,
    -5.128337512896));
#1374 = CARTESIAN_POINT('',(-2.862531494511,3.481280667972,
    -5.176133014372));
#1375 = CARTESIAN_POINT('',(-2.877398436506,3.455731627769,
    -5.293210722126));
#1376 = CARTESIAN_POINT('',(-2.880523924487,3.442387684945,
    -5.363039763276));
#1377 = CARTESIAN_POINT('',(-2.877967533122,3.430836265523,
    -5.433334479149));
#1378 = CARTESIAN_POINT('',(-2.869715891236,3.421191234326,
    -5.503474129555));
#1379 = CARTESIAN_POINT('',(-2.855822852463,3.413544741849,
    -5.572835335498));
#1380 = CARTESIAN_POINT('',(-2.836412956711,3.407965088552,
    -5.640797714466));
#1381 = CARTESIAN_POINT('',(-2.7985152351,3.402646272893,-5.741874082369
    ));
#1382 = CARTESIAN_POINT('',(-2.783836982469,3.401396127863,
    -5.776429042776));
#1383 = CARTESIAN_POINT('',(-2.767680197166,3.40075047297,
    -5.810322307864));
#1384 = CARTESIAN_POINT('',(-2.750080750908,3.400713444417,
    -5.843463299121));
#1385 = CARTESIAN_POINT('',(-2.73108042766,3.401286888845,
    -5.875763360168));
#1386 = CARTESIAN_POINT('',(-2.710727027565,3.402470256468,
    -5.907136168332));
#1387 = CARTESIAN_POINT('',(-2.621130794408,3.409878091039,
    -6.03277116339));
#1388 = CARTESIAN_POINT('',(-2.540331470155,3.421476442088,
    -6.118180328378));
#1389 = CARTESIAN_POINT('',(-2.448397750486,3.438972707598,
    -6.190974748196));
#1390 = CARTESIAN_POINT('',(-2.347631639741,3.461998099956,
    -6.248938553623));
#1391 = CARTESIAN_POINT('',(-2.240698201107,3.489966387753,
    -6.29040972732));
#1392 = CARTESIAN_POINT('',(-2.130615892751,3.522070564376,
    -6.314317079555));
#1393 = CARTESIAN_POINT('',(-2.020613230022,3.557269594361,
    -6.320523618236));
#1394 = B_SPLINE_SURFACE_WITH_KNOTS('',1,1,(
    (#1395,#1396)
    ,(#1397,#1398
    )),.UNSPECIFIED.,.F.,.F.,.F.,(2,2),(2,2),(8.669937712564,
    12.025766272733),(7.895438150428,11.104360375853),
  .PIECEWISE_BEZIER_KNOTS.);
#1395 = CARTESIAN_POINT('',(-3.546642232856,2.943370203637,
    -6.946709282672));
#1396 = CARTESIAN_POINT('',(-0.494775840081,3.919916898078,
    -7.118900812823));
#1397 = CARTESIAN_POINT('',(-3.546642232856,3.526103717673,
    -3.641863298837));
#1398 = CARTESIAN_POINT('',(-0.494775840081,4.502650412114,
    -3.814054828989));
#1399 = ADVANCED_FACE('',(#1400),#1608,.T.);
#1400 = FACE_BOUND('',#1401,.T.);
#1401 = EDGE_LOOP('',(#1402,#1435,#1443,#1451,#1452,#1453,#1454,#1455,
    #1463,#1498));
#1402 = ORIENTED_EDGE('',*,*,#1403,.F.);
#1403 = EDGE_CURVE('',#1404,#1406,#1408,.T.);
#1404 = VERTEX_POINT('',#1405);
#1405 = CARTESIAN_POINT('',(-2.86246626847,3.719906805977,9.498346183243
    ));
#1406 = VERTEX_POINT('',#1407);
#1407 = CARTESIAN_POINT('',(-3.512328982527,5.790035432777,
    9.133326652801));
#1408 = B_SPLINE_CURVE_WITH_KNOTS('',7,(#1409,#1410,#1411,#1412,#1413,
    #1414,#1415,#1416,#1417,#1418,#1419,#1420,#1421,#1422,#1423,#1424,
    #1425,#1426,#1427,#1428,#1429,#1430,#1431,#1432,#1433,#1434),
  .UNSPECIFIED.,.F.,.F.,(8,6,6,6,8),(0.,0.16736341104,0.543733424457,
    0.772490505193,1.),.UNSPECIFIED.);
#1409 = CARTESIAN_POINT('',(-2.86246626847,3.719906805977,9.498346183243
    ));
#1410 = CARTESIAN_POINT('',(-2.89919092292,3.831216538345,9.478719274211
    ));
#1411 = CARTESIAN_POINT('',(-2.93591556072,3.942526385589,9.459092344923
    ));
#1412 = CARTESIAN_POINT('',(-2.972635050906,4.053820145535,9.43946825226
    ));
#1413 = CARTESIAN_POINT('',(-3.009325848188,4.165087869637,
    9.419848750419));
#1414 = CARTESIAN_POINT('',(-3.04594670664,4.276325573564,9.400234541945
    ));
#1415 = CARTESIAN_POINT('',(-3.082439393384,4.387534947787,
    9.380625328761));
#1416 = CARTESIAN_POINT('',(-3.200339062657,4.748765022391,
    9.316930720365));
#1417 = CARTESIAN_POINT('',(-3.280894849482,4.998609579892,
    9.272876383895));
#1418 = CARTESIAN_POINT('',(-3.359594565166,5.248469961619,
    9.228819257186));
#1419 = CARTESIAN_POINT('',(-3.435194656084,5.498572404261,
    9.184719448607));
#1420 = CARTESIAN_POINT('',(-3.506048905796,5.749131708404,
    9.140539083019));
#1421 = CARTESIAN_POINT('',(-3.570245646938,6.000302931377,
    9.096250819632));
#1422 = CARTESIAN_POINT('',(-3.658890413593,6.405317407148,
    9.024835839976));
#1423 = CARTESIAN_POINT('',(-3.689036093965,6.558621795622,
    8.997804140027));
#1424 = CARTESIAN_POINT('',(-3.715287803636,6.712164848307,
    8.970730357138));
#1425 = CARTESIAN_POINT('',(-3.737019682674,6.865884347495,8.94362546197
    ));
#1426 = CARTESIAN_POINT('',(-3.753522332696,7.019613643116,
    8.916518839427));
#1427 = CARTESIAN_POINT('',(-3.763984934794,7.173077890082,
    8.889458952113));
#1428 = CARTESIAN_POINT('',(-3.770888796024,7.47786122408,8.835717427059
    ));
#1429 = CARTESIAN_POINT('',(-3.767401662334,7.628998249736,
    8.809067891651));
#1430 = CARTESIAN_POINT('',(-3.756070040976,7.77908854104,8.782602923752
    ));
#1431 = CARTESIAN_POINT('',(-3.735783027746,7.927443968356,
    8.756443859182));
#1432 = CARTESIAN_POINT('',(-3.705276373222,8.072892331241,
    8.730797388505));
#1433 = CARTESIAN_POINT('',(-3.663275011841,8.21380197157,8.705951217073
    ));
#1434 = CARTESIAN_POINT('',(-3.608422353131,8.348007521952,8.68228715758
    ));
#1435 = ORIENTED_EDGE('',*,*,#1436,.T.);
#1436 = EDGE_CURVE('',#1404,#1437,#1439,.T.);
#1437 = VERTEX_POINT('',#1438);
#1438 = CARTESIAN_POINT('',(-1.340775842397,4.484659621241,
    10.988182207356));
#1439 = ( BOUNDED_CURVE() B_SPLINE_CURVE(2,(#1440,#1441,#1442),
.UNSPECIFIED.,.F.,.F.) B_SPLINE_CURVE_WITH_KNOTS((3,3),(4.712388980385,
6.28318530718),.PIECEWISE_BEZIER_KNOTS.) CURVE() 
GEOMETRIC_REPRESENTATION_ITEM() RATIONAL_B_SPLINE_CURVE((1.,
0.707106781187,1.)) REPRESENTATION_ITEM('') );
#1440 = CARTESIAN_POINT('',(-2.86246626847,3.719906805977,9.498346183243
    ));
#1441 = CARTESIAN_POINT('',(-2.86246626847,3.997743890244,
    11.074038588062));
#1442 = CARTESIAN_POINT('',(-1.340775842397,4.484659621241,
    10.988182207356));
#1443 = ORIENTED_EDGE('',*,*,#1444,.F.);
#1444 = EDGE_CURVE('',#1068,#1437,#1445,.T.);
#1445 = ( BOUNDED_CURVE() B_SPLINE_CURVE(2,(#1446,#1447,#1448,#1449,
#1450),.UNSPECIFIED.,.F.,.F.) B_SPLINE_CURVE_WITH_KNOTS((3,2,3),(
    3.385770088535,4.834477697857,6.28318530718),
.PIECEWISE_BEZIER_KNOTS.) CURVE() GEOMETRIC_REPRESENTATION_ITEM() 
RATIONAL_B_SPLINE_CURVE((1.,0.748927780694,1.,0.748927780694,1.)) 
REPRESENTATION_ITEM('') );
#1446 = CARTESIAN_POINT('',(-2.020613230022,3.431674207333,
    -7.032810453311));
#1447 = CARTESIAN_POINT('',(-4.434914481494,11.087260875452,
    -6.406107134881));
#1448 = CARTESIAN_POINT('',(-4.131898752579,11.55659537888,
    1.626172828317));
#1449 = CARTESIAN_POINT('',(-3.828883023663,12.025929882308,
    9.658452791516));
#1450 = CARTESIAN_POINT('',(-1.340775842397,4.484659621241,
    10.988182207356));
#1451 = ORIENTED_EDGE('',*,*,#1179,.F.);
#1452 = ORIENTED_EDGE('',*,*,#697,.F.);
#1453 = ORIENTED_EDGE('',*,*,#1067,.F.);
#1454 = ORIENTED_EDGE('',*,*,#1444,.T.);
#1455 = ORIENTED_EDGE('',*,*,#1456,.T.);
#1456 = EDGE_CURVE('',#1437,#1457,#1459,.T.);
#1457 = VERTEX_POINT('',#1458);
#1458 = CARTESIAN_POINT('',(0.180914583675,4.69373826797,9.32663342183)
  );
#1459 = ( BOUNDED_CURVE() B_SPLINE_CURVE(2,(#1460,#1461,#1462),
.UNSPECIFIED.,.F.,.F.) B_SPLINE_CURVE_WITH_KNOTS((3,3),(0.,
1.570796326795),.PIECEWISE_BEZIER_KNOTS.) CURVE() 
GEOMETRIC_REPRESENTATION_ITEM() RATIONAL_B_SPLINE_CURVE((1.,
0.707106781187,1.)) REPRESENTATION_ITEM('') );
#1460 = CARTESIAN_POINT('',(-1.340775842397,4.484659621241,
    10.988182207356));
#1461 = CARTESIAN_POINT('',(0.180914583675,4.971575352237,10.90232582665
    ));
#1462 = CARTESIAN_POINT('',(0.180914583675,4.69373826797,9.32663342183)
  );
#1463 = ORIENTED_EDGE('',*,*,#1464,.F.);
#1464 = EDGE_CURVE('',#1465,#1457,#1467,.T.);
#1465 = VERTEX_POINT('',#1466);
#1466 = CARTESIAN_POINT('',(-0.528897477518,6.744684096691,
    8.964996336256));
#1467 = B_SPLINE_CURVE_WITH_KNOTS('',8,(#1468,#1469,#1470,#1471,#1472,
    #1473,#1474,#1475,#1476,#1477,#1478,#1479,#1480,#1481,#1482,#1483,
    #1484,#1485,#1486,#1487,#1488,#1489,#1490,#1491,#1492,#1493,#1494,
    #1495,#1496,#1497),.UNSPECIFIED.,.F.,.F.,(9,7,7,7,9),(0.,
    0.174597206337,0.617831457573,0.827801071268,1.),.UNSPECIFIED.);
#1468 = CARTESIAN_POINT('',(-1.977889078789,8.869751161517,
    8.590289676912));
#1469 = CARTESIAN_POINT('',(-1.894301317608,8.818164032615,
    8.599385879595));
#1470 = CARTESIAN_POINT('',(-1.813503760838,8.760873704347,
    8.609487710202));
#1471 = CARTESIAN_POINT('',(-1.735585416123,8.698606788714,
    8.620467047433));
#1472 = CARTESIAN_POINT('',(-1.660571692029,8.632012260767,
    8.632209459478));
#1473 = CARTESIAN_POINT('',(-1.588431126919,8.561659700342,
    8.644614514043));
#1474 = CARTESIAN_POINT('',(-1.519082760841,8.488034872155,
    8.657596557702));
#1475 = CARTESIAN_POINT('',(-1.452404150411,8.411532644256,
    8.671085964565));
#1476 = CARTESIAN_POINT('',(-1.225352326909,8.1316802422,8.720431493664)
  );
#1477 = CARTESIAN_POINT('',(-1.079205313087,7.914930577578,
    8.758650307596));
#1478 = CARTESIAN_POINT('',(-0.946839684415,7.68691047653,8.798856403555
    ));
#1479 = CARTESIAN_POINT('',(-0.82626215244,7.450735532302,8.840500418389
    ));
#1480 = CARTESIAN_POINT('',(-0.715277302162,7.208918005411,
    8.883139372788));
#1481 = CARTESIAN_POINT('',(-0.611942575995,6.963039755461,
    8.926494342224));
#1482 = CARTESIAN_POINT('',(-0.514351124221,6.713990733879,
    8.970408404248));
#1483 = CARTESIAN_POINT('',(-0.376388847249,6.342405140142,
    9.035928970066));
#1484 = CARTESIAN_POINT('',(-0.332985019424,6.222405666299,
    9.057088114976));
#1485 = CARTESIAN_POINT('',(-0.290360097031,6.101935824665,
    9.078330198417));
#1486 = CARTESIAN_POINT('',(-0.248363486222,5.981072298323,
    9.099641699095));
#1487 = CARTESIAN_POINT('',(-0.206859786946,5.859883837625,
    9.121010494467));
#1488 = CARTESIAN_POINT('',(-0.165729924695,5.738431136346,
    9.142425882582));
#1489 = CARTESIAN_POINT('',(-0.124872282243,5.616766707822,
    9.163878603923));
#1490 = CARTESIAN_POINT('',(-5.085108311769E-02,5.395018728776,
    9.202978755547));
#1491 = CARTESIAN_POINT('',(-1.762616408202E-02,5.294991416196,
    9.220616269562));
#1492 = CARTESIAN_POINT('',(1.551617562857E-02,5.194878719966,
    9.238268839019));
#1493 = CARTESIAN_POINT('',(4.861204715613E-02,5.09470370554,
    9.255932396855));
#1494 = CARTESIAN_POINT('',(8.168809012938E-02,4.994486528357,
    9.273603389123));
#1495 = CARTESIAN_POINT('',(0.114761139919,4.894244354962,9.291278788898
    ));
#1496 = CARTESIAN_POINT('',(0.147837894894,4.793991284125,9.308956110185
    ));
#1497 = CARTESIAN_POINT('',(0.180914583675,4.69373826797,9.32663342183)
  );
#1498 = ORIENTED_EDGE('',*,*,#1499,.T.);
#1499 = EDGE_CURVE('',#1465,#1406,#1500,.T.);
#1500 = B_SPLINE_CURVE_WITH_KNOTS('',6,(#1501,#1502,#1503,#1504,#1505,
    #1506,#1507,#1508,#1509,#1510,#1511,#1512,#1513,#1514,#1515,#1516,
    #1517,#1518,#1519,#1520,#1521,#1522,#1523,#1524,#1525,#1526,#1527,
    #1528,#1529,#1530,#1531,#1532,#1533,#1534,#1535,#1536,#1537,#1538,
    #1539,#1540,#1541,#1542,#1543,#1544,#1545,#1546,#1547,#1548,#1549,
    #1550,#1551,#1552,#1553,#1554,#1555,#1556,#1557,#1558,#1559,#1560,
    #1561,#1562,#1563,#1564,#1565,#1566,#1567,#1568,#1569,#1570,#1571,
    #1572,#1573,#1574,#1575,#1576,#1577,#1578,#1579,#1580,#1581,#1582,
    #1583,#1584,#1585,#1586,#1587,#1588,#1589,#1590,#1591,#1592,#1593,
    #1594,#1595,#1596,#1597,#1598,#1599,#1600,#1601,#1602,#1603,#1604,
    #1605,#1606,#1607),.UNSPECIFIED.,.T.,.F.,(7,5,5,5,5,5,5,5,5,5,5,5,5,
    5,5,5,5,5,5,5,5,7),(0.,0.10410398453,0.15490334776,0.203155325718,
    0.231485908353,0.288406815136,0.348353707048,0.372597943022,
    0.407710598649,0.439533143115,0.458312972416,0.499637370003,
    0.560458543959,0.592280867588,0.627393385628,0.65163770446,
    0.711585528267,0.769521768545,0.797848919173,0.845092783353,
    0.895893483909,1.),.UNSPECIFIED.);
#1501 = CARTESIAN_POINT('',(-2.020613230022,6.498322657131,
    10.359017147184));
#1502 = CARTESIAN_POINT('',(-1.851769406782,6.552349883831,
    10.349490689424));
#1503 = CARTESIAN_POINT('',(-1.682845291961,6.602172434969,
    10.31596809496));
#1504 = CARTESIAN_POINT('',(-1.517946925099,6.646469789443,
    10.258643282924));
#1505 = CARTESIAN_POINT('',(-1.36083934514,6.684237584363,
    10.178865135574));
#1506 = CARTESIAN_POINT('',(-1.214951372481,6.714701690383,
    10.078659143221));
#1507 = CARTESIAN_POINT('',(-1.018877347403,6.748516745707,
    9.903552301186));
#1508 = CARTESIAN_POINT('',(-0.957918375165,6.757766760366,
    9.841949094437));
#1509 = CARTESIAN_POINT('',(-0.900625252497,6.765127843227,
    9.776492533394));
#1510 = CARTESIAN_POINT('',(-0.847278612992,6.770569594675,
    9.707535317445));
#1511 = CARTESIAN_POINT('',(-0.798117448552,6.774079418164,9.63545319484
    ));
#1512 = CARTESIAN_POINT('',(-0.710809297877,6.777163591849,
    9.489578818387));
#1513 = CARTESIAN_POINT('',(-0.672232205653,6.776926524941,
    9.416051283648));
#1514 = CARTESIAN_POINT('',(-0.637778964711,6.774953368988,
    9.340394193326));
#1515 = CARTESIAN_POINT('',(-0.607582564234,6.771260929252,
    9.262951695913));
#1516 = CARTESIAN_POINT('',(-0.581742184345,6.765878042274,9.18407291125
    ));
#1517 = CARTESIAN_POINT('',(-0.547751665663,6.754714373904,
    9.057159652127));
#1518 = CARTESIAN_POINT('',(-0.536702436241,6.750015359718,
    9.009835585846));
#1519 = CARTESIAN_POINT('',(-0.527191814453,6.744755187804,
    8.962207983091));
#1520 = CARTESIAN_POINT('',(-0.519229769272,6.738943012802,
    8.914347415723));
#1521 = CARTESIAN_POINT('',(-0.512822689924,6.732589121095,
    8.866324175848));
#1522 = CARTESIAN_POINT('',(-0.49823031824,6.71187343436,8.721535337757)
  );
#1523 = CARTESIAN_POINT('',(-0.494775840081,6.695901101498,
    8.624487931583));
#1524 = CARTESIAN_POINT('',(-0.497633352962,6.677880253348,
    8.527633423902));
#1525 = CARTESIAN_POINT('',(-0.50677210866,6.657919203769,8.431528558986
    ));
#1526 = CARTESIAN_POINT('',(-0.522112737352,6.636140338089,
    8.336718906621));
#1527 = CARTESIAN_POINT('',(-0.566091529722,6.587968769107,
    8.145814750891));
#1528 = CARTESIAN_POINT('',(-0.595393251112,6.561392360631,
    8.049920011743));
#1529 = CARTESIAN_POINT('',(-0.631294517466,6.533105743633,7.95667485717
    ));
#1530 = CARTESIAN_POINT('',(-0.673599714771,6.503280906986,
    7.866688663737));
#1531 = CARTESIAN_POINT('',(-0.722060038601,6.472105059312,
    7.780557596891));
#1532 = CARTESIAN_POINT('',(-0.798338004558,6.42670771714,7.665823072886
    ));
#1533 = CARTESIAN_POINT('',(-0.821260562363,6.413447000613,7.63350908029
    ));
#1534 = CARTESIAN_POINT('',(-0.845120052699,6.400011930018,
    7.601959406661));
#1535 = CARTESIAN_POINT('',(-0.869894674351,6.386416422886,
    7.571212189152));
#1536 = CARTESIAN_POINT('',(-0.895560940817,6.372674871777,
    7.541305105553));
#1537 = CARTESIAN_POINT('',(-0.960520749965,6.338710428322,
    7.470231939384));
#1538 = CARTESIAN_POINT('',(-1.000765287002,6.31834354758,7.430028699686
    ));
#1539 = CARTESIAN_POINT('',(-1.042750441824,6.297746768016,
    7.391778574979));
#1540 = CARTESIAN_POINT('',(-1.086391408931,6.276967559512,
    7.355592097561));
#1541 = CARTESIAN_POINT('',(-1.131594439182,6.256055628872,
    7.321575751139));
#1542 = CARTESIAN_POINT('',(-1.220545016996,6.21603732358,7.261059466243
    ));
#1543 = CARTESIAN_POINT('',(-1.264032239153,6.196945292338,
    7.234153768544));
#1544 = CARTESIAN_POINT('',(-1.308640001696,6.177825682542,
    7.209188350739));
#1545 = CARTESIAN_POINT('',(-1.354284567512,6.158718606058,
    7.186234014834));
#1546 = CARTESIAN_POINT('',(-1.400875465677,6.139665349345,
    7.165355624398));
#1547 = CARTESIAN_POINT('',(-1.476311040389,6.109520879288,
    7.135548206479));
#1548 = CARTESIAN_POINT('',(-1.504602717948,6.098366957624,
    7.125228805049));
#1549 = CARTESIAN_POINT('',(-1.533169951759,6.087255199712,
    7.115664129903));
#1550 = CARTESIAN_POINT('',(-1.561991952068,6.076194355551,
    7.106864904253));
#1551 = CARTESIAN_POINT('',(-1.591047198216,6.065193220076,
    7.098840738526));
#1552 = CARTESIAN_POINT('',(-1.684712839495,6.030203834696,
    7.075667409919));
#1553 = CARTESIAN_POINT('',(-1.750136006106,6.006478148459,
    7.063528127157));
#1554 = CARTESIAN_POINT('',(-1.816342242591,5.98317900857,7.055273140704
    ));
#1555 = CARTESIAN_POINT('',(-1.883081054315,5.96039948743,7.050961580365
    ));
#1556 = CARTESIAN_POINT('',(-1.950093411772,5.938229298836,
    7.050617558412));
#1557 = CARTESIAN_POINT('',(-2.115752345043,5.885146202177,
    7.059539075205));
#1558 = CARTESIAN_POINT('',(-2.214422230356,5.855038753458,
    7.073416216183));
#1559 = CARTESIAN_POINT('',(-2.312260554378,5.826708000967,
    7.095813536278));
#1560 = CARTESIAN_POINT('',(-2.408451643835,5.800383740132,
    7.126508032907));
#1561 = CARTESIAN_POINT('',(-2.502232812593,5.776252142013,
    7.165128443647));
#1562 = CARTESIAN_POINT('',(-2.640339474307,5.743056399013,
    7.235282646598));
#1563 = CARTESIAN_POINT('',(-2.686929482363,5.732293137723,
    7.261417490973));
#1564 = CARTESIAN_POINT('',(-2.732573218029,5.722189283857,
    7.289521414489));
#1565 = CARTESIAN_POINT('',(-2.777180215756,5.712761448635,
    7.319519350553));
#1566 = CARTESIAN_POINT('',(-2.820666743183,5.704023108718,
    7.351331054296));
#1567 = CARTESIAN_POINT('',(-2.909616156936,5.687115912138,
    7.421882201947));
#1568 = CARTESIAN_POINT('',(-2.954818725192,5.679099309214,7.46099802871
    ));
#1569 = CARTESIAN_POINT('',(-2.998459316581,5.67194961503,7.502107665039
    ));
#1570 = CARTESIAN_POINT('',(-3.040444185918,5.665677119186,7.54509405599
    ));
#1571 = CARTESIAN_POINT('',(-3.080688531058,5.660288624773,
    7.589837107297));
#1572 = CARTESIAN_POINT('',(-3.145648373454,5.652680510959,
    7.668238176472));
#1573 = CARTESIAN_POINT('',(-3.171314801902,5.649996300662,
    7.701040691879));
#1574 = CARTESIAN_POINT('',(-3.196089619173,5.647736658252,7.73458272391
    ));
#1575 = CARTESIAN_POINT('',(-3.219949339085,5.645902221937,
    7.768823946135));
#1576 = CARTESIAN_POINT('',(-3.242872160683,5.644493026447,
    7.803723762925));
#1577 = CARTESIAN_POINT('',(-3.319151820932,5.641074116792,
    7.927063930324));
#1578 = CARTESIAN_POINT('',(-3.367613609318,5.6412363249,8.018662549884)
  );
#1579 = CARTESIAN_POINT('',(-3.409920331799,5.643986599853,
    8.113421848459));
#1580 = CARTESIAN_POINT('',(-3.445823176704,5.649296962416,
    8.210717586945));
#1581 = CARTESIAN_POINT('',(-3.475126522827,5.657120612997,
    8.309918317419));
#1582 = CARTESIAN_POINT('',(-3.519490329418,5.677319831904,
    8.507484582764));
#1583 = CARTESIAN_POINT('',(-3.534995727696,5.689533835713,
    8.605766379756));
#1584 = CARTESIAN_POINT('',(-3.544073996267,5.70397534987,8.704654969339
    ));
#1585 = CARTESIAN_POINT('',(-3.546642232855,5.720568597801,
    8.803565479621));
#1586 = CARTESIAN_POINT('',(-3.542669833941,5.739219483634,
    8.901907002978));
#1587 = CARTESIAN_POINT('',(-3.527057921319,5.769883152865,
    9.046597270538));
#1588 = CARTESIAN_POINT('',(-3.520374380783,5.780417082607,
    9.093832328393));
#1589 = CARTESIAN_POINT('',(-3.512137106833,5.791402281063,9.14071940874
    ));
#1590 = CARTESIAN_POINT('',(-3.502352862618,5.802824255234,
    9.187188972477));
#1591 = CARTESIAN_POINT('',(-3.491032003251,5.814667352151,
    9.233171623054));
#1592 = CARTESIAN_POINT('',(-3.456768112222,5.847340915659,
    9.354360142733));
#1593 = CARTESIAN_POINT('',(-3.431112169735,5.868891941224,
    9.428576274431));
#1594 = CARTESIAN_POINT('',(-3.401286454161,5.891489273563,
    9.500924086018));
#1595 = CARTESIAN_POINT('',(-3.367385394295,5.915045884995,
    9.571086708296));
#1596 = CARTESIAN_POINT('',(-3.329534521255,5.939465927936,
    9.638755448646));
#1597 = CARTESIAN_POINT('',(-3.243116316177,5.991718436947,
    9.773393769418));
#1598 = CARTESIAN_POINT('',(-3.193955173566,6.01967031885,9.839929489176
    ));
#1599 = CARTESIAN_POINT('',(-3.140608448668,6.048368866719,
    9.902867960167));
#1600 = CARTESIAN_POINT('',(-3.083315137648,6.07767372662,9.961860390469
    ));
#1601 = CARTESIAN_POINT('',(-3.022355880145,6.107435697922,
    10.016585736742));
#1602 = CARTESIAN_POINT('',(-2.826280978526,6.19910225198,
    10.169569407594));
#1603 = CARTESIAN_POINT('',(-2.680392201371,6.262002121993,
    10.253314268552));
#1604 = CARTESIAN_POINT('',(-2.523283538203,6.324778520188,
    10.315364931458));
#1605 = CARTESIAN_POINT('',(-2.358383904681,6.386011200472,
    10.354082754698));
#1606 = CARTESIAN_POINT('',(-2.189458407903,6.444294996968,
    10.368543681376));
#1607 = CARTESIAN_POINT('',(-2.020613230022,6.498322657131,
    10.359017147184));
#1608 = ( BOUNDED_SURFACE() B_SPLINE_SURFACE(2,2,(
    (#1609,#1610,#1611,#1612,#1613,#1614,#1615)
    ,(#1616,#1617,#1618,#1619,#1620,#1621,#1622)
    ,(#1623,#1624,#1625,#1626,#1627,#1628,#1629)
    ,(#1630,#1631,#1632,#1633,#1634,#1635,#1636)
    ,(#1637,#1638,#1639,#1640,#1641,#1642,#1643
)),.UNSPECIFIED.,.F.,.T.,.F.) B_SPLINE_SURFACE_WITH_KNOTS((3,2,3),(3,2,2
    ,3),(3.385770088535,4.834477697857,6.28318530718),(0.,2.094395102393
    ,4.188790204786,6.28318530718),.PIECEWISE_BEZIER_KNOTS.) 
GEOMETRIC_REPRESENTATION_ITEM() RATIONAL_B_SPLINE_SURFACE((
    (1.,0.5,1.,0.5,1.,0.5,1.)
    ,(0.748927780694,0.374463890347,0.748927780694,0.374463890347
      ,0.748927780694,0.374463890347,0.748927780694)
    ,(1.,0.5,1.,0.5,1.,0.5,1.)
    ,(0.748927780694,0.374463890347,0.748927780694,0.374463890347
      ,0.748927780694,0.374463890347,0.748927780694)
,(1.,0.5,1.,0.5,1.,0.5,1.))) REPRESENTATION_ITEM('') SURFACE() );
#1609 = CARTESIAN_POINT('',(-2.020613230022,3.431674207333,
    -7.032810453311));
#1610 = CARTESIAN_POINT('',(0.615031901326,4.275036992424,
    -7.181518066848));
#1611 = CARTESIAN_POINT('',(-0.523492891788,3.714310412311,
    -4.717913594166));
#1612 = CARTESIAN_POINT('',(-1.662017684901,3.153583832197,
    -2.254309121484));
#1613 = CARTESIAN_POINT('',(-3.159138023136,2.87094762722,
    -4.569205980629));
#1614 = CARTESIAN_POINT('',(-4.656258361371,2.588311422242,
    -6.884102839774));
#1615 = CARTESIAN_POINT('',(-2.020613230022,3.431674207333,
    -7.032810453311));
#1616 = CARTESIAN_POINT('',(-4.434914481494,11.087260875452,
    -6.406107134881));
#1617 = CARTESIAN_POINT('',(-1.799269350146,11.930623660543,
    -6.554814748418));
#1618 = CARTESIAN_POINT('',(-2.301055351663,9.350841255871,
    -4.256494667409));
#1619 = CARTESIAN_POINT('',(-2.80284135318,6.771058851199,
    -1.958174586401));
#1620 = CARTESIAN_POINT('',(-4.936700483011,8.50747847078,
    -4.107787053873));
#1621 = CARTESIAN_POINT('',(-7.070559612843,10.243898090361,
    -6.257399521344));
#1622 = CARTESIAN_POINT('',(-4.434914481494,11.087260875452,
    -6.406107134881));
#1623 = CARTESIAN_POINT('',(-4.131898752579,11.55659537888,
    1.626172828317));
#1624 = CARTESIAN_POINT('',(-1.496253621231,12.399958163971,
    1.47746521478));
#1625 = CARTESIAN_POINT('',(-2.077955858945,9.696395230922,
    1.657381789011));
#1626 = CARTESIAN_POINT('',(-2.659658096659,6.992832297873,
    1.837298363242));
#1627 = CARTESIAN_POINT('',(-4.713600990293,8.853032445831,
    1.806089402548));
#1628 = CARTESIAN_POINT('',(-6.767543883927,10.713232593789,
    1.774880441854));
#1629 = CARTESIAN_POINT('',(-4.131898752579,11.55659537888,
    1.626172828317));
#1630 = CARTESIAN_POINT('',(-3.828883023663,12.025929882308,
    9.658452791516));
#1631 = CARTESIAN_POINT('',(-1.193237892315,12.869292667399,
    9.509745177979));
#1632 = CARTESIAN_POINT('',(-1.854856366227,10.041949205973,
    7.571258245432));
#1633 = CARTESIAN_POINT('',(-2.516474840139,7.214605744548,
    5.632771312885));
#1634 = CARTESIAN_POINT('',(-4.490501497575,9.198586420882,
    7.719965858969));
#1635 = CARTESIAN_POINT('',(-6.464528155012,11.182567097217,
    9.807160405053));
#1636 = CARTESIAN_POINT('',(-3.828883023663,12.025929882308,
    9.658452791516));
#1637 = CARTESIAN_POINT('',(-1.340775842397,4.484659621241,
    10.988182207356));
#1638 = CARTESIAN_POINT('',(1.294869288951,5.328022406332,
    10.839474593819));
#1639 = CARTESIAN_POINT('',(-2.29532767233E-02,4.489585387385,
    8.550289793358));
#1640 = CARTESIAN_POINT('',(-1.340775842397,3.651148368439,
    6.261104992898));
#1641 = CARTESIAN_POINT('',(-2.658598408072,3.646222602294,
    8.698997406895));
#1642 = CARTESIAN_POINT('',(-3.976420973746,3.64129683615,
    11.136889820893));
#1643 = CARTESIAN_POINT('',(-1.340775842397,4.484659621241,
    10.988182207356));
#1644 = ADVANCED_FACE('',(#1645),#1862,.F.);
#1645 = FACE_BOUND('',#1646,.F.);
#1646 = EDGE_LOOP('',(#1647,#1657,#1665,#1666,#1667,#1675,#1718,#1821));
#1647 = ORIENTED_EDGE('',*,*,#1648,.T.);
#1648 = EDGE_CURVE('',#1649,#1651,#1653,.T.);
#1649 = VERTEX_POINT('',#1650);
#1650 = CARTESIAN_POINT('',(-2.196726707063,3.932932438288,
    9.460784016684));
#1651 = VERTEX_POINT('',#1652);
#1652 = CARTESIAN_POINT('',(-1.340775842397,4.363105896874,
    10.298816780248));
#1653 = ( BOUNDED_CURVE() B_SPLINE_CURVE(2,(#1654,#1655,#1656),
.UNSPECIFIED.,.F.,.F.) B_SPLINE_CURVE_WITH_KNOTS((3,3),(4.712388980385,
6.28318530718),.PIECEWISE_BEZIER_KNOTS.) CURVE() 
GEOMETRIC_REPRESENTATION_ITEM() RATIONAL_B_SPLINE_CURVE((1.,
0.707106781187,1.)) REPRESENTATION_ITEM('') );
#1654 = CARTESIAN_POINT('',(-2.196726707063,3.932932438288,
    9.460784016684));
#1655 = CARTESIAN_POINT('',(-2.196726707063,4.089215798188,
    10.347110994395));
#1656 = CARTESIAN_POINT('',(-1.340775842397,4.363105896874,
    10.298816780248));
#1657 = ORIENTED_EDGE('',*,*,#1658,.F.);
#1658 = EDGE_CURVE('',#1293,#1651,#1659,.T.);
#1659 = ( BOUNDED_CURVE() B_SPLINE_CURVE(2,(#1660,#1661,#1662,#1663,
#1664),.UNSPECIFIED.,.F.,.F.) B_SPLINE_CURVE_WITH_KNOTS((3,2,3),(
    3.406587984357,4.844886645768,6.28318530718),
.PIECEWISE_BEZIER_KNOTS.) CURVE() GEOMETRIC_REPRESENTATION_ITEM() 
RATIONAL_B_SPLINE_CURVE((1.,0.752366375349,1.,0.752366375349,1.)) 
REPRESENTATION_ITEM('') );
#1660 = CARTESIAN_POINT('',(-2.020613230022,3.557269594361,
    -6.320523618236));
#1661 = CARTESIAN_POINT('',(-4.214019226771,10.539810389358,
    -5.595777837462));
#1662 = CARTESIAN_POINT('',(-3.91376695793,10.895710465681,
    1.744204858557));
#1663 = CARTESIAN_POINT('',(-3.61351468909,11.251610542005,
    9.084187554575));
#1664 = CARTESIAN_POINT('',(-1.340775842397,4.363105896874,
    10.298816780248));
#1665 = ORIENTED_EDGE('',*,*,#1292,.F.);
#1666 = ORIENTED_EDGE('',*,*,#1658,.T.);
#1667 = ORIENTED_EDGE('',*,*,#1668,.T.);
#1668 = EDGE_CURVE('',#1651,#1669,#1671,.T.);
#1669 = VERTEX_POINT('',#1670);
#1670 = CARTESIAN_POINT('',(-0.484824977732,4.480712635659,
    9.364195588389));
#1671 = ( BOUNDED_CURVE() B_SPLINE_CURVE(2,(#1672,#1673,#1674),
.UNSPECIFIED.,.F.,.F.) B_SPLINE_CURVE_WITH_KNOTS((3,3),(0.,
1.570796326795),.PIECEWISE_BEZIER_KNOTS.) CURVE() 
GEOMETRIC_REPRESENTATION_ITEM() RATIONAL_B_SPLINE_CURVE((1.,
0.707106781187,1.)) REPRESENTATION_ITEM('') );
#1672 = CARTESIAN_POINT('',(-1.340775842397,4.363105896874,
    10.298816780248));
#1673 = CARTESIAN_POINT('',(-0.484824977732,4.636995995559,10.2505225661
    ));
#1674 = CARTESIAN_POINT('',(-0.484824977732,4.480712635659,
    9.364195588389));
#1675 = ORIENTED_EDGE('',*,*,#1676,.F.);
#1676 = EDGE_CURVE('',#1677,#1669,#1679,.T.);
#1677 = VERTEX_POINT('',#1678);
#1678 = CARTESIAN_POINT('',(-1.219160788394,6.523811270762,
    9.003942174772));
#1679 = B_SPLINE_CURVE_WITH_KNOTS('',7,(#1680,#1681,#1682,#1683,#1684,
    #1685,#1686,#1687,#1688,#1689,#1690,#1691,#1692,#1693,#1694,#1695,
    #1696,#1697,#1698,#1699,#1700,#1701,#1702,#1703,#1704,#1705,#1706,
    #1707,#1708,#1709,#1710,#1711,#1712,#1713,#1714,#1715,#1716,#1717),
  .UNSPECIFIED.,.F.,.F.,(8,6,6,6,6,6,8),(0.,0.104396259583,
    0.180649869394,0.295695576218,0.479400330555,0.800803253442,1.),
  .UNSPECIFIED.);
#1680 = CARTESIAN_POINT('',(-2.509742653409,7.74987514919,8.787754032933
    ));
#1681 = CARTESIAN_POINT('',(-2.466323183591,7.76376866033,8.785304232063
    ));
#1682 = CARTESIAN_POINT('',(-2.421028507548,7.772049461311,
    8.783844103428));
#1683 = CARTESIAN_POINT('',(-2.374425393672,7.774526755168,
    8.783407289681));
#1684 = CARTESIAN_POINT('',(-2.327070978481,7.771329853502,8.7839709897)
  );
#1685 = CARTESIAN_POINT('',(-2.27946994106,7.762785342206,8.785477617578
    ));
#1686 = CARTESIAN_POINT('',(-2.232052681674,7.749331820673,8.78784983641
    ));
#1687 = CARTESIAN_POINT('',(-2.150933524622,7.718427116431,
    8.793299169599));
#1688 = CARTESIAN_POINT('',(-2.116957744523,7.703022390541,
    8.796015438404));
#1689 = CARTESIAN_POINT('',(-2.083357035273,7.685437973039,
    8.799116045649));
#1690 = CARTESIAN_POINT('',(-2.050214913291,7.665855166961,
    8.802569022719));
#1691 = CARTESIAN_POINT('',(-2.017590957751,7.644448741432,8.8063435531)
  );
#1692 = CARTESIAN_POINT('',(-1.985523227964,7.621379030949,
    8.810411365495));
#1693 = CARTESIAN_POINT('',(-1.906517095965,7.559676955546,
    8.821291106155));
#1694 = CARTESIAN_POINT('',(-1.860330180848,7.519112351393,
    8.828443740329));
#1695 = CARTESIAN_POINT('',(-1.815521699854,7.475561273938,
    8.836122970323));
#1696 = CARTESIAN_POINT('',(-1.772104502275,7.429430501722,
    8.844257070105));
#1697 = CARTESIAN_POINT('',(-1.730058022081,7.381061140206,8.85278589358
    ));
#1698 = CARTESIAN_POINT('',(-1.689333777771,7.330727221888,
    8.861661121425));
#1699 = CARTESIAN_POINT('',(-1.586830615663,7.195452443296,8.8855137147)
  );
#1700 = CARTESIAN_POINT('',(-1.52703879161,7.107849134295,8.900960541676
    ));
#1701 = CARTESIAN_POINT('',(-1.470201393854,7.01668364476,8.917035477191
    ));
#1702 = CARTESIAN_POINT('',(-1.416057943921,6.922609278407,
    8.933623326172));
#1703 = CARTESIAN_POINT('',(-1.364346333998,6.826127358105,
    8.950635691871));
#1704 = CARTESIAN_POINT('',(-1.314794477896,6.727608548389,
    8.968007216132));
#1705 = CARTESIAN_POINT('',(-1.183734641872,6.451753127031,
    9.016647969692));
#1706 = CARTESIAN_POINT('',(-1.106210887586,6.270897639295,
    9.048537671789));
#1707 = CARTESIAN_POINT('',(-1.033124471442,6.086100316509,
    9.081122425759));
#1708 = CARTESIAN_POINT('',(-0.963366215923,5.898340470191,
    9.114229552558));
#1709 = CARTESIAN_POINT('',(-0.895911850671,5.708391936843,
    9.147722603933));
#1710 = CARTESIAN_POINT('',(-0.829911455701,5.5167901603,9.18150716669)
  );
#1711 = CARTESIAN_POINT('',(-0.724291158206,5.204286921851,
    9.236609919187));
#1712 = CARTESIAN_POINT('',(-0.684197450291,5.084246974695,
    9.257776200633));
#1713 = CARTESIAN_POINT('',(-0.644278725909,4.963855877303,
    9.279004399341));
#1714 = CARTESIAN_POINT('',(-0.604427174862,4.843218801747,
    9.300275970635));
#1715 = CARTESIAN_POINT('',(-0.564575420452,4.72242973182,9.321574342638
    ));
#1716 = CARTESIAN_POINT('',(-0.524700022061,4.601570968541,
    9.342885003459));
#1717 = CARTESIAN_POINT('',(-0.484824977732,4.480712635659,
    9.364195588389));
#1718 = ORIENTED_EDGE('',*,*,#1719,.T.);
#1719 = EDGE_CURVE('',#1677,#1720,#1722,.T.);
#1720 = VERTEX_POINT('',#1721);
#1721 = CARTESIAN_POINT('',(-2.82206567165,6.010908258706,9.094380814284
    ));
#1722 = B_SPLINE_CURVE_WITH_KNOTS('',7,(#1723,#1724,#1725,#1726,#1727,
    #1728,#1729,#1730,#1731,#1732,#1733,#1734,#1735,#1736,#1737,#1738,
    #1739,#1740,#1741,#1742,#1743,#1744,#1745,#1746,#1747,#1748,#1749,
    #1750,#1751,#1752,#1753,#1754,#1755,#1756,#1757,#1758,#1759,#1760,
    #1761,#1762,#1763,#1764,#1765,#1766,#1767,#1768,#1769,#1770,#1771,
    #1772,#1773,#1774,#1775,#1776,#1777,#1778,#1779,#1780,#1781,#1782,
    #1783,#1784,#1785,#1786,#1787,#1788,#1789,#1790,#1791,#1792,#1793,
    #1794,#1795,#1796,#1797,#1798,#1799,#1800,#1801,#1802,#1803,#1804,
    #1805,#1806,#1807,#1808,#1809,#1810,#1811,#1812,#1813,#1814,#1815,
    #1816,#1817,#1818,#1819,#1820),.UNSPECIFIED.,.T.,.F.,(8,6,6,6,6,6,6,
    6,6,6,6,6,6,6,6,6,8),(0.,0.141643728876,0.186783276959,
    0.271539848749,0.33111767783,0.356278865966,0.394366931978,
    0.430256958924,0.49963771069,0.569742440088,0.605632292246,
    0.643720189901,0.668881303709,0.728459117631,0.813215975419,
    0.858355726666,1.),.UNSPECIFIED.);
#1723 = CARTESIAN_POINT('',(-2.020613230022,6.372727270104,
    9.646730312109));
#1724 = CARTESIAN_POINT('',(-1.910610919413,6.407926187416,
    9.640523793295));
#1725 = CARTESIAN_POINT('',(-1.800528977844,6.440030266664,
    9.616616575127));
#1726 = CARTESIAN_POINT('',(-1.693595867415,6.467998490832,
    9.575145654693));
#1727 = CARTESIAN_POINT('',(-1.59283002494,6.491023856212,9.517182198233
    ));
#1728 = CARTESIAN_POINT('',(-1.500896487606,6.508520137662,
    9.444388209991));
#1729 = CARTESIAN_POINT('',(-1.420097243109,6.520118546832,
    9.358979523854));
#1730 = CARTESIAN_POINT('',(-1.330500988042,6.527526510028,
    9.233345217271));
#1731 = CARTESIAN_POINT('',(-1.310147580468,6.528709912776,
    9.201972594318));
#1732 = CARTESIAN_POINT('',(-1.29114723637,6.529283397196,9.169672721064
    ));
#1733 = CARTESIAN_POINT('',(-1.273547755597,6.529246413399,
    9.136531919046));
#1734 = CARTESIAN_POINT('',(-1.25739092191,6.52860080789,9.102638843495)
  );
#1735 = CARTESIAN_POINT('',(-1.24271260692,6.527350716702,9.068084071762
    ));
#1736 = CARTESIAN_POINT('',(-1.204814637732,6.522032064339,
    8.967008166706));
#1737 = CARTESIAN_POINT('',(-1.185404533389,6.516452526513,
    8.899046052305));
#1738 = CARTESIAN_POINT('',(-1.171511249231,6.50880615861,8.829685093707
    ));
#1739 = CARTESIAN_POINT('',(-1.16325932647,6.499161259702,8.759545667988
    ));
#1740 = CARTESIAN_POINT('',(-1.160702620748,6.487609978696,
    8.689251148904));
#1741 = CARTESIAN_POINT('',(-1.163827763568,6.474266178652,
    8.619422271663));
#1742 = CARTESIAN_POINT('',(-1.17869409324,6.448717347485,8.502344603668
    ));
#1743 = CARTESIAN_POINT('',(-1.187599967618,6.437351359268,
    8.454549000915));
#1744 = CARTESIAN_POINT('',(-1.199248266791,6.425211587226,
    8.407496507139));
#1745 = CARTESIAN_POINT('',(-1.213596608615,6.412348866195,
    8.361396118204));
#1746 = CARTESIAN_POINT('',(-1.230587126459,6.398818482704,
    8.316453103127));
#1747 = CARTESIAN_POINT('',(-1.250146386769,6.384680042588,
    8.272868099098));
#1748 = CARTESIAN_POINT('',(-1.281492886609,6.363796470234,8.21308510052
    ));
#1749 = CARTESIAN_POINT('',(-1.291242734328,6.357498521084,
    8.195610966135));
#1750 = CARTESIAN_POINT('',(-1.301428141845,6.351108297033,
    8.178428507253));
#1751 = CARTESIAN_POINT('',(-1.312041891415,6.344630731525,
    8.161552197428));
#1752 = CARTESIAN_POINT('',(-1.323076255502,6.33807088558,8.14499627985)
  );
#1753 = CARTESIAN_POINT('',(-1.334522996773,6.3314339478,8.128774767344)
  );
#1754 = CARTESIAN_POINT('',(-1.364312017216,6.31456983475,8.08887299642)
  );
#1755 = CARTESIAN_POINT('',(-1.383175596361,6.304249916036,
    8.065642187964));
#1756 = CARTESIAN_POINT('',(-1.402933736191,6.293783978893,
    8.043257114297));
#1757 = CARTESIAN_POINT('',(-1.423553318674,6.283191100137,
    8.021763997015));
#1758 = CARTESIAN_POINT('',(-1.444998477088,6.272490932731,
    8.001207182021));
#1759 = CARTESIAN_POINT('',(-1.467230596021,6.261703705783,
    7.981629139523));
#1760 = CARTESIAN_POINT('',(-1.511859996784,6.240623091091,
    7.945582798401));
#1761 = CARTESIAN_POINT('',(-1.534173785423,6.230337046638,
    7.928999918364));
#1762 = CARTESIAN_POINT('',(-1.557114923589,6.220009560452,
    7.913355868091));
#1763 = CARTESIAN_POINT('',(-1.580646607944,6.20965836553,7.898682352289
    ));
#1764 = CARTESIAN_POINT('',(-1.604729985523,6.1993014586,7.885008736206)
  );
#1765 = CARTESIAN_POINT('',(-1.629324153728,6.188957100117,
    7.872362045632));
#1766 = CARTESIAN_POINT('',(-1.702834740808,6.158706701194,
    7.838351957842));
#1767 = CARTESIAN_POINT('',(-1.753035701823,6.138883993572,
    7.819864720076));
#1768 = CARTESIAN_POINT('',(-1.804673924904,6.119311234006,
    7.805484323779));
#1769 = CARTESIAN_POINT('',(-1.857413300979,6.100123212543,
    7.795346294851));
#1770 = CARTESIAN_POINT('',(-1.910900637981,6.081451934837,7.78953840348
    ));
#1771 = CARTESIAN_POINT('',(-1.964769568438,6.063424590321,
    7.788096452703));
#1772 = CARTESIAN_POINT('',(-2.073081522017,6.028718312908,
    7.793933980018));
#1773 = CARTESIAN_POINT('',(-2.127532258739,6.012052983042,7.80130503795
    ));
#1774 = CARTESIAN_POINT('',(-2.181609003372,5.996289846739,
    7.813092899034));
#1775 = CARTESIAN_POINT('',(-2.234933484615,5.981539968807,
    7.829219645321));
#1776 = CARTESIAN_POINT('',(-2.287140968513,5.967900651124,
    7.849554635627));
#1777 = CARTESIAN_POINT('',(-2.337884403247,5.955454920846,
    7.873919358517));
#1778 = CARTESIAN_POINT('',(-2.411900462073,5.938545462004,
    7.916515309037));
#1779 = CARTESIAN_POINT('',(-2.436494529042,5.933150375058,
    7.931937142721));
#1780 = CARTESIAN_POINT('',(-2.460577813216,5.928094721497,
    7.948328253721));
#1781 = CARTESIAN_POINT('',(-2.484109412573,5.923386417093,
    7.965657001277));
#1782 = CARTESIAN_POINT('',(-2.507050474677,5.919032329671,
    7.983889636495));
#1783 = CARTESIAN_POINT('',(-2.529364196674,5.915038279112,
    8.002990302343));
#1784 = CARTESIAN_POINT('',(-2.573993490713,5.907557525564,
    8.044072406777));
#1785 = CARTESIAN_POINT('',(-2.596225570138,5.904116911982,
    8.066159005174));
#1786 = CARTESIAN_POINT('',(-2.617670699925,5.901092862997,
    8.089135567461));
#1787 = CARTESIAN_POINT('',(-2.638290265068,5.898489862095,
    8.112955266746));
#1788 = CARTESIAN_POINT('',(-2.658048399192,5.896311209859,
    8.137569710629));
#1789 = CARTESIAN_POINT('',(-2.676911984563,5.894559023966,
    8.162928941206));
#1790 = CARTESIAN_POINT('',(-2.706701052929,5.892359077722,
    8.206191882564));
#1791 = CARTESIAN_POINT('',(-2.718147827855,5.891670449104,
    8.223704970639));
#1792 = CARTESIAN_POINT('',(-2.729182229757,5.891168635052,
    8.241505929951));
#1793 = CARTESIAN_POINT('',(-2.739796021327,5.89085371861,8.259579818325
    ));
#1794 = CARTESIAN_POINT('',(-2.749981475045,5.890725584152,
    8.277911520751));
#1795 = CARTESIAN_POINT('',(-2.75973137318,5.890783917378,8.296485749382
    ));
#1796 = CARTESIAN_POINT('',(-2.791078116514,5.891606643202,
    8.359805740642));
#1797 = CARTESIAN_POINT('',(-2.810637575945,5.89322771596,8.405597748048
    ));
#1798 = CARTESIAN_POINT('',(-2.827628302513,5.895884641282,
    8.452457913699));
#1799 = CARTESIAN_POINT('',(-2.841976861967,5.899564808722,
    8.500177314609));
#1800 = CARTESIAN_POINT('',(-2.853625386936,5.904249964843,
    8.548544152543));
#1801 = CARTESIAN_POINT('',(-2.862531494485,5.909916398343,
    8.597344649707));
#1802 = CARTESIAN_POINT('',(-2.877398436497,5.925951088176,
    8.716099994132));
#1803 = CARTESIAN_POINT('',(-2.880523924489,5.937294822231,
    8.786281726055));
#1804 = CARTESIAN_POINT('',(-2.877967533134,5.950482247435,
    8.856287969969));
#1805 = CARTESIAN_POINT('',(-2.869715891259,5.965408056074,
    8.925496476834));
#1806 = CARTESIAN_POINT('',(-2.855822852496,5.981945633114,
    8.993289944684));
#1807 = CARTESIAN_POINT('',(-2.836412956754,5.999946976677,
    9.059062044516));
#1808 = CARTESIAN_POINT('',(-2.798515235158,6.029519078684,
    9.155861903671));
#1809 = CARTESIAN_POINT('',(-2.783836982533,6.040162819134,
    9.188760519763));
#1810 = CARTESIAN_POINT('',(-2.767680197234,6.051148281378,
    9.220830597842));
#1811 = CARTESIAN_POINT('',(-2.750080750981,6.062448372498,
    9.251985607287));
#1812 = CARTESIAN_POINT('',(-2.731080427737,6.074034505504,
    9.282141606761));
#1813 = CARTESIAN_POINT('',(-2.710727027647,6.085876639671,
    9.311217667526));
#1814 = CARTESIAN_POINT('',(-2.621130794496,6.135807426173,
    9.426742316685));
#1815 = CARTESIAN_POINT('',(-2.540331470237,6.175917965925,
    9.503033809112));
#1816 = CARTESIAN_POINT('',(-2.448397750562,6.217256235421,
    9.565454113031));
#1817 = CARTESIAN_POINT('',(-2.347631639796,6.258717815761,9.61204712529
    ));
#1818 = CARTESIAN_POINT('',(-2.240698201149,6.299183386197,
    9.641451563398));
#1819 = CARTESIAN_POINT('',(-2.13061589277,6.337528240113,9.652936850791
    ));
#1820 = CARTESIAN_POINT('',(-2.020613230022,6.372727270104,
    9.646730312109));
#1821 = ORIENTED_EDGE('',*,*,#1822,.F.);
#1822 = EDGE_CURVE('',#1649,#1720,#1823,.T.);
#1823 = B_SPLINE_CURVE_WITH_KNOTS('',7,(#1824,#1825,#1826,#1827,#1828,
    #1829,#1830,#1831,#1832,#1833,#1834,#1835,#1836,#1837,#1838,#1839,
    #1840,#1841,#1842,#1843,#1844,#1845,#1846,#1847,#1848,#1849,#1850,
    #1851,#1852,#1853,#1854,#1855,#1856,#1857,#1858,#1859,#1860,#1861),
  .UNSPECIFIED.,.F.,.F.,(8,6,6,6,6,6,8),(0.,0.203624025332,
    0.539778037293,0.732064443432,0.865833673068,0.915164165802,1.),
  .UNSPECIFIED.);
#1824 = CARTESIAN_POINT('',(-2.196726707063,3.932932438288,
    9.460784016684));
#1825 = CARTESIAN_POINT('',(-2.237492020571,4.056489111711,
    9.438997641513));
#1826 = CARTESIAN_POINT('',(-2.278257286311,4.180046354766,9.4172111659)
  );
#1827 = CARTESIAN_POINT('',(-2.318998564352,4.303528691826,
    9.395437898236));
#1828 = CARTESIAN_POINT('',(-2.359642003807,4.426879917486,
    9.373687749048));
#1829 = CARTESIAN_POINT('',(-2.400067376319,4.550061254698,
    9.351967555778));
#1830 = CARTESIAN_POINT('',(-2.440111609542,4.673049512907,
    9.330281407545));
#1831 = CARTESIAN_POINT('',(-2.544716285451,4.998536851695,
    9.272889207838));
#1832 = CARTESIAN_POINT('',(-2.608220924883,5.200530797388,
    9.237272225273));
#1833 = CARTESIAN_POINT('',(-2.669248221109,5.401993003094,
    9.201749002814));
#1834 = CARTESIAN_POINT('',(-2.726625047085,5.603003187672,
    9.166305483875));
#1835 = CARTESIAN_POINT('',(-2.778821216847,5.803504287378,
    9.130951730335));
#1836 = CARTESIAN_POINT('',(-2.824088517963,6.003275772758,
    9.095726627487));
#1837 = CARTESIAN_POINT('',(-2.880548827051,6.315503932775,
    9.040672378739));
#1838 = CARTESIAN_POINT('',(-2.898013876523,6.428630190053,
    9.020725167354));
#1839 = CARTESIAN_POINT('',(-2.911962937961,6.541238480307,
    9.000869287531));
#1840 = CARTESIAN_POINT('',(-2.921858179367,6.653131067905,
    8.981139605396));
#1841 = CARTESIAN_POINT('',(-2.927044381433,6.763934233175,
    8.961602017811));
#1842 = CARTESIAN_POINT('',(-2.926775770968,6.873098651136,
    8.942353385591));
#1843 = CARTESIAN_POINT('',(-2.915453588641,7.054089312224,
    8.910439848785));
#1844 = CARTESIAN_POINT('',(-2.907711304679,7.12709850333,8.897566358553
    ));
#1845 = CARTESIAN_POINT('',(-2.896559283218,7.198624764984,
    8.884954348795));
#1846 = CARTESIAN_POINT('',(-2.881639228048,7.268249512097,
    8.872677627354));
#1847 = CARTESIAN_POINT('',(-2.862573044826,7.335378949064,
    8.860840896417));
#1848 = CARTESIAN_POINT('',(-2.838997188521,7.399251867111,
    8.849578377628));
#1849 = CARTESIAN_POINT('',(-2.80013528514,7.480964850979,8.835170173898
    ));
#1850 = CARTESIAN_POINT('',(-2.789013220946,7.502405740635,
    8.831389566561));
#1851 = CARTESIAN_POINT('',(-2.777226383098,7.523223412534,8.82771884933
    ));
#1852 = CARTESIAN_POINT('',(-2.764764613871,7.543364164406,
    8.824167491363));
#1853 = CARTESIAN_POINT('',(-2.751621602876,7.562770931958,
    8.820745554636));
#1854 = CARTESIAN_POINT('',(-2.737796058408,7.581384529165,8.81746347524
    ));
#1855 = CARTESIAN_POINT('',(-2.698351118171,7.629688165622,
    8.808946240866));
#1856 = CARTESIAN_POINT('',(-2.671392909818,7.657723293984,
    8.804002891328));
#1857 = CARTESIAN_POINT('',(-2.642458556242,7.682917740753,
    8.799560430599));
#1858 = CARTESIAN_POINT('',(-2.611639467269,7.704961580883,
    8.795673506826));
#1859 = CARTESIAN_POINT('',(-2.579086800717,7.723584888609,
    8.792389715203));
#1860 = CARTESIAN_POINT('',(-2.545021060675,7.738586643217,
    8.789744501108));
#1861 = CARTESIAN_POINT('',(-2.509742653409,7.74987514919,8.787754032933
    ));
#1862 = ( BOUNDED_SURFACE() B_SPLINE_SURFACE(2,2,(
    (#1863,#1864,#1865,#1866,#1867,#1868,#1869)
    ,(#1870,#1871,#1872,#1873,#1874,#1875,#1876)
    ,(#1877,#1878,#1879,#1880,#1881,#1882,#1883)
    ,(#1884,#1885,#1886,#1887,#1888,#1889,#1890)
    ,(#1891,#1892,#1893,#1894,#1895,#1896,#1897
)),.UNSPECIFIED.,.F.,.T.,.F.) B_SPLINE_SURFACE_WITH_KNOTS((3,2,3),(3,2,2
    ,3),(3.406587984357,4.844886645768,6.28318530718),(0.,2.094395102393
    ,4.188790204786,6.28318530718),.PIECEWISE_BEZIER_KNOTS.) 
GEOMETRIC_REPRESENTATION_ITEM() RATIONAL_B_SPLINE_SURFACE((
    (1.,0.5,1.,0.5,1.,0.5,1.)
    ,(0.752366375349,0.376183187675,0.752366375349,0.376183187675
      ,0.752366375349,0.376183187675,0.752366375349)
    ,(1.,0.5,1.,0.5,1.,0.5,1.)
    ,(0.752366375349,0.376183187675,0.752366375349,0.376183187675
      ,0.752366375349,0.376183187675,0.752366375349)
,(1.,0.5,1.,0.5,1.,0.5,1.))) REPRESENTATION_ITEM('') SURFACE() );
#1863 = CARTESIAN_POINT('',(-2.020613230022,3.557269594361,
    -6.320523618236));
#1864 = CARTESIAN_POINT('',(-0.538062843639,4.031661160974,
    -6.40417165085));
#1865 = CARTESIAN_POINT('',(-1.170078456677,3.689549743578,
    -5.020872679925));
#1866 = CARTESIAN_POINT('',(-1.802094069714,3.347438326182,
    -3.637573708999));
#1867 = CARTESIAN_POINT('',(-2.65262884306,3.215158176964,-4.93722464731
    ));
#1868 = CARTESIAN_POINT('',(-3.503163616406,3.082878027747,
    -6.236875585621));
#1869 = CARTESIAN_POINT('',(-2.020613230022,3.557269594361,
    -6.320523618236));
#1870 = CARTESIAN_POINT('',(-4.214019226771,10.539810389358,
    -5.595777837462));
#1871 = CARTESIAN_POINT('',(-2.731468840387,11.014201955971,
    -5.679425870076));
#1872 = CARTESIAN_POINT('',(-3.010972775376,9.549896482236,
    -4.412603899632));
#1873 = CARTESIAN_POINT('',(-3.290476710365,8.085591008501,
    -3.145781929188));
#1874 = CARTESIAN_POINT('',(-4.49352316176,9.075504915623,
    -4.328955867018));
#1875 = CARTESIAN_POINT('',(-5.696569613154,10.065418822744,
    -5.512129804847));
#1876 = CARTESIAN_POINT('',(-4.214019226771,10.539810389358,
    -5.595777837462));
#1877 = CARTESIAN_POINT('',(-3.91376695793,10.895710465681,
    1.744204858557));
#1878 = CARTESIAN_POINT('',(-2.431216571547,11.370102032295,
    1.660556825942));
#1879 = CARTESIAN_POINT('',(-2.758975335457,9.848598332008,
    1.747738720241));
#1880 = CARTESIAN_POINT('',(-3.086734099366,8.327094631721,
    1.834920614539));
#1881 = CARTESIAN_POINT('',(-4.24152572184,9.374206765394,1.831386752855
    ));
#1882 = CARTESIAN_POINT('',(-5.396317344314,10.421318899068,
    1.827852891171));
#1883 = CARTESIAN_POINT('',(-3.91376695793,10.895710465681,
    1.744204858557));
#1884 = CARTESIAN_POINT('',(-3.61351468909,11.251610542005,
    9.084187554575));
#1885 = CARTESIAN_POINT('',(-2.130964302707,11.726002108619,
    9.000539521961));
#1886 = CARTESIAN_POINT('',(-2.506977895537,10.14730018178,
    7.908081340113));
#1887 = CARTESIAN_POINT('',(-2.882991488368,8.568598254941,
    6.815623158266));
#1888 = CARTESIAN_POINT('',(-3.989528281921,9.672908615166,
    7.991729372728));
#1889 = CARTESIAN_POINT('',(-5.096065075474,10.777218975392,
    9.16783558719));
#1890 = CARTESIAN_POINT('',(-3.61351468909,11.251610542005,
    9.084187554575));
#1891 = CARTESIAN_POINT('',(-1.340775842397,4.363105896874,
    10.298816780248));
#1892 = CARTESIAN_POINT('',(0.141774543986,4.837497463487,
    10.215168747633));
#1893 = CARTESIAN_POINT('',(-0.599500649206,4.36587664033,8.927502297374
    ));
#1894 = CARTESIAN_POINT('',(-1.340775842397,3.894255817173,
    7.639835847115));
#1895 = CARTESIAN_POINT('',(-2.082051035589,3.891485073717,
    9.011150329988));
#1896 = CARTESIAN_POINT('',(-2.823326228781,3.88871433026,
    10.382464812862));
#1897 = CARTESIAN_POINT('',(-1.340775842397,4.363105896874,
    10.298816780248));
#1898 = ADVANCED_FACE('',(#1899),#2095,.F.);
#1899 = FACE_BOUND('',#1900,.F.);
#1900 = EDGE_LOOP('',(#1901,#1906,#1907,#1956,#2003,#2004,#2009,#2010,
    #2053,#2094));
#1901 = ORIENTED_EDGE('',*,*,#1902,.F.);
#1902 = EDGE_CURVE('',#1406,#1720,#1903,.T.);
#1903 = B_SPLINE_CURVE_WITH_KNOTS('',1,(#1904,#1905),.UNSPECIFIED.,.F.,
  .F.,(2,2),(7.93151723694,8.657303033105),.PIECEWISE_BEZIER_KNOTS.);
#1904 = CARTESIAN_POINT('',(-3.512328982527,5.790035432777,
    9.133326652801));
#1905 = CARTESIAN_POINT('',(-2.82206567165,6.010908258706,9.094380814284
    ));
#1906 = ORIENTED_EDGE('',*,*,#1403,.F.);
#1907 = ORIENTED_EDGE('',*,*,#1908,.F.);
#1908 = EDGE_CURVE('',#1909,#1404,#1911,.T.);
#1909 = VERTEX_POINT('',#1910);
#1910 = CARTESIAN_POINT('',(0.251786343108,-0.620116567128,
    10.263609400826));
#1911 = B_SPLINE_CURVE_WITH_KNOTS('',7,(#1912,#1913,#1914,#1915,#1916,
    #1917,#1918,#1919,#1920,#1921,#1922,#1923,#1924,#1925,#1926,#1927,
    #1928,#1929,#1930,#1931,#1932,#1933,#1934,#1935,#1936,#1937,#1938,
    #1939,#1940,#1941,#1942,#1943,#1944,#1945,#1946,#1947,#1948,#1949,
    #1950,#1951,#1952,#1953,#1954,#1955),.UNSPECIFIED.,.F.,.F.,(8,6,6,6,
    6,6,6,8),(0.,0.122917290579,0.21271217425,0.350781512007,
    0.505651899257,0.739783553757,0.859894494094,1.),.UNSPECIFIED.);
#1912 = CARTESIAN_POINT('',(0.251786343108,-0.620116567128,
    10.263609400826));
#1913 = CARTESIAN_POINT('',(0.164409585083,-0.648075682384,
    10.268539347203));
#1914 = CARTESIAN_POINT('',(7.36191769919E-02,-0.665873758028,
    10.271677628144));
#1915 = CARTESIAN_POINT('',(-1.922793012429E-02,-0.67305157271,
    10.272943270534));
#1916 = CARTESIAN_POINT('',(-0.112867296447,-0.669856593092,
    10.272379909425));
#1917 = CARTESIAN_POINT('',(-0.206198251657,-0.656895972205,
    10.270094602276));
#1918 = CARTESIAN_POINT('',(-0.298298018661,-0.635028983682,
    10.266238862213));
#1919 = CARTESIAN_POINT('',(-0.454274590454,-0.583487900612,
    10.257150778652));
#1920 = CARTESIAN_POINT('',(-0.519128860383,-0.557485604639,
    10.252565872312));
#1921 = CARTESIAN_POINT('',(-0.582778630639,-0.52758614655,
    10.247293791142));
#1922 = CARTESIAN_POINT('',(-0.645071431283,-0.494141654984,
    10.241396624923));
#1923 = CARTESIAN_POINT('',(-0.705908392033,-0.45748819513,
    10.234933631014));
#1924 = CARTESIAN_POINT('',(-0.76523717718,-0.417930362387,
    10.227958517803));
#1925 = CARTESIAN_POINT('',(-0.911933794776,-0.310845472997,
    10.209076562578));
#1926 = CARTESIAN_POINT('',(-0.997184788095,-0.239746975075,
    10.196539979106));
#1927 = CARTESIAN_POINT('',(-1.078794132533,-0.163378140921,
    10.18307409316));
#1928 = CARTESIAN_POINT('',(-1.156828786835,-8.254190214883E-02,
    10.168820483245));
#1929 = CARTESIAN_POINT('',(-1.231422034725,2.090999502371E-03,
    10.153897419229));
#1930 = CARTESIAN_POINT('',(-1.302762944612,8.998635614297E-02,
    10.138399096374));
#1931 = CARTESIAN_POINT('',(-1.447712294257,0.282584743938,
    10.104438804165));
#1932 = CARTESIAN_POINT('',(-1.520500833617,0.387978434207,
    10.085855052974));
#1933 = CARTESIAN_POINT('',(-1.589751033878,0.496362632214,
    10.066743994583));
#1934 = CARTESIAN_POINT('',(-1.655749202434,0.607261315929,
    10.047189564519));
#1935 = CARTESIAN_POINT('',(-1.718777869916,0.720287175631,
    10.027260055935));
#1936 = CARTESIAN_POINT('',(-1.779120753246,0.835135098218,
    10.007009268505));
#1937 = CARTESIAN_POINT('',(-1.924647786581,1.127633707305,
    9.955433871903));
#1938 = CARTESIAN_POINT('',(-2.006700328733,1.307262642095,
    9.923760444184));
#1939 = CARTESIAN_POINT('',(-2.084180809584,1.489681619707,
    9.891595056638));
#1940 = CARTESIAN_POINT('',(-2.157928169787,1.674268210327,
    9.859047460434));
#1941 = CARTESIAN_POINT('',(-2.228706261343,1.860533831941,
    9.826203805765));
#1942 = CARTESIAN_POINT('',(-2.297214921789,2.048112229403,
    9.793128673295));
#1943 = CARTESIAN_POINT('',(-2.39835386058,2.333553559096,9.742797665461
    ));
#1944 = CARTESIAN_POINT('',(-2.43220501352,2.430609105183,9.725684154058
    ));
#1945 = CARTESIAN_POINT('',(-2.465694333428,2.527897674337,
    9.708529554402));
#1946 = CARTESIAN_POINT('',(-2.498893852646,2.625383028885,
    9.691340256171));
#1947 = CARTESIAN_POINT('',(-2.531867438988,2.723032416,9.674122034573)
  );
#1948 = CARTESIAN_POINT('',(-2.564670194365,2.820816669698,
    9.656880032357));
#1949 = CARTESIAN_POINT('',(-2.635465280001,3.032900064074,
    9.619484007769));
#1950 = CARTESIAN_POINT('',(-2.673412267616,3.147238188974,
    9.599323111425));
#1951 = CARTESIAN_POINT('',(-2.711261216107,3.261683252984,
    9.579143358831));
#1952 = CARTESIAN_POINT('',(-2.749066247794,3.376199483829,
    9.558951057604));
#1953 = CARTESIAN_POINT('',(-2.78686232014,3.490756981856,9.53875147986)
  );
#1954 = CARTESIAN_POINT('',(-2.824664338434,3.605331930371,
    9.518548825123));
#1955 = CARTESIAN_POINT('',(-2.86246626847,3.719906805977,9.498346183243
    ));
#1956 = ORIENTED_EDGE('',*,*,#1957,.T.);
#1957 = EDGE_CURVE('',#1909,#1457,#1958,.T.);
#1958 = B_SPLINE_CURVE_WITH_KNOTS('',7,(#1959,#1960,#1961,#1962,#1963,
    #1964,#1965,#1966,#1967,#1968,#1969,#1970,#1971,#1972,#1973,#1974,
    #1975,#1976,#1977,#1978,#1979,#1980,#1981,#1982,#1983,#1984,#1985,
    #1986,#1987,#1988,#1989,#1990,#1991,#1992,#1993,#1994,#1995,#1996,
    #1997,#1998,#1999,#2000,#2001,#2002),.UNSPECIFIED.,.F.,.F.,(8,6,6,6,
    6,6,6,8),(0.,0.122917290579,0.21271217425,0.350781512007,
    0.505651899257,0.739783553757,0.859894494094,1.),.UNSPECIFIED.);
#1959 = CARTESIAN_POINT('',(0.251786343108,-0.620116567128,
    10.263609400826));
#1960 = CARTESIAN_POINT('',(0.339163101132,-0.592157451873,
    10.25867945445));
#1961 = CARTESIAN_POINT('',(0.42323691526,-0.554001872865,
    10.251951596407));
#1962 = CARTESIAN_POINT('',(0.502635901495,-0.506063790767,
    10.243498819129));
#1963 = CARTESIAN_POINT('',(0.576484807702,-0.449275338223,
    10.233485482753));
#1964 = CARTESIAN_POINT('',(0.644255553868,-0.384764841391,
    10.222110541623));
#1965 = CARTESIAN_POINT('',(0.705714457504,-0.313761621816,
    10.209590758294));
#1966 = CARTESIAN_POINT('',(0.80113971572,-0.181776117373,
    10.186318152799));
#1967 = CARTESIAN_POINT('',(0.838088379423,-0.123198568906,
    10.17598935054));
#1968 = CARTESIAN_POINT('',(0.871736550351,-6.216538128607E-02,
    10.165227552844));
#1969 = CARTESIAN_POINT('',(0.90217104669,9.503093753842E-04,
    10.154098553675));
#1970 = CARTESIAN_POINT('',(0.929512462146,6.58193890255E-02,
    10.142660384719));
#1971 = CARTESIAN_POINT('',(0.953900254855,0.132165139998,
    10.130961838767));
#1972 = CARTESIAN_POINT('',(1.008666396803,0.303714775403,
    10.100713009514));
#1973 = CARTESIAN_POINT('',(1.035200562531,0.410582672606,
    10.081869315866));
#1974 = CARTESIAN_POINT('',(1.055642957558,0.519606372999,10.06264549595
    ));
#1975 = CARTESIAN_POINT('',(1.070526984616,0.630175050698,10.04314925485
    ));
#1976 = CARTESIAN_POINT('',(1.080360806581,0.741823216249,
    10.023462670917));
#1977 = CARTESIAN_POINT('',(1.085616226476,0.854228129675,
    10.003642651916));
#1978 = CARTESIAN_POINT('',(1.087929829087,1.093948222922,9.961373531658
    ));
#1979 = CARTESIAN_POINT('',(1.083912476629,1.221347553871,9.938909592288
    ));
#1980 = CARTESIAN_POINT('',(1.075247654829,1.349118069447,9.916380203053
    ));
#1981 = CARTESIAN_POINT('',(1.062451106311,1.477040390339,9.893824046444
    ));
#1982 = CARTESIAN_POINT('',(1.045982570043,1.604964720806,9.871267535494
    ));
#1983 = CARTESIAN_POINT('',(1.02625368544,1.732808450254,9.848725236678)
  );
#1984 = CARTESIAN_POINT('',(0.969408918448,2.053683915634,9.792146234684
    ));
#1985 = CARTESIAN_POINT('',(0.92857878908,2.246503339704,9.758146967816)
  );
#1986 = CARTESIAN_POINT('',(0.882384539585,2.438933393124,9.724216357499
    ));
#1987 = CARTESIAN_POINT('',(0.831876386179,2.630956144984,9.690357565436
    ));
#1988 = CARTESIAN_POINT('',(0.777963909648,2.822618484043,9.656562323874
    ));
#1989 = CARTESIAN_POINT('',(0.721431890857,3.014029208454,9.622811448764
    ));
#1990 = CARTESIAN_POINT('',(0.632888557908,3.303500923382,9.57176977527)
  );
#1991 = CARTESIAN_POINT('',(0.602346842716,3.40161543473,9.55446953972)
  );
#1992 = CARTESIAN_POINT('',(0.571373317984,3.499709016669,9.53717299459)
  );
#1993 = CARTESIAN_POINT('',(0.540047887658,3.59779404862,9.519877957053)
  );
#1994 = CARTESIAN_POINT('',(0.508441770501,3.695881003224,9.502582580501
    ));
#1995 = CARTESIAN_POINT('',(0.476616952694,3.793978180745,9.485285401373
    ));
#1996 = CARTESIAN_POINT('',(0.407308815029,4.006537373842,9.447805480632
    ));
#1997 = CARTESIAN_POINT('',(0.369765544359,4.121004681477,9.427621805887
    ));
#1998 = CARTESIAN_POINT('',(0.332079131466,4.235501754186,9.407432882756
    ));
#1999 = CARTESIAN_POINT('',(0.294314713008,4.350030980592,9.387238290061
    ));
#2000 = CARTESIAN_POINT('',(0.256518415859,4.464588406685,9.367038725001
    ));
#2001 = CARTESIAN_POINT('',(0.21871651371,4.579163392365,9.346836063711)
  );
#2002 = CARTESIAN_POINT('',(0.180914583675,4.69373826797,9.32663342183)
  );
#2003 = ORIENTED_EDGE('',*,*,#1464,.F.);
#2004 = ORIENTED_EDGE('',*,*,#2005,.F.);
#2005 = EDGE_CURVE('',#1677,#1465,#2006,.T.);
#2006 = B_SPLINE_CURVE_WITH_KNOTS('',1,(#2007,#2008),.UNSPECIFIED.,.F.,
  .F.,(2,2),(10.342696966895,11.06848276306),.PIECEWISE_BEZIER_KNOTS.);
#2007 = CARTESIAN_POINT('',(-1.219160788394,6.523811270762,
    9.003942174772));
#2008 = CARTESIAN_POINT('',(-0.528897477518,6.744684096691,
    8.964996336256));
#2009 = ORIENTED_EDGE('',*,*,#1676,.T.);
#2010 = ORIENTED_EDGE('',*,*,#2011,.F.);
#2011 = EDGE_CURVE('',#2012,#1669,#2014,.T.);
#2012 = VERTEX_POINT('',#2013);
#2013 = CARTESIAN_POINT('',(-0.171809031386,0.663769924757,
    10.03722557214));
#2014 = B_SPLINE_CURVE_WITH_KNOTS('',7,(#2015,#2016,#2017,#2018,#2019,
    #2020,#2021,#2022,#2023,#2024,#2025,#2026,#2027,#2028,#2029,#2030,
    #2031,#2032,#2033,#2034,#2035,#2036,#2037,#2038,#2039,#2040,#2041,
    #2042,#2043,#2044,#2045,#2046,#2047,#2048,#2049,#2050,#2051,#2052),
  .UNSPECIFIED.,.F.,.F.,(8,6,6,6,6,6,8),(0.,0.104396259583,
    0.180649869394,0.295695576217,0.479400330554,0.800803253442,1.),
  .UNSPECIFIED.);
#2015 = CARTESIAN_POINT('',(-0.171809031386,0.663769924757,
    10.03722557214));
#2016 = CARTESIAN_POINT('',(-0.128389561567,0.677663435897,
    10.034775771269));
#2017 = CARTESIAN_POINT('',(-8.680297974692E-02,0.697183198327,
    10.031333910496));
#2018 = CARTESIAN_POINT('',(-4.762168888748E-02,0.722155493048,
    10.026930621166));
#2019 = CARTESIAN_POINT('',(-1.121924190937E-02,0.752153203257,
    10.021641215497));
#2020 = CARTESIAN_POINT('',(2.219099093107E-02,0.786619979162,
    10.015563792967));
#2021 = CARTESIAN_POINT('',(5.252258777536E-02,0.824951846853,
    10.008804850472));
#2022 = CARTESIAN_POINT('',(9.970380553392E-02,0.896910545861,
    9.99611659034));
#2023 = CARTESIAN_POINT('',(0.117996435448,0.929040297179,9.990451248299
    ));
#2024 = CARTESIAN_POINT('',(0.134684671655,0.962716344239,9.984513252599
    ));
#2025 = CARTESIAN_POINT('',(0.149809159179,0.997743665869,9.978336990734
    ));
#2026 = CARTESIAN_POINT('',(0.163426008892,1.033946383144,9.971953474903
    ));
#2027 = CARTESIAN_POINT('',(0.175600126258,1.071172751892,9.965389461699
    ));
#2028 = CARTESIAN_POINT('',(0.202690374021,1.166823911433,9.948523581536
    ));
#2029 = CARTESIAN_POINT('',(0.215845276216,1.226376914186,9.938022780368
    ));
#2030 = CARTESIAN_POINT('',(0.226102516866,1.287548110456,9.927236648024
    ));
#2031 = CARTESIAN_POINT('',(0.23369448758,1.350000971608,9.91622452358)
  );
#2032 = CARTESIAN_POINT('',(0.238841416372,1.413471442286,9.905032967122
    ));
#2033 = CARTESIAN_POINT('',(0.241746082661,1.477765889324,9.893696121399
    ));
#2034 = CARTESIAN_POINT('',(0.243933754136,1.646540000559,9.863936691943
    ));
#2035 = CARTESIAN_POINT('',(0.240020076771,1.752023390932,9.845337124204
    ));
#2036 = CARTESIAN_POINT('',(0.23159012094,1.85867846006,9.826530957887)
  );
#2037 = CARTESIAN_POINT('',(0.219244544303,1.966127453526,9.807584801289
    ));
#2038 = CARTESIAN_POINT('',(0.203494612486,2.07411651515,9.788543416103)
  );
#2039 = CARTESIAN_POINT('',(0.18478168,2.182503269607,9.769431906941));
#2040 = CARTESIAN_POINT('',(0.126166237507,2.481539696922,9.716703716591
    ));
#2041 = CARTESIAN_POINT('',(8.094017024828E-02,2.672729909525,
    9.682991723662));
#2042 = CARTESIAN_POINT('',(2.977152578527E-02,2.864540556203,
    9.649170331465));
#2043 = CARTESIAN_POINT('',(-2.58578476106E-02,3.056821410767,
    9.615266028932));
#2044 = CARTESIAN_POINT('',(-8.465743133992E-02,3.249539330845,
    9.581284659956));
#2045 = CARTESIAN_POINT('',(-0.145620044546,3.442753114105,
    9.547215856923));
#2046 = CARTESIAN_POINT('',(-0.246689857815,3.756712432132,9.49185635831
    ));
#2047 = CARTESIAN_POINT('',(-0.285899543786,3.877035251668,
    9.470640198831));
#2048 = CARTESIAN_POINT('',(-0.325460379406,3.997540867536,
    9.449391807426));
#2049 = CARTESIAN_POINT('',(-0.365222372149,4.118206600267,
    9.428115183099));
#2050 = CARTESIAN_POINT('',(-0.405074918631,4.238995416745,
    9.406816855786));
#2051 = CARTESIAN_POINT('',(-0.444949933402,4.359854302776,9.38550617332
    ));
#2052 = CARTESIAN_POINT('',(-0.484824977732,4.480712635659,
    9.364195588389));
#2053 = ORIENTED_EDGE('',*,*,#2054,.T.);
#2054 = EDGE_CURVE('',#2012,#1649,#2055,.T.);
#2055 = B_SPLINE_CURVE_WITH_KNOTS('',7,(#2056,#2057,#2058,#2059,#2060,
    #2061,#2062,#2063,#2064,#2065,#2066,#2067,#2068,#2069,#2070,#2071,
    #2072,#2073,#2074,#2075,#2076,#2077,#2078,#2079,#2080,#2081,#2082,
    #2083,#2084,#2085,#2086,#2087,#2088,#2089,#2090,#2091,#2092,#2093),
  .UNSPECIFIED.,.F.,.F.,(8,6,6,6,6,6,8),(0.,0.104396259583,
    0.180649869394,0.295695576218,0.479400330554,0.800803253441,1.),
  .UNSPECIFIED.);
#2056 = CARTESIAN_POINT('',(-0.171809031386,0.663769924757,
    10.03722557214));
#2057 = CARTESIAN_POINT('',(-0.215228501204,0.649876413617,
    10.039675373011));
#2058 = CARTESIAN_POINT('',(-0.260523177247,0.641595612636,
    10.041135501646));
#2059 = CARTESIAN_POINT('',(-0.307126291122,0.639118318779,
    10.041572315392));
#2060 = CARTESIAN_POINT('',(-0.354480706314,0.642315220445,
    10.041008615373));
#2061 = CARTESIAN_POINT('',(-0.402081743734,0.650859731741,
    10.039501987495));
#2062 = CARTESIAN_POINT('',(-0.44949900312,0.664313253274,
    10.037129768663));
#2063 = CARTESIAN_POINT('',(-0.530618160172,0.695217957516,
    10.031680435474));
#2064 = CARTESIAN_POINT('',(-0.564593940272,0.710622683405,
    10.02896416667));
#2065 = CARTESIAN_POINT('',(-0.598194649521,0.728207100907,
    10.025863559424));
#2066 = CARTESIAN_POINT('',(-0.631336771503,0.747789906986,
    10.022410582354));
#2067 = CARTESIAN_POINT('',(-0.663960727043,0.769196332515,
    10.018636051973));
#2068 = CARTESIAN_POINT('',(-0.69602845683,0.792266042997,
    10.014568239578));
#2069 = CARTESIAN_POINT('',(-0.775034588829,0.8539681184,10.003688498919
    ));
#2070 = CARTESIAN_POINT('',(-0.821221503946,0.894532722553,
    9.996535864745));
#2071 = CARTESIAN_POINT('',(-0.86602998494,0.938083800008,9.988856634751
    ));
#2072 = CARTESIAN_POINT('',(-0.909447182519,0.984214572224,
    9.980722534968));
#2073 = CARTESIAN_POINT('',(-0.951493662713,1.032583933741,
    9.972193711493));
#2074 = CARTESIAN_POINT('',(-0.992217907023,1.082917852058,
    9.963318483649));
#2075 = CARTESIAN_POINT('',(-1.094721069131,1.21819263065,9.939465890374
    ));
#2076 = CARTESIAN_POINT('',(-1.154512893185,1.30579593965,9.924019063398
    ));
#2077 = CARTESIAN_POINT('',(-1.21135029094,1.396961429186,9.907944127883
    ));
#2078 = CARTESIAN_POINT('',(-1.265493740873,1.491035795539,
    9.891356278902));
#2079 = CARTESIAN_POINT('',(-1.317205350796,1.58751771584,9.874343913202
    ));
#2080 = CARTESIAN_POINT('',(-1.366757206898,1.686036525557,
    9.856972388942));
#2081 = CARTESIAN_POINT('',(-1.497817042922,1.961891946914,
    9.808331635382));
#2082 = CARTESIAN_POINT('',(-1.575340797208,2.14274743465,9.776441933285
    ));
#2083 = CARTESIAN_POINT('',(-1.648427213351,2.327544757433,
    9.743857179315));
#2084 = CARTESIAN_POINT('',(-1.718185468871,2.515304603754,
    9.710750052515));
#2085 = CARTESIAN_POINT('',(-1.785639834123,2.705253137099,
    9.677257001141));
#2086 = CARTESIAN_POINT('',(-1.851640229092,2.896854913643,
    9.643472438384));
#2087 = CARTESIAN_POINT('',(-1.957260526588,3.209358152091,
    9.588369685887));
#2088 = CARTESIAN_POINT('',(-1.997354234502,3.329398099248,9.56720340444
    ));
#2089 = CARTESIAN_POINT('',(-2.037272958885,3.449789196641,
    9.545975205733));
#2090 = CARTESIAN_POINT('',(-2.077124509932,3.570426272198,
    9.524703634439));
#2091 = CARTESIAN_POINT('',(-2.116976264342,3.691215342125,
    9.503405262436));
#2092 = CARTESIAN_POINT('',(-2.156851662733,3.812074105405,
    9.482094601614));
#2093 = CARTESIAN_POINT('',(-2.196726707063,3.932932438288,
    9.460784016684));
#2094 = ORIENTED_EDGE('',*,*,#1822,.T.);
#2095 = B_SPLINE_SURFACE_WITH_KNOTS('',1,1,(
    (#2096,#2097)
    ,(#2098,#2099
    )),.UNSPECIFIED.,.F.,.F.,.F.,(2,2),(2,2),(7.899999942875,
    11.100000057125),(17.64636050931,25.000000002112),
  .PIECEWISE_BEZIER_KNOTS.);
#2096 = CARTESIAN_POINT('',(-1.269904137294,-1.107032315509,
    10.349465784598));
#2097 = CARTESIAN_POINT('',(-3.542303711076,5.780444018331,
    9.135017877951));
#2098 = CARTESIAN_POINT('',(1.773476823509,-0.133200818747,
    10.177753017055));
#2099 = CARTESIAN_POINT('',(-0.498922750274,6.754275515093,
    8.963305110408));
#2100 = ADVANCED_FACE('',(#2101),#2107,.F.);
#2101 = FACE_BOUND('',#2102,.F.);
#2102 = EDGE_LOOP('',(#2103,#2104,#2105,#2106));
#2103 = ORIENTED_EDGE('',*,*,#2005,.T.);
#2104 = ORIENTED_EDGE('',*,*,#1499,.T.);
#2105 = ORIENTED_EDGE('',*,*,#1902,.T.);
#2106 = ORIENTED_EDGE('',*,*,#1719,.F.);
#2107 = B_SPLINE_SURFACE_WITH_KNOTS('',1,1,(
    (#2108,#2109)
    ,(#2110,#2111
    )),.UNSPECIFIED.,.F.,.F.,.F.,(2,2),(2,2),(22.974233727266,
    25.000000000483),(7.895438150429,11.104360375853),
  .PIECEWISE_BEZIER_KNOTS.);
#2108 = CARTESIAN_POINT('',(-3.546642232855,5.427285139399,
    7.140272333989));
#2109 = CARTESIAN_POINT('',(-0.494775840081,6.403831833839,
    6.968080803837));
#2110 = CARTESIAN_POINT('',(-3.546642232855,5.779055761122,
    9.135262665643));
#2111 = CARTESIAN_POINT('',(-0.494775840081,6.755602455562,
    8.963071135492));
#2112 = ADVANCED_FACE('',(#2113),#2123,.T.);
#2113 = FACE_BOUND('',#2114,.T.);
#2114 = EDGE_LOOP('',(#2115,#2116,#2122));
#2115 = ORIENTED_EDGE('',*,*,#1456,.F.);
#2116 = ORIENTED_EDGE('',*,*,#2117,.T.);
#2117 = EDGE_CURVE('',#1437,#1909,#2118,.T.);
#2118 = ( BOUNDED_CURVE() B_SPLINE_CURVE(2,(#2119,#2120,#2121),
.UNSPECIFIED.,.F.,.F.) B_SPLINE_CURVE_WITH_KNOTS((3,3),(0.,
0.602050953922),.PIECEWISE_BEZIER_KNOTS.) CURVE() 
GEOMETRIC_REPRESENTATION_ITEM() RATIONAL_B_SPLINE_CURVE((1.,
0.955032937698,1.)) REPRESENTATION_ITEM('') );
#2119 = CARTESIAN_POINT('',(-1.340775842397,4.484659621241,
    10.988182207356));
#2120 = CARTESIAN_POINT('',(-0.467744764801,1.838566497908,
    11.454759818467));
#2121 = CARTESIAN_POINT('',(0.251786343108,-0.620116567128,
    10.263609400826));
#2122 = ORIENTED_EDGE('',*,*,#1957,.T.);
#2123 = ( BOUNDED_SURFACE() B_SPLINE_SURFACE(2,2,(
    (#2124,#2125,#2126)
    ,(#2127,#2128,#2129)
    ,(#2130,#2131,#2132
)),.UNSPECIFIED.,.F.,.F.,.F.) B_SPLINE_SURFACE_WITH_KNOTS((3,3),(3,3),(
    0.,0.602050953922),(0.,1.570796326795),.PIECEWISE_BEZIER_KNOTS.) 
GEOMETRIC_REPRESENTATION_ITEM() RATIONAL_B_SPLINE_SURFACE((
    (1.,0.707106781187,1.)
    ,(0.955032937698,0.675310266503,0.955032937698)
,(1.,0.707106781187,1.))) REPRESENTATION_ITEM('') SURFACE() );
#2124 = CARTESIAN_POINT('',(-1.340775842397,4.484659621241,
    10.988182207356));
#2125 = CARTESIAN_POINT('',(0.180914583675,4.971575352237,10.90232582665
    ));
#2126 = CARTESIAN_POINT('',(0.180914583675,4.69373826797,9.32663342183)
  );
#2127 = CARTESIAN_POINT('',(-0.467744764801,1.838566497908,
    11.454759818467));
#2128 = CARTESIAN_POINT('',(1.053945661271,2.325482228905,
    11.368903437761));
#2129 = CARTESIAN_POINT('',(0.900445691584,2.512892287201,9.71117540901)
  );
#2130 = CARTESIAN_POINT('',(0.251786343108,-0.620116567128,
    10.263609400826));
#2131 = CARTESIAN_POINT('',(1.77347676918,-0.133200836131,10.17775302012
    ));
#2132 = CARTESIAN_POINT('',(1.493465835465,0.486505145688,8.729458031834
    ));
#2133 = ADVANCED_FACE('',(#2134),#2139,.T.);
#2134 = FACE_BOUND('',#2135,.T.);
#2135 = EDGE_LOOP('',(#2136,#2137,#2138));
#2136 = ORIENTED_EDGE('',*,*,#2117,.F.);
#2137 = ORIENTED_EDGE('',*,*,#1436,.F.);
#2138 = ORIENTED_EDGE('',*,*,#1908,.F.);
#2139 = ( BOUNDED_SURFACE() B_SPLINE_SURFACE(2,2,(
    (#2140,#2141,#2142)
    ,(#2143,#2144,#2145)
    ,(#2146,#2147,#2148
)),.UNSPECIFIED.,.F.,.F.,.F.) B_SPLINE_SURFACE_WITH_KNOTS((3,3),(3,3),(
    0.,0.602050953922),(4.712388980385,6.28318530718),
.PIECEWISE_BEZIER_KNOTS.) GEOMETRIC_REPRESENTATION_ITEM() 
RATIONAL_B_SPLINE_SURFACE((
    (1.,0.707106781187,1.)
    ,(0.955032937698,0.675310266503,0.955032937698)
,(1.,0.707106781187,1.))) REPRESENTATION_ITEM('') SURFACE() );
#2140 = CARTESIAN_POINT('',(-2.86246626847,3.719906805977,9.498346183243
    ));
#2141 = CARTESIAN_POINT('',(-2.86246626847,3.997743890244,
    11.074038588062));
#2142 = CARTESIAN_POINT('',(-1.340775842397,4.484659621241,
    10.988182207356));
#2143 = CARTESIAN_POINT('',(-2.142935160561,1.539060825208,
    9.882888170422));
#2144 = CARTESIAN_POINT('',(-1.989435190874,1.351650766911,
    11.540616199173));
#2145 = CARTESIAN_POINT('',(-0.467744764801,1.838566497908,
    11.454759818467));
#2146 = CARTESIAN_POINT('',(-1.54991501668,-0.487326316305,
    8.901170793246));
#2147 = CARTESIAN_POINT('',(-1.269904082965,-1.107032298125,
    10.349465781533));
#2148 = CARTESIAN_POINT('',(0.251786343108,-0.620116567128,
    10.263609400826));
#2149 = ADVANCED_FACE('',(#2150),#2160,.F.);
#2150 = FACE_BOUND('',#2151,.F.);
#2151 = EDGE_LOOP('',(#2152,#2158,#2159));
#2152 = ORIENTED_EDGE('',*,*,#2153,.F.);
#2153 = EDGE_CURVE('',#1651,#2012,#2154,.T.);
#2154 = ( BOUNDED_CURVE() B_SPLINE_CURVE(2,(#2155,#2156,#2157),
.UNSPECIFIED.,.F.,.F.) B_SPLINE_CURVE_WITH_KNOTS((3,3),(0.,
0.467146111009),.PIECEWISE_BEZIER_KNOTS.) CURVE() 
GEOMETRIC_REPRESENTATION_ITEM() RATIONAL_B_SPLINE_CURVE((1.,
0.972845605134,1.)) REPRESENTATION_ITEM('') );
#2155 = CARTESIAN_POINT('',(-1.340775842397,4.363105896874,
    10.298816780248));
#2156 = CARTESIAN_POINT('',(-0.723208470542,2.491304516835,
    10.628865866076));
#2157 = CARTESIAN_POINT('',(-0.171809031386,0.663769924757,
    10.03722557214));
#2158 = ORIENTED_EDGE('',*,*,#1648,.F.);
#2159 = ORIENTED_EDGE('',*,*,#2054,.F.);
#2160 = ( BOUNDED_SURFACE() B_SPLINE_SURFACE(2,2,(
    (#2161,#2162,#2163)
    ,(#2164,#2165,#2166)
    ,(#2167,#2168,#2169
)),.UNSPECIFIED.,.F.,.F.,.F.) B_SPLINE_SURFACE_WITH_KNOTS((3,3),(3,3),(
    0.,0.467146111009),(4.712388980385,6.28318530718),
.PIECEWISE_BEZIER_KNOTS.) GEOMETRIC_REPRESENTATION_ITEM() 
RATIONAL_B_SPLINE_SURFACE((
    (1.,0.707106781187,1.)
    ,(0.972845605134,0.687905724438,0.972845605134)
,(1.,0.707106781187,1.))) REPRESENTATION_ITEM('') SURFACE() );
#2161 = CARTESIAN_POINT('',(-2.196726707063,3.932932438288,
    9.460784016684));
#2162 = CARTESIAN_POINT('',(-2.196726707063,4.089215798188,
    10.347110994395));
#2163 = CARTESIAN_POINT('',(-1.340775842397,4.363105896874,
    10.298816780248));
#2164 = CARTESIAN_POINT('',(-1.645327267907,2.26168120611,9.755470700459
    ));
#2165 = CARTESIAN_POINT('',(-1.579159335208,2.217414418149,
    10.677160080223));
#2166 = CARTESIAN_POINT('',(-0.723208470542,2.491304516835,
    10.628865866076));
#2167 = CARTESIAN_POINT('',(-1.153006340088,0.629953891755,
    9.227220438016));
#2168 = CARTESIAN_POINT('',(-1.027759896051,0.389879826072,
    10.085519786287));
#2169 = CARTESIAN_POINT('',(-0.171809031386,0.663769924757,
    10.03722557214));
#2170 = ADVANCED_FACE('',(#2171),#2176,.F.);
#2171 = FACE_BOUND('',#2172,.F.);
#2172 = EDGE_LOOP('',(#2173,#2174,#2175));
#2173 = ORIENTED_EDGE('',*,*,#1668,.F.);
#2174 = ORIENTED_EDGE('',*,*,#2153,.T.);
#2175 = ORIENTED_EDGE('',*,*,#2011,.T.);
#2176 = ( BOUNDED_SURFACE() B_SPLINE_SURFACE(2,2,(
    (#2177,#2178,#2179)
    ,(#2180,#2181,#2182)
    ,(#2183,#2184,#2185
)),.UNSPECIFIED.,.F.,.F.,.F.) B_SPLINE_SURFACE_WITH_KNOTS((3,3),(3,3),(
    0.,0.467146111009),(0.,1.570796326795),.PIECEWISE_BEZIER_KNOTS.) 
GEOMETRIC_REPRESENTATION_ITEM() RATIONAL_B_SPLINE_SURFACE((
    (1.,0.707106781187,1.)
    ,(0.972845605134,0.687905724438,0.972845605134)
,(1.,0.707106781187,1.))) REPRESENTATION_ITEM('') SURFACE() );
#2177 = CARTESIAN_POINT('',(-1.340775842397,4.363105896874,
    10.298816780248));
#2178 = CARTESIAN_POINT('',(-0.484824977732,4.636995995559,10.2505225661
    ));
#2179 = CARTESIAN_POINT('',(-0.484824977732,4.480712635659,
    9.364195588389));
#2180 = CARTESIAN_POINT('',(-0.723208470542,2.491304516835,
    10.628865866076));
#2181 = CARTESIAN_POINT('',(0.132742394124,2.765194615521,
    10.580571651929));
#2182 = CARTESIAN_POINT('',(6.657446142475E-02,2.809461403482,
    9.658882272165));
#2183 = CARTESIAN_POINT('',(-0.171809031386,0.663769924757,
    10.03722557214));
#2184 = CARTESIAN_POINT('',(0.68414183328,0.937660023443,9.988931357993)
  );
#2185 = CARTESIAN_POINT('',(0.558895389243,1.177734089127,9.130632009722
    ));
#2186 = ( GEOMETRIC_REPRESENTATION_CONTEXT(3) 
GLOBAL_UNCERTAINTY_ASSIGNED_CONTEXT((#2190)) 
GLOBAL_UNIT_ASSIGNED_CONTEXT((#2187,#2188,#2189)) REPRESENTATION_CONTEXT
('Context #1','3D Context with UNIT and UNCERTAINTY') );
#2187 = ( LENGTH_UNIT() NAMED_UNIT(*) SI_UNIT(.MILLI.,.METRE.) );
#2188 = ( NAMED_UNIT(*) PLANE_ANGLE_UNIT() SI_UNIT($,.RADIAN.) );
#2189 = ( NAMED_UNIT(*) SI_UNIT($,.STERADIAN.) SOLID_ANGLE_UNIT() );
#2190 = UNCERTAINTY_MEASURE_WITH_UNIT(LENGTH_MEASURE(5.E-06),#2187,
  'distance_accuracy_value','confusion accuracy');
#2191 = PRODUCT_RELATED_PRODUCT_CATEGORY('part',$,(#7));
ENDSEC;
END-ISO-10303-21;
