ISO-10303-21;
HEADER;
FILE_DESCRIPTION(('FreeCAD Model'),'2;1');
FILE_NAME('Open CASCADE Shape Model','2026-08-27T21:14:23',('FreeCAD'),(
    'FreeCAD'),'Open CASCADE STEP processor 7.8','FreeCAD','Unknown');
FILE_SCHEMA(('AUTOMOTIVE_DESIGN { 1 0 10303 214 1 1 1 1 }'));
ENDSEC;
DATA;
#1 = APPLICATION_PROTOCOL_DEFINITION('international standard',
  'automotive_design',2000,#2);
#2 = APPLICATION_CONTEXT(
  'core data for automotive mechanical design processes');
#3 = SHAPE_DEFINITION_REPRESENTATION(#4,#10);
#4 = PRODUCT_DEFINITION_SHAPE('','',#5);
#5 = PRODUCT_DEFINITION('design','',#6,#9);
#6 = PRODUCT_DEFINITION_FORMATION('','',#7);
#7 = PRODUCT('Open CASCADE STEP translator 7.8 1',
  'Open CASCADE STEP translator 7.8 1','',(#8));
#8 = PRODUCT_CONTEXT('',#2,'mechanical');
#9 = PRODUCT_DEFINITION_CONTEXT('part definition',#2,'design');
#10 = ADVANCED_BREP_SHAPE_REPRESENTATION('',(#11,#15),#1505);
#11 = AXIS2_PLACEMENT_3D('',#12,#13,#14);
#12 = CARTESIAN_POINT('',(0.,0.,0.));
#13 = DIRECTION('',(0.,0.,1.));
#14 = DIRECTION('',(1.,0.,-0.));
#15 = MANIFOLD_SOLID_BREP('',#16);
#16 = CLOSED_SHELL('',(#17,#1158,#1217,#1239,#1261,#1277,#1309,#1346,
    #1389,#1414,#1436,#1458,#1493));
#17 = ADVANCED_FACE('',(#18),#1122,.T.);
#18 = FACE_BOUND('',#19,.T.);
#19 = EDGE_LOOP('',(#20,#211,#221,#232,#309,#414,#449,#459,#460,#503,
    #558,#663,#742,#783,#784,#797,#986,#1017,#1042));
#20 = ORIENTED_EDGE('',*,*,#21,.T.);
#21 = EDGE_CURVE('',#22,#24,#26,.T.);
#22 = VERTEX_POINT('',#23);
#23 = CARTESIAN_POINT('',(-0.912989494408,2.533090264229,-5.917877463555
    ));
#24 = VERTEX_POINT('',#25);
#25 = CARTESIAN_POINT('',(2.40805094458,-0.982442339846,-6.306020930184)
  );
#26 = B_SPLINE_CURVE_WITH_KNOTS('',8,(#27,#28,#29,#30,#31,#32,#33,#34,
    #35,#36,#37,#38,#39,#40,#41,#42,#43,#44,#45,#46,#47,#48,#49,#50,#51,
    #52,#53,#54,#55,#56,#57,#58,#59,#60,#61,#62,#63,#64,#65,#66,#67,#68,
    #69,#70,#71,#72,#73,#74,#75,#76,#77,#78,#79,#80,#81,#82,#83,#84,#85,
    #86,#87,#88,#89,#90,#91,#92,#93,#94,#95,#96,#97,#98,#99,#100,#101,
    #102,#103,#104,#105,#106,#107,#108,#109,#110,#111,#112,#113,#114,
    #115,#116,#117,#118,#119,#120,#121,#122,#123,#124,#125,#126,#127,
    #128,#129,#130,#131,#132,#133,#134,#135,#136,#137,#138,#139,#140,
    #141,#142,#143,#144,#145,#146,#147,#148,#149,#150,#151,#152,#153,
    #154,#155,#156,#157,#158,#159,#160,#161,#162,#163,#164,#165,#166,
    #167,#168,#169,#170,#171,#172,#173,#174,#175,#176,#177,#178,#179,
    #180,#181,#182,#183,#184,#185,#186,#187,#188,#189,#190,#191,#192,
    #193,#194,#195,#196,#197,#198,#199,#200,#201,#202,#203,#204,#205,
    #206,#207,#208,#209,#210),.UNSPECIFIED.,.F.,.F.,(9,7,7,7,7,7,7,7,7,7
    ,7,7,7,7,7,7,7,7,7,7,7,7,7,7,7,7,9),(0.,8.78036591448E-02,
    0.118639734993,0.173168225115,0.210268523283,0.227637406596,
    0.256933402657,0.288310149368,0.338192697542,0.344480636532,
    0.389467906235,0.393265727365,0.447137346894,0.518000302733,
    0.570980275133,0.612586548274,0.617206180162,0.656762838375,
    0.686226797756,0.700466767238,0.714465413714,0.76529276427,
    0.814173151627,0.83613752741,0.868013787957,0.916132446523,1.),
  .UNSPECIFIED.);
#27 = CARTESIAN_POINT('',(2.620518966631,-5.767986333695E-02,
    -6.303028224704));
#28 = CARTESIAN_POINT('',(2.631064454671,0.117574686953,-6.297038553153)
  );
#29 = CARTESIAN_POINT('',(2.629404628495,0.295042067549,-6.288787335212)
  );
#30 = CARTESIAN_POINT('',(2.615020603285,0.473596312941,-6.278314956419)
  );
#31 = CARTESIAN_POINT('',(2.587495230803,0.652033962801,-6.265725811013)
  );
#32 = CARTESIAN_POINT('',(2.546507033633,0.829071632878,-6.251194964881)
  );
#33 = CARTESIAN_POINT('',(2.491844201656,1.003346522947,-6.234967848841)
  );
#34 = CARTESIAN_POINT('',(2.423438650777,1.173419861824,-6.217352982298)
  );
#35 = CARTESIAN_POINT('',(2.312615858499,1.395506698743,-6.192159616731)
  );
#36 = CARTESIAN_POINT('',(2.282133884242,1.452523518994,-6.185484674659)
  );
#37 = CARTESIAN_POINT('',(2.249980947932,1.508767348292,-6.178698494803)
  );
#38 = CARTESIAN_POINT('',(2.216167111662,1.564170633792,-6.171817456819)
  );
#39 = CARTESIAN_POINT('',(2.180706272285,1.618664953662,-6.164858585544)
  );
#40 = CARTESIAN_POINT('',(2.143616660883,1.672181299062,-6.157839410308)
  );
#41 = CARTESIAN_POINT('',(2.104921342237,1.72465035611,-6.150777824233)
  );
#42 = CARTESIAN_POINT('',(1.993433255246,1.866811059457,-6.131161725765)
  );
#43 = CARTESIAN_POINT('',(1.917275547541,1.954140684341,-6.118553762044)
  );
#44 = CARTESIAN_POINT('',(1.836342308943,2.037591709432,-6.105970039158)
  );
#45 = CARTESIAN_POINT('',(1.750845274072,2.116784935511,-6.093512509972)
  );
#46 = CARTESIAN_POINT('',(1.661043365316,2.1913645825,-6.081279092189));
#47 = CARTESIAN_POINT('',(1.567246672513,2.261003815705,-6.069360115657)
  );
#48 = CARTESIAN_POINT('',(1.469822241422,2.325413133047,-6.057835218218)
  );
#49 = CARTESIAN_POINT('',(1.300741091427,2.424452435912,-6.039242583865)
  );
#50 = CARTESIAN_POINT('',(1.230790561256,2.462026662351,-6.031926420026)
  );
#51 = CARTESIAN_POINT('',(1.159481572756,2.496999634949,-6.024842919839)
  );
#52 = CARTESIAN_POINT('',(1.086949372579,2.529311564544,-6.018008849556)
  );
#53 = CARTESIAN_POINT('',(1.013332420725,2.558916821072,-6.011437156456)
  );
#54 = CARTESIAN_POINT('',(0.938771849532,2.58578322419,-6.005137104855)
  );
#55 = CARTESIAN_POINT('',(0.863410922664,2.609891333904,-5.999114412127)
  );
#56 = CARTESIAN_POINT('',(0.751806637184,2.641225442867,-5.990682727401)
  );
#57 = CARTESIAN_POINT('',(0.716074433165,2.650611132577,-5.988055341293)
  );
#58 = CARTESIAN_POINT('',(0.680212413549,2.659390215212,-5.985489427449)
  );
#59 = CARTESIAN_POINT('',(0.644234935162,2.667562645467,-5.98298503793)
  );
#60 = CARTESIAN_POINT('',(0.608156180159,2.67512892784,-5.980542075802)
  );
#61 = CARTESIAN_POINT('',(0.571990156022,2.682090116637,-5.978160295132)
  );
#62 = CARTESIAN_POINT('',(0.535750695564,2.688447815969,-5.975839300995)
  );
#63 = CARTESIAN_POINT('',(0.438225734223,2.703913379903,-5.969765362385)
  );
#64 = CARTESIAN_POINT('',(0.376829576555,2.711911685612,-5.966123593458)
  );
#65 = CARTESIAN_POINT('',(0.315328544529,2.718209105198,-5.96265074596)
  );
#66 = CARTESIAN_POINT('',(0.253785847824,2.72281956955,-5.959343262126)
  );
#67 = CARTESIAN_POINT('',(0.19226233396,2.725760459915,-5.956196683209)
  );
#68 = CARTESIAN_POINT('',(0.130816477063,2.727052135678,-5.953205809539)
  );
#69 = CARTESIAN_POINT('',(6.950436663601E-02,2.726717462146,
    -5.95036486058));
#70 = CARTESIAN_POINT('',(-5.708635935925E-02,2.722707719997,
    -5.944778834074));
#71 = CARTESIAN_POINT('',(-0.122337428333,2.718797085558,-5.942054900886
    ));
#72 = CARTESIAN_POINT('',(-0.187307898824,2.713080175231,-5.939488161299
    ));
#73 = CARTESIAN_POINT('',(-0.251935315375,2.70559035222,-5.937070403576)
  );
#74 = CARTESIAN_POINT('',(-0.316160273809,2.696363242165,-5.934793032985
    ));
#75 = CARTESIAN_POINT('',(-0.379926316179,2.68543637259,-5.932647226409)
  );
#76 = CARTESIAN_POINT('',(-0.443179825732,2.672848812352,-5.930624086968
    ));
#77 = CARTESIAN_POINT('',(-0.605534247555,2.636053105906,-5.925679395933
    ));
#78 = CARTESIAN_POINT('',(-0.703771079753,2.609370434544,-5.92293191209)
  );
#79 = CARTESIAN_POINT('',(-0.800379568059,2.578755116329,-5.920436496161
    ));
#80 = CARTESIAN_POINT('',(-0.895170130131,2.544377355131,-5.918158136535
    ));
#81 = CARTESIAN_POINT('',(-0.987964281559,2.506415859708,-5.916063286329
    ));
#82 = CARTESIAN_POINT('',(-1.078594465745,2.465058464047,-5.914120488794
    ));
#83 = CARTESIAN_POINT('',(-1.166903883772,2.420502747714,-5.912301002711
    ));
#84 = CARTESIAN_POINT('',(-1.263567187544,2.366963246459,-5.910362412062
    ));
#85 = CARTESIAN_POINT('',(-1.27435697397,2.360917829275,-5.910146787902)
  );
#86 = CARTESIAN_POINT('',(-1.285116098981,2.354820236436,-5.909932492045
    ));
#87 = CARTESIAN_POINT('',(-1.295843909762,2.348670898273,-5.909719483083
    ));
#88 = CARTESIAN_POINT('',(-1.306539716789,2.342470272387,-5.909507720805
    ));
#89 = CARTESIAN_POINT('',(-1.31720320771,2.336218614515,-5.909297157926)
  );
#90 = CARTESIAN_POINT('',(-1.327834243568,2.329916091523,-5.909087744192
    ));
#91 = CARTESIAN_POINT('',(-1.414254334696,2.278111568516,-5.907389141536
    ));
#92 = CARTESIAN_POINT('',(-1.488378584132,2.230081595909,-5.905955716573
    ));
#93 = CARTESIAN_POINT('',(-1.560656570253,2.179591755296,-5.904562898854
    ));
#94 = CARTESIAN_POINT('',(-1.630937667633,2.126779086988,-5.903195894923
    ));
#95 = CARTESIAN_POINT('',(-1.699072046225,2.071802511061,-5.901841718203
    ));
#96 = CARTESIAN_POINT('',(-1.764913876735,2.014846103416,-5.900489520185
    ));
#97 = CARTESIAN_POINT('',(-1.828324535997,1.956122371833,-5.899130921625
    ));
#98 = CARTESIAN_POINT('',(-1.894312872551,1.890789500533,-5.89764463932)
  );
#99 = CARTESIAN_POINT('',(-1.899298982463,1.885824037429,-5.897531839038
    ));
#100 = CARTESIAN_POINT('',(-1.904189419328,1.880926985244,
    -5.897420735672));
#101 = CARTESIAN_POINT('',(-1.909016935607,1.876067045829,-5.89731060598
    ));
#102 = CARTESIAN_POINT('',(-1.913822589397,1.87120354744,-5.897200520111
    ));
#103 = CARTESIAN_POINT('',(-1.918650949101,1.866291150321,-5.89708944805
    ));
#104 = CARTESIAN_POINT('',(-1.923539455242,1.861290219289,
    -5.896976495594));
#105 = CARTESIAN_POINT('',(-1.999346383283,1.783291146576,
    -5.895216670497));
#106 = CARTESIAN_POINT('',(-2.067164381291,1.707683691536,
    -5.893535140149));
#107 = CARTESIAN_POINT('',(-2.131816743118,1.629517348913,
    -5.891803606544));
#108 = CARTESIAN_POINT('',(-2.19314954564,1.548991135594,-5.890012945594
    ));
#109 = CARTESIAN_POINT('',(-2.251026948092,1.466315597316,
    -5.888157570357));
#110 = CARTESIAN_POINT('',(-2.305333553537,1.381709278718,
    -5.886235448785));
#111 = CARTESIAN_POINT('',(-2.355976099507,1.295393029259,
    -5.884247882726));
#112 = CARTESIAN_POINT('',(-2.464587573834,1.092075132867,
    -5.879503984976));
#113 = CARTESIAN_POINT('',(-2.519839222992,0.973967767155,
    -5.876702647849));
#114 = CARTESIAN_POINT('',(-2.568466053816,0.853754722917,
    -5.873804420044));
#115 = CARTESIAN_POINT('',(-2.610395246135,0.731888011154,
    -5.870827256083));
#116 = CARTESIAN_POINT('',(-2.645616825743,0.608723038873,
    -5.867794283248));
#117 = CARTESIAN_POINT('',(-2.674144541466,0.484505545982,-5.86473221979
    ));
#118 = CARTESIAN_POINT('',(-2.695975324663,0.359399419021,
    -5.861671609848));
#119 = CARTESIAN_POINT('',(-2.722316112925,0.139469401254,
    -5.856388967747));
#120 = CARTESIAN_POINT('',(-2.729807443024,4.49744353337E-02,
    -5.854150323137));
#121 = CARTESIAN_POINT('',(-2.73349972278,-4.986904579607E-02,
    -5.851948181522));
#122 = CARTESIAN_POINT('',(-2.733354011036,-0.144995673443,
    -5.849799794716));
#123 = CARTESIAN_POINT('',(-2.729317095298,-0.24031700792,
    -5.847725154874));
#124 = CARTESIAN_POINT('',(-2.721328554523,-0.335710275679,
    -5.845747272008));
#125 = CARTESIAN_POINT('',(-2.709331813545,-0.43101401609,
    -5.843892000226));
#126 = CARTESIAN_POINT('',(-2.680690491908,-0.600649149692,
    -5.840848756046));
#127 = CARTESIAN_POINT('',(-2.665596611299,-0.675090767846,
    -5.839603046631));
#128 = CARTESIAN_POINT('',(-2.647988765635,-0.749257922809,
    -5.838463839801));
#129 = CARTESIAN_POINT('',(-2.627855607648,-0.823040427126,
    -5.837445566306));
#130 = CARTESIAN_POINT('',(-2.605195317445,-0.896317888287,
    -5.836563178187));
#131 = CARTESIAN_POINT('',(-2.580017695454,-0.968962121586,
    -5.835831794645));
#132 = CARTESIAN_POINT('',(-2.552346255355,-1.040839562997,
    -5.835266347917));
#133 = CARTESIAN_POINT('',(-2.518875365307,-1.119694085183,
    -5.834838467883));
#134 = CARTESIAN_POINT('',(-2.51549568858,-1.127573883226,
    -5.834797871843));
#135 = CARTESIAN_POINT('',(-2.512079435224,-1.135456919046,
    -5.83475945079));
#136 = CARTESIAN_POINT('',(-2.508628067952,-1.143339240412,
    -5.834723256703));
#137 = CARTESIAN_POINT('',(-2.505141191085,-1.15122128615,
    -5.834689317644));
#138 = CARTESIAN_POINT('',(-2.501618049227,-1.159104355695,
    -5.834657656901));
#139 = CARTESIAN_POINT('',(-2.498059625834,-1.166985665369,
    -5.834628319797));
#140 = CARTESIAN_POINT('',(-2.463687745267,-1.242345978927,
    -5.834370230582));
#141 = CARTESIAN_POINT('',(-2.430288700817,-1.309745045616,
    -5.834311447715));
#142 = CARTESIAN_POINT('',(-2.394256962139,-1.376804292969,
    -5.834445287494));
#143 = CARTESIAN_POINT('',(-2.35560739827,-1.443275903449,
    -5.834791292255));
#144 = CARTESIAN_POINT('',(-2.314377644043,-1.508927768152,
    -5.835367759098));
#145 = CARTESIAN_POINT('',(-2.270624851236,-1.573545967546,
    -5.836191361865));
#146 = CARTESIAN_POINT('',(-2.224422468724,-1.636935408629,
    -5.837276877115));
#147 = CARTESIAN_POINT('',(-2.139682892297,-1.745087110598,
    -5.839650118869));
#148 = CARTESIAN_POINT('',(-2.102197494049,-1.79047569369,
    -5.840815588193));
#149 = CARTESIAN_POINT('',(-2.063436771196,-1.835011055475,
    -5.842138679373));
#150 = CARTESIAN_POINT('',(-2.023440520106,-1.878625588715,
    -5.843624003648));
#151 = CARTESIAN_POINT('',(-1.982252008025,-1.921257133523,
    -5.845275493423));
#152 = CARTESIAN_POINT('',(-1.939917561883,-1.962848719641,
    -5.847096369465));
#153 = CARTESIAN_POINT('',(-1.896486157094,-2.003348308718,
    -5.849089108104));
#154 = CARTESIAN_POINT('',(-1.830513148286,-2.061731392244,
    -5.852302384843));
#155 = CARTESIAN_POINT('',(-1.808772998061,-2.080488129879,
    -5.853389902904));
#156 = CARTESIAN_POINT('',(-1.786794349678,-2.098973426678,
    -5.854518156598));
#157 = CARTESIAN_POINT('',(-1.764583100261,-2.117182211877,
    -5.855687297608));
#158 = CARTESIAN_POINT('',(-1.74214525006,-2.135109666779,
    -5.856897435324));
#159 = CARTESIAN_POINT('',(-1.719486902453,-2.152751224745,
    -5.858148636837));
#160 = CARTESIAN_POINT('',(-1.696614263943,-2.170102571202,
    -5.859440926941));
#161 = CARTESIAN_POINT('',(-1.650844167756,-2.203927650611,
    -5.862085052366));
#162 = CARTESIAN_POINT('',(-1.627953446316,-2.220411414246,
    -5.863435523006));
#163 = CARTESIAN_POINT('',(-1.604868525142,-2.236606409351,
    -5.864825612251));
#164 = CARTESIAN_POINT('',(-1.581592834643,-2.252510607733,
    -5.866255436885));
#165 = CARTESIAN_POINT('',(-1.558136975741,-2.268117849972,
    -5.867724603872));
#166 = CARTESIAN_POINT('',(-1.534501681867,-2.283428292972,
    -5.869233337693));
#167 = CARTESIAN_POINT('',(-1.510698073828,-2.298435974084,
    -5.870781139245));
#168 = CARTESIAN_POINT('',(-1.399701806627,-2.366528898788,
    -5.878129703558));
#169 = CARTESIAN_POINT('',(-1.309807958335,-2.416337355052,
    -5.884451911708));
#170 = CARTESIAN_POINT('',(-1.217278722798,-2.462327325272,
    -5.891339551965));
#171 = CARTESIAN_POINT('',(-1.122358932118,-2.504291291043,
    -5.898791171292));
#172 = CARTESIAN_POINT('',(-1.025305893196,-2.54205104052,
    -5.906798744904));
#173 = CARTESIAN_POINT('',(-0.926387981151,-2.575456389211,
    -5.915347485298));
#174 = CARTESIAN_POINT('',(-0.82588323274,-2.604383900767,
    -5.924415651276));
#175 = CARTESIAN_POINT('',(-0.62617239994,-2.652154747324,
    -5.943166934165));
#176 = CARTESIAN_POINT('',(-0.527058103352,-2.671343431859,
    -5.952813768452));
#177 = CARTESIAN_POINT('',(-0.426989271901,-2.686215600466,
    -5.96288949159));
#178 = CARTESIAN_POINT('',(-0.326219735709,-2.69670864293,
    -5.973363392018));
#179 = CARTESIAN_POINT('',(-0.225002570865,-2.702782378185,
    -5.984199769615));
#180 = CARTESIAN_POINT('',(-0.123589737167,-2.70441803277,
    -5.995358290464));
#181 = CARTESIAN_POINT('',(-2.223171585938E-02,-2.701617219285,
    -6.006794341607));
#182 = CARTESIAN_POINT('',(0.124231672754,-2.691158328214,-6.0237010662)
  );
#183 = CARTESIAN_POINT('',(0.169579785285,-2.687024196299,
    -6.028989073936));
#184 = CARTESIAN_POINT('',(0.214844893532,-2.682000479496,
    -6.034319022293));
#185 = CARTESIAN_POINT('',(0.260004965371,-2.676089893155,
    -6.039686415735));
#186 = CARTESIAN_POINT('',(0.305038233236,-2.669295907578,
    -6.045086649907));
#187 = CARTESIAN_POINT('',(0.349923194124,-2.66162274802,-6.050515011633
    ));
#188 = CARTESIAN_POINT('',(0.394638609591,-2.65307539469,-6.055966678921
    ));
#189 = CARTESIAN_POINT('',(0.503781209991,-2.629994740536,
    -6.069375195241));
#190 = CARTESIAN_POINT('',(0.567997960041,-2.61450046684,-6.077352574558
    ));
#191 = CARTESIAN_POINT('',(0.631749505021,-2.597194477093,-6.08535366038
    ));
#192 = CARTESIAN_POINT('',(0.694973331575,-2.57809735243,-6.093363113863
    ));
#193 = CARTESIAN_POINT('',(0.757608663869,-2.557232539685,-6.10136545584
    ));
#194 = CARTESIAN_POINT('',(0.819596463594,-2.53462635139,-6.109345066823
    ));
#195 = CARTESIAN_POINT('',(0.880879429966,-2.51030796578,-6.117286187006
    ));
#196 = CARTESIAN_POINT('',(1.032763538923,-2.445063429258,
    -6.137078360821));
#197 = CARTESIAN_POINT('',(1.122394283349,-2.401987455953,
    -6.148860433949));
#198 = CARTESIAN_POINT('',(1.210101939715,-2.355191668039,-6.16046491222
    ));
#199 = CARTESIAN_POINT('',(1.295706796686,-2.30479838929,-6.171838271623
    ));
#200 = CARTESIAN_POINT('',(1.37904137225,-2.250941228015,-6.182928315588
    ));
#201 = CARTESIAN_POINT('',(1.459950061098,-2.193764198985,
    -6.193684803013));
#202 = CARTESIAN_POINT('',(1.538288781996,-2.133420845358,
    -6.204060076296));
#203 = CARTESIAN_POINT('',(1.745752850856,-1.959663103061,
    -6.231351188161));
#204 = CARTESIAN_POINT('',(1.869386693474,-1.840113357076,
    -6.247401740508));
#205 = CARTESIAN_POINT('',(1.984109340355,-1.712290742735,
    -6.261923920169));
#206 = CARTESIAN_POINT('',(2.089348325799,-1.577118443224,
    -6.274714904595));
#207 = CARTESIAN_POINT('',(2.184653610666,-1.435556215253,
    -6.285612692146));
#208 = CARTESIAN_POINT('',(2.2696830907,-1.288587042001,-6.294500576378)
  );
#209 = CARTESIAN_POINT('',(2.344195533559,-1.137210428548,
    -6.301309877383));
#210 = CARTESIAN_POINT('',(2.40805094458,-0.982442339846,-6.306020930184
    ));
#211 = ORIENTED_EDGE('',*,*,#212,.T.);
#212 = EDGE_CURVE('',#24,#213,#215,.T.);
#213 = VERTEX_POINT('',#214);
#214 = CARTESIAN_POINT('',(7.210240719275,-1.776373996023,2.035295139998
    ));
#215 = ( BOUNDED_CURVE() B_SPLINE_CURVE(2,(#216,#217,#218,#219,#220),
.UNSPECIFIED.,.F.,.F.) B_SPLINE_CURVE_WITH_KNOTS((3,2,3),(4.712388980385
,6.28318530718,7.853981633974),.PIECEWISE_BEZIER_KNOTS.) CURVE() 
GEOMETRIC_REPRESENTATION_ITEM() RATIONAL_B_SPLINE_CURVE((1.,
0.707106781187,1.,0.707106781187,1.)) REPRESENTATION_ITEM('') );
#216 = CARTESIAN_POINT('',(-1.32980317447,3.893877127534E-16,
    -6.256232054293));
#217 = CARTESIAN_POINT('',(6.408256486901,-2.11972797939,-7.901007409912
    ));
#218 = CARTESIAN_POINT('',(7.738059661371,-2.11972797939,-1.644775355619
    ));
#219 = CARTESIAN_POINT('',(9.067862835842,-2.11972797939,4.611456698675)
  );
#220 = CARTESIAN_POINT('',(1.32980317447,-6.489795212557E-16,
    6.256232054293));
#221 = ORIENTED_EDGE('',*,*,#222,.F.);
#222 = EDGE_CURVE('',#223,#213,#225,.T.);
#223 = VERTEX_POINT('',#224);
#224 = CARTESIAN_POINT('',(7.116419403331,-2.889040023135,1.490366683315
    ));
#225 = B_SPLINE_CURVE_WITH_KNOTS('',5,(#226,#227,#228,#229,#230,#231),
  .UNSPECIFIED.,.F.,.F.,(6,6),(0.,1.),.PIECEWISE_BEZIER_KNOTS.);
#226 = CARTESIAN_POINT('',(7.112116765772,-2.913017992395,1.476810219674
    ));
#227 = CARTESIAN_POINT('',(7.151867451082,-2.694205108926,1.600907685197
    ));
#228 = CARTESIAN_POINT('',(7.181419692858,-2.470266839891,1.719063863089
    ));
#229 = CARTESIAN_POINT('',(7.200864002588,-2.242088733653,1.830976377076
    ));
#230 = CARTESIAN_POINT('',(7.210389063128,-2.010523444541,1.936434802835
    ));
#231 = CARTESIAN_POINT('',(7.210240719275,-1.776373996023,2.035295139998
    ));
#232 = ORIENTED_EDGE('',*,*,#233,.T.);
#233 = EDGE_CURVE('',#223,#234,#236,.T.);
#234 = VERTEX_POINT('',#235);
#235 = CARTESIAN_POINT('',(0.983742525558,-3.486094864274,5.512748858089
    ));
#236 = B_SPLINE_CURVE_WITH_KNOTS('',8,(#237,#238,#239,#240,#241,#242,
    #243,#244,#245,#246,#247,#248,#249,#250,#251,#252,#253,#254,#255,
    #256,#257,#258,#259,#260,#261,#262,#263,#264,#265,#266,#267,#268,
    #269,#270,#271,#272,#273,#274,#275,#276,#277,#278,#279,#280,#281,
    #282,#283,#284,#285,#286,#287,#288,#289,#290,#291,#292,#293,#294,
    #295,#296,#297,#298,#299,#300,#301,#302,#303,#304,#305,#306,#307,
    #308),.UNSPECIFIED.,.F.,.F.,(9,7,7,7,7,7,7,7,7,7,9),(0.,
    0.151733252176,0.298576602909,0.392154341628,0.486747482977,
    0.583025951662,0.682023829307,0.82542518917,0.977814003612,
    0.988231804931,1.),.UNSPECIFIED.);
#237 = CARTESIAN_POINT('',(7.116419403331,-2.889040023135,1.490366683315
    ));
#238 = CARTESIAN_POINT('',(7.058288735383,-2.885197943149,1.623056954215
    ));
#239 = CARTESIAN_POINT('',(6.996266928263,-2.882210108281,1.753330488836
    ));
#240 = CARTESIAN_POINT('',(6.930501008123,-2.88019381422,1.881140581534)
  );
#241 = CARTESIAN_POINT('',(6.861134001904,-2.879248789191,2.006447491604
    ));
#242 = CARTESIAN_POINT('',(6.788304359142,-2.879457268714,2.129218046805
    ));
#243 = CARTESIAN_POINT('',(6.712145373773,-2.880884070366,2.249425246875
    ));
#244 = CARTESIAN_POINT('',(6.632784605934,-2.883576668545,2.36704786705)
  );
#245 = CARTESIAN_POINT('',(6.470558834151,-2.891425329441,2.593385440467
    ));
#246 = CARTESIAN_POINT('',(6.387889369664,-2.896499176881,2.702265065843
    ));
#247 = CARTESIAN_POINT('',(6.302445324208,-2.902814304433,2.808694268209
    ));
#248 = CARTESIAN_POINT('',(6.214331912741,-2.910382920285,2.912662864346
    ));
#249 = CARTESIAN_POINT('',(6.12364911211,-2.919202260342,3.014165067026)
  );
#250 = CARTESIAN_POINT('',(6.030491621904,-2.92925490063,3.113199394719)
  );
#251 = CARTESIAN_POINT('',(5.934948825287,-2.940509069709,3.209768581299
    ));
#252 = CARTESIAN_POINT('',(5.774752404422,-2.960827317612,3.363852821845
    ));
#253 = CARTESIAN_POINT('',(5.711465487497,-2.96920510888,3.422827873805)
  );
#254 = CARTESIAN_POINT('',(5.647265717393,-2.978040368351,3.480806455634
    ));
#255 = CARTESIAN_POINT('',(5.582173942193,-2.987318990574,3.53779108094)
  );
#256 = CARTESIAN_POINT('',(5.51621013974,-2.997024731177,3.593784962928)
  );
#257 = CARTESIAN_POINT('',(5.449393417631,-3.007139206872,3.648792014403
    ));
#258 = CARTESIAN_POINT('',(5.381742013224,-3.017641895451,3.70281684777)
  );
#259 = CARTESIAN_POINT('',(5.244061626846,-3.039496306302,3.809488320016
    ));
#260 = CARTESIAN_POINT('',(5.174014855669,-3.050856184493,3.862113621617
    ));
#261 = CARTESIAN_POINT('',(5.103150881966,-3.062566330369,3.913746188952
    ));
#262 = CARTESIAN_POINT('',(5.031486781993,-3.074601439386,3.964392222346
    ));
#263 = CARTESIAN_POINT('',(4.959038806392,-3.086934342449,4.014058613333
    ));
#264 = CARTESIAN_POINT('',(4.885822380189,-3.099536005908,4.062752944653
    ));
#265 = CARTESIAN_POINT('',(4.811852102798,-3.112375531558,4.110483490254
    ));
#266 = CARTESIAN_POINT('',(4.661100309386,-3.13869719248,4.204868324309)
  );
#267 = CARTESIAN_POINT('',(4.584292310048,-3.152186898582,4.251488223652
    ));
#268 = CARTESIAN_POINT('',(4.506732221895,-3.165854744443,4.297128389308
    ));
#269 = CARTESIAN_POINT('',(4.428433831214,-3.179664616406,4.341798940066
    ));
#270 = CARTESIAN_POINT('',(4.349410238683,-3.193578817665,4.385510637528
    ));
#271 = CARTESIAN_POINT('',(4.269673859377,-3.207558068266,4.428274886102
    ));
#272 = CARTESIAN_POINT('',(4.189236422763,-3.221561505103,4.470103733006
    ));
#273 = CARTESIAN_POINT('',(4.024690057914,-3.249926873487,4.55307140735)
  );
#274 = CARTESIAN_POINT('',(3.940541860647,-3.264287900667,4.59415727049)
  );
#275 = CARTESIAN_POINT('',(3.855676300634,-3.278583697793,4.63428126684)
  );
#276 = CARTESIAN_POINT('',(3.770104928832,-3.292766753739,4.673457774709
    ));
#277 = CARTESIAN_POINT('',(3.683838927416,-3.30678811192,4.71170174156)
  );
#278 = CARTESIAN_POINT('',(3.596889109784,-3.320597370295,4.749028684014
    ));
#279 = CARTESIAN_POINT('',(3.509265920553,-3.334142681361,4.785454687846
    ));
#280 = CARTESIAN_POINT('',(3.293093845419,-3.366532004764,4.872479642996
    ));
#281 = CARTESIAN_POINT('',(3.163818381512,-3.385027531372,4.92210673166)
  );
#282 = CARTESIAN_POINT('',(3.033182528845,-3.402695729734,4.96992891922)
  );
#283 = CARTESIAN_POINT('',(2.901217091391,-3.419368962733,5.015998820026
    ));
#284 = CARTESIAN_POINT('',(2.767954670697,-3.434873399268,5.060370629965
    ));
#285 = CARTESIAN_POINT('',(2.633430144494,-3.449028855122,5.103100338884
    ));
#286 = CARTESIAN_POINT('',(2.497681145313,-3.461648633848,5.144245943021
    ));
#287 = CARTESIAN_POINT('',(2.215233897233,-3.484112661026,5.225972600447
    ));
#288 = CARTESIAN_POINT('',(2.068389320439,-3.493732758231,5.26635470776)
  );
#289 = CARTESIAN_POINT('',(1.920260704697,-3.501167946873,5.305087445043
    ));
#290 = CARTESIAN_POINT('',(1.77090669609,-3.506176407759,5.342244245841)
  );
#291 = CARTESIAN_POINT('',(1.620400053706,-3.508506396977,5.377899659599
    ));
#292 = CARTESIAN_POINT('',(1.468828983496,-3.507896044293,5.412130254793
    ));
#293 = CARTESIAN_POINT('',(1.316298443064,-3.50407276787,5.44501527717)
  );
#294 = CARTESIAN_POINT('',(1.152446742338,-3.496251854361,5.478798832537
    ));
#295 = CARTESIAN_POINT('',(1.141958483173,-3.495735075054,5.480954631314
    ));
#296 = CARTESIAN_POINT('',(1.131463952154,-3.495201744644,5.483105047277
    ));
#297 = CARTESIAN_POINT('',(1.12096689019,-3.494651941365,5.485249340665)
  );
#298 = CARTESIAN_POINT('',(1.11046366649,-3.494085398726,5.4873882949));
#299 = CARTESIAN_POINT('',(1.099956886672,-3.493502140272,5.489521404717
    ));
#300 = CARTESIAN_POINT('',(1.089445351208,-3.492902012361,5.491648951553
    ));
#301 = CARTESIAN_POINT('',(1.06705044385,-3.49158786913,5.496167877418)
  );
#302 = CARTESIAN_POINT('',(1.055165807573,-3.490869172102,5.49855772007)
  );
#303 = CARTESIAN_POINT('',(1.043275591206,-3.490128703975,5.500940454391
    ));
#304 = CARTESIAN_POINT('',(1.031379843159,-3.489366324469,5.503316119045
    ));
#305 = CARTESIAN_POINT('',(1.019478612503,-3.488581892654,5.505684752802
    ));
#306 = CARTESIAN_POINT('',(1.007571948974,-3.487775266949,5.508046394547
    ));
#307 = CARTESIAN_POINT('',(0.995659902972,-3.486946305117,5.510401083274
    ));
#308 = CARTESIAN_POINT('',(0.983742525558,-3.486094864274,5.512748858089
    ));
#309 = ORIENTED_EDGE('',*,*,#310,.T.);
#310 = EDGE_CURVE('',#234,#311,#313,.T.);
#311 = VERTEX_POINT('',#312);
#312 = CARTESIAN_POINT('',(0.678435485486,-1.051675377766,6.299090262523
    ));
#313 = B_SPLINE_CURVE_WITH_KNOTS('',8,(#314,#315,#316,#317,#318,#319,
    #320,#321,#322,#323,#324,#325,#326,#327,#328,#329,#330,#331,#332,
    #333,#334,#335,#336,#337,#338,#339,#340,#341,#342,#343,#344,#345,
    #346,#347,#348,#349,#350,#351,#352,#353,#354,#355,#356,#357,#358,
    #359,#360,#361,#362,#363,#364,#365,#366,#367,#368,#369,#370,#371,
    #372,#373,#374,#375,#376,#377,#378,#379,#380,#381,#382,#383,#384,
    #385,#386,#387,#388,#389,#390,#391,#392,#393,#394,#395,#396,#397,
    #398,#399,#400,#401,#402,#403,#404,#405,#406,#407,#408,#409,#410,
    #411,#412,#413),.UNSPECIFIED.,.F.,.F.,(9,7,7,7,7,7,7,7,7,7,7,7,7,7,9
    ),(0.,0.171495800691,0.271428173005,0.365481753378,0.438069332465,
    0.446851746835,0.451085063214,0.455654037117,0.48830800878,
    0.559317687662,0.592384423422,0.670810956106,0.7940876413,
    0.923320103001,1.),.UNSPECIFIED.);
#314 = CARTESIAN_POINT('',(0.880023525248,-4.188054656135,5.133562961539
    ));
#315 = CARTESIAN_POINT('',(0.915298961041,-4.032620091394,5.227311652239
    ));
#316 = CARTESIAN_POINT('',(0.944524790883,-3.873780200391,5.317690327636
    ));
#317 = CARTESIAN_POINT('',(0.967717953637,-3.711897992096,5.404559005282
    ));
#318 = CARTESIAN_POINT('',(0.984918926837,-3.547333189934,5.487797805042
    ));
#319 = CARTESIAN_POINT('',(0.996188081325,-3.380440869677,5.56730462678)
  );
#320 = CARTESIAN_POINT('',(1.001603176101,-3.211570452486,5.642993584397
    ));
#321 = CARTESIAN_POINT('',(1.001257649354,-3.041065147676,5.714793882735
    ));
#322 = CARTESIAN_POINT('',(0.991764097563,-2.7691504381,5.822188598134)
  );
#323 = CARTESIAN_POINT('',(0.986349654437,-2.668604453781,5.860386268608
    ));
#324 = CARTESIAN_POINT('',(0.979037601772,-2.567686026387,5.897232758249
    ));
#325 = CARTESIAN_POINT('',(0.969850945672,-2.466462596171,5.932717849185
    ));
#326 = CARTESIAN_POINT('',(0.958814980225,-2.365007268617,5.966830747742
    ));
#327 = CARTESIAN_POINT('',(0.945958326703,-2.263399469335,5.999560633778
    ));
#328 = CARTESIAN_POINT('',(0.931314160617,-2.161725989314,6.030897194369
    ));
#329 = CARTESIAN_POINT('',(0.899493427753,-1.964418309433,6.089004143891
    ));
#330 = CARTESIAN_POINT('',(0.882522839634,-1.868819814252,6.115923194959
    ));
#331 = CARTESIAN_POINT('',(0.86403881906,-1.773330321711,6.14159297577)
  );
#332 = CARTESIAN_POINT('',(0.844079080033,-1.678044449501,6.166003473083
    ));
#333 = CARTESIAN_POINT('',(0.822696835719,-1.583108105837,6.189135314418
    ));
#334 = CARTESIAN_POINT('',(0.799969442083,-1.488723110794,6.210964686319
    ));
#335 = CARTESIAN_POINT('',(0.776006239762,-1.395149313205,6.231468673874
    ));
#336 = CARTESIAN_POINT('',(0.731617508247,-1.231345470758,6.265421399744
    ));
#337 = CARTESIAN_POINT('',(0.711631370051,-1.160656667258,6.279413381855
    ));
#338 = CARTESIAN_POINT('',(0.691075896715,-1.09082722853,6.292589471472)
  );
#339 = CARTESIAN_POINT('',(0.670053992187,-1.022092315018,6.304932072588
    ));
#340 = CARTESIAN_POINT('',(0.648693427475,-0.954720450659,6.316429255524
    ));
#341 = CARTESIAN_POINT('',(0.627139895512,-0.888986703366,6.327080572474
    ));
#342 = CARTESIAN_POINT('',(0.605545150851,-0.825142568448,6.336900359153
    ));
#343 = CARTESIAN_POINT('',(0.581455620087,-0.75593060724,6.347005822796)
  );
#344 = CARTESIAN_POINT('',(0.578857102629,-0.74849112043,6.34808475244)
  );
#345 = CARTESIAN_POINT('',(0.576260337254,-0.741082647497,6.349151965003
    ));
#346 = CARTESIAN_POINT('',(0.573665559587,-0.733705493171,6.350207518996
    ));
#347 = CARTESIAN_POINT('',(0.571072999097,-0.726359941619,6.351251476729
    ));
#348 = CARTESIAN_POINT('',(0.568482879094,-0.719046256439,6.352283904308
    ));
#349 = CARTESIAN_POINT('',(0.565895416727,-0.711764680668,6.353304871633
    ));
#350 = CARTESIAN_POINT('',(0.562064992107,-0.701021142195,6.35480109248)
  );
#351 = CARTESIAN_POINT('',(0.560819891139,-0.697534541593,6.355285060492
    ));
#352 = CARTESIAN_POINT('',(0.559575825905,-0.694056413438,6.3557662705)
  );
#353 = CARTESIAN_POINT('',(0.558329265359,-0.690576977268,6.356246049628
    ));
#354 = CARTESIAN_POINT('',(0.557092964836,-0.687131565992,6.356719602769
    ));
#355 = CARTESIAN_POINT('',(0.555844877129,-0.683658845758,6.357195328868
    ));
#356 = CARTESIAN_POINT('',(0.554600278464,-0.680201341534,6.357667396766
    ));
#357 = CARTESIAN_POINT('',(0.552008624783,-0.673013075538,6.358645588599
    ));
#358 = CARTESIAN_POINT('',(0.550662163665,-0.669284873333,6.359151102723
    ));
#359 = CARTESIAN_POINT('',(0.54931447444,-0.66555961967,6.3596543941));
#360 = CARTESIAN_POINT('',(0.547965549157,-0.661837276633,6.360155472436
    ));
#361 = CARTESIAN_POINT('',(0.546615379473,-0.658117805625,6.360654347415
    ));
#362 = CARTESIAN_POINT('',(0.545263956654,-0.654401167371,6.361151028694
    ));
#363 = CARTESIAN_POINT('',(0.543911271578,-0.650687321917,6.36164552591)
  );
#364 = CARTESIAN_POINT('',(0.532880728817,-0.620453438701,6.36565642725)
  );
#365 = CARTESIAN_POINT('',(0.523139249118,-0.594071409313,6.369063913178
    ));
#366 = CARTESIAN_POINT('',(0.513329325237,-0.567815080223,6.372363850037
    ));
#367 = CARTESIAN_POINT('',(0.503446432143,-0.541667825662,6.375559668332
    ));
#368 = CARTESIAN_POINT('',(0.493485084539,-0.515611608455,6.378654631767
    ));
#369 = CARTESIAN_POINT('',(0.483438851213,-0.489627134139,6.381651783509
    ));
#370 = CARTESIAN_POINT('',(0.473300369406,-0.463694005081,6.384553892459
    ));
#371 = CARTESIAN_POINT('',(0.440795497096,-0.381461647744,6.393472983876
    ));
#372 = CARTESIAN_POINT('',(0.418057956402,-0.325283642374,6.399143655751
    ));
#373 = CARTESIAN_POINT('',(0.394758857817,-0.269024584893,6.40440214559)
  );
#374 = CARTESIAN_POINT('',(0.370798750207,-0.212459521827,6.409264479794
    ));
#375 = CARTESIAN_POINT('',(0.346070847482,-0.1553764234,6.413735390371)
  );
#376 = CARTESIAN_POINT('',(0.320471049624,-9.759808456804E-02,
    6.41780702388));
#377 = CARTESIAN_POINT('',(0.293911880632,-3.900724661756E-02,
    6.421459402971));
#378 = CARTESIAN_POINT('',(0.253495570179,4.811978382102E-02,
    6.426157872549));
#379 = CARTESIAN_POINT('',(0.240435235503,7.598470852676E-02,
    6.427553677714));
#380 = CARTESIAN_POINT('',(0.227150582582,0.104035396141,6.428849672324)
  );
#381 = CARTESIAN_POINT('',(0.213637925585,0.132271368539,6.430042723998)
  );
#382 = CARTESIAN_POINT('',(0.199894901249,0.160689206603,6.43112950861)
  );
#383 = CARTESIAN_POINT('',(0.185920587712,0.189282571804,6.432106613885)
  );
#384 = CARTESIAN_POINT('',(0.17171562333,0.218042227779,6.432970642982)
  );
#385 = CARTESIAN_POINT('',(0.123049932234,0.315532887118,6.43549162789)
  );
#386 = CARTESIAN_POINT('',(8.753046360911E-02,0.384982297663,
    6.436610554577));
#387 = CARTESIAN_POINT('',(5.075610029308E-02,0.455139954437,
    6.43703121362));
#388 = CARTESIAN_POINT('',(1.277919506149E-02,0.525817194017,
    6.436715475291));
#389 = CARTESIAN_POINT('',(-2.633384877285E-02,0.596821166453,
    6.435634610468));
#390 = CARTESIAN_POINT('',(-6.651246100308E-02,0.667973809165,
    6.43376945358));
#391 = CARTESIAN_POINT('',(-0.107690819943,0.739124013537,6.431108457755
    ));
#392 = CARTESIAN_POINT('',(-0.216018825101,0.92178711444,6.422200922663)
  );
#393 = CARTESIAN_POINT('',(-0.284547015732,1.033102038977,6.414774741824
    ));
#394 = CARTESIAN_POINT('',(-0.355243024718,1.143732030514,6.405335593786
    ));
#395 = CARTESIAN_POINT('',(-0.42796257926,1.253388592792,6.39387622537)
  );
#396 = CARTESIAN_POINT('',(-0.502583003194,1.361856669141,6.380403257818
    ));
#397 = CARTESIAN_POINT('',(-0.579008586469,1.468984248281,6.364928524228
    ));
#398 = CARTESIAN_POINT('',(-0.657173936612,1.574670057886,6.347461203002
    ));
#399 = CARTESIAN_POINT('',(-0.820787469488,1.788082938897,6.307599508978
    ));
#400 = CARTESIAN_POINT('',(-0.906371428093,1.895618041057,6.285016044955
    ));
#401 = CARTESIAN_POINT('',(-0.993733998383,2.001359708541,6.260260457484
    ));
#402 = CARTESIAN_POINT('',(-1.082807957825,2.105211099215,6.233345252586
    ));
#403 = CARTESIAN_POINT('',(-1.173528092798,2.207082200469,6.204284226117
    ));
#404 = CARTESIAN_POINT('',(-1.265831483675,2.306888524194,6.173091685469
    ));
#405 = CARTESIAN_POINT('',(-1.359657898626,2.404550102823,6.139781712107
    ));
#406 = CARTESIAN_POINT('',(-1.511491904393,2.556620380064,6.08335447186)
  );
#407 = CARTESIAN_POINT('',(-1.568548289551,2.612466734336,6.061601139897
    ));
#408 = CARTESIAN_POINT('',(-1.626106648654,2.66751315203,6.039110589373)
  );
#409 = CARTESIAN_POINT('',(-1.684154027545,2.721742960152,6.015886071055
    ));
#410 = CARTESIAN_POINT('',(-1.742677321003,2.775139508176,5.991930965307
    ));
#411 = CARTESIAN_POINT('',(-1.801663272898,2.827686166294,5.967248781228
    ));
#412 = CARTESIAN_POINT('',(-1.861098476336,2.879366323665,5.941843155787
    ));
#413 = CARTESIAN_POINT('',(-1.920969373812,2.930163386654,5.91571785297)
  );
#414 = ORIENTED_EDGE('',*,*,#415,.F.);
#415 = EDGE_CURVE('',#416,#311,#418,.T.);
#416 = VERTEX_POINT('',#417);
#417 = CARTESIAN_POINT('',(2.552701047005,-0.339703197237,5.91178306569)
  );
#418 = B_SPLINE_CURVE_WITH_KNOTS('',8,(#419,#420,#421,#422,#423,#424,
    #425,#426,#427,#428,#429,#430,#431,#432,#433,#434,#435,#436,#437,
    #438,#439,#440,#441,#442,#443,#444,#445,#446,#447,#448),
  .UNSPECIFIED.,.F.,.F.,(9,7,7,7,9),(0.,0.319148490093,0.83537953852,
    0.854889166988,1.),.UNSPECIFIED.);
#419 = CARTESIAN_POINT('',(2.552701047005,-0.339703197237,5.91178306569)
  );
#420 = CARTESIAN_POINT('',(2.48873399892,-0.39097521238,5.93202051653));
#421 = CARTESIAN_POINT('',(2.423933837103,-0.440191820992,5.951629575916
    ));
#422 = CARTESIAN_POINT('',(2.358407861975,-0.487351102567,5.970615376015
    ));
#423 = CARTESIAN_POINT('',(2.292228128345,-0.532470604916,5.988996530397
    ));
#424 = CARTESIAN_POINT('',(2.225415602034,-0.575588952383,6.006804572027
    ));
#425 = CARTESIAN_POINT('',(2.157933691182,-0.616759926176,6.024081778257
    ));
#426 = CARTESIAN_POINT('',(2.089691152255,-0.656039016845,6.040877382832
    ));
#427 = CARTESIAN_POINT('',(1.908723810975,-0.753995825852,6.083712652748
    ));
#428 = CARTESIAN_POINT('',(1.79460743532,-0.809646587535,6.109043770425)
  );
#429 = CARTESIAN_POINT('',(1.6775458287,-0.860628692676,6.133475279448)
  );
#430 = CARTESIAN_POINT('',(1.556816813905,-0.906905018273,6.157206514236
    ));
#431 = CARTESIAN_POINT('',(1.431729795202,-0.948064098739,6.180368246241
    ));
#432 = CARTESIAN_POINT('',(1.302414033562,-0.983052616648,6.202928180292
    ));
#433 = CARTESIAN_POINT('',(1.169722257086,-1.010642184054,6.224819200635
    ));
#434 = CARTESIAN_POINT('',(1.030052308136,-1.030393917511,6.246747324432
    ));
#435 = CARTESIAN_POINT('',(1.024958807402,-1.031101639228,6.247545493201
    ));
#436 = CARTESIAN_POINT('',(1.01984495114,-1.031799502323,6.248345344011)
  );
#437 = CARTESIAN_POINT('',(1.014721537616,-1.032485835531,6.249145178366
    ));
#438 = CARTESIAN_POINT('',(1.009586972886,-1.033160729041,6.249945244765
    ));
#439 = CARTESIAN_POINT('',(1.00443641781,-1.033824731052,6.250746301423)
  );
#440 = CARTESIAN_POINT('',(0.999275905253,-1.034476840117,6.251547398574
    ));
#441 = CARTESIAN_POINT('',(0.955610178625,-1.03988286267,6.258313197912)
  );
#442 = CARTESIAN_POINT('',(0.916798832661,-1.043956141367,6.264243953883
    ));
#443 = CARTESIAN_POINT('',(0.877684790393,-1.047300397767,6.27014072735)
  );
#444 = CARTESIAN_POINT('',(0.838289291045,-1.049876991476,6.276002779031
    ));
#445 = CARTESIAN_POINT('',(0.798636944648,-1.051645609135,6.281829406224
    ));
#446 = CARTESIAN_POINT('',(0.758755732033,-1.05256426442,6.287619942804)
  );
#447 = CARTESIAN_POINT('',(0.718677004833,-1.052589298047,6.293373759226
    ));
#448 = CARTESIAN_POINT('',(0.678435485486,-1.051675377766,6.299090262523
    ));
#449 = ORIENTED_EDGE('',*,*,#450,.T.);
#450 = EDGE_CURVE('',#416,#451,#453,.T.);
#451 = VERTEX_POINT('',#452);
#452 = CARTESIAN_POINT('',(1.32980317447,-1.297959042511E-16,
    6.256232054293));
#453 = ( BOUNDED_CURVE() B_SPLINE_CURVE(2,(#454,#455,#456,#457,#458),
.UNSPECIFIED.,.F.,.F.) B_SPLINE_CURVE_WITH_KNOTS((3,2,3),(4.712388980385
,6.28318530718,7.853981633974),.PIECEWISE_BEZIER_KNOTS.) CURVE() 
GEOMETRIC_REPRESENTATION_ITEM() RATIONAL_B_SPLINE_CURVE((1.,
0.707106781187,1.,0.707106781187,1.)) REPRESENTATION_ITEM('') );
#454 = CARTESIAN_POINT('',(-1.32980317447,3.893877127534E-16,
    -6.256232054293));
#455 = CARTESIAN_POINT('',(6.408256486901,-2.11972797939,-7.901007409912
    ));
#456 = CARTESIAN_POINT('',(7.738059661371,-2.11972797939,-1.644775355619
    ));
#457 = CARTESIAN_POINT('',(9.067862835842,-2.11972797939,4.611456698675)
  );
#458 = CARTESIAN_POINT('',(1.32980317447,-6.489795212557E-16,
    6.256232054293));
#459 = ORIENTED_EDGE('',*,*,#450,.F.);
#460 = ORIENTED_EDGE('',*,*,#461,.F.);
#461 = EDGE_CURVE('',#462,#416,#464,.T.);
#462 = VERTEX_POINT('',#463);
#463 = CARTESIAN_POINT('',(3.434682476508,1.474047795546,5.38545551771)
  );
#464 = B_SPLINE_CURVE_WITH_KNOTS('',7,(#465,#466,#467,#468,#469,#470,
    #471,#472,#473,#474,#475,#476,#477,#478,#479,#480,#481,#482,#483,
    #484,#485,#486,#487,#488,#489,#490,#491,#492,#493,#494,#495,#496,
    #497,#498,#499,#500,#501,#502),.UNSPECIFIED.,.F.,.F.,(8,6,6,6,6,6,8)
  ,(0.,3.127271273516E-02,0.120292958859,0.180556228307,0.43262870858,
    0.61541889919,1.),.UNSPECIFIED.);
#465 = CARTESIAN_POINT('',(3.434682476508,1.474047795546,5.38545551771)
  );
#466 = CARTESIAN_POINT('',(3.439711496441,1.465545782947,5.384956945468)
  );
#467 = CARTESIAN_POINT('',(3.44457488662,1.456912302912,5.384553546438)
  );
#468 = CARTESIAN_POINT('',(3.449266763762,1.448151691294,5.384246880684)
  );
#469 = CARTESIAN_POINT('',(3.453781903639,1.439268902627,5.384038067784)
  );
#470 = CARTESIAN_POINT('',(3.458115741075,1.43026951012,5.383927786827)
  );
#471 = CARTESIAN_POINT('',(3.462264369946,1.421159705666,5.383916276414)
  );
#472 = CARTESIAN_POINT('',(3.477497615171,1.385719666271,5.384251088537)
  );
#473 = CARTESIAN_POINT('',(3.487249262048,1.358640273169,5.385297719384)
  );
#474 = CARTESIAN_POINT('',(3.495395403002,1.330885217588,5.387138711214)
  );
#475 = CARTESIAN_POINT('',(3.501926608251,1.302628794732,5.389735869911)
  );
#476 = CARTESIAN_POINT('',(3.506887957676,1.274035228978,5.3930286041));
#477 = CARTESIAN_POINT('',(3.510358899467,1.245251404909,5.396945206025)
  );
#478 = CARTESIAN_POINT('',(3.513837363094,1.1968680385,5.404439373917));
#479 = CARTESIAN_POINT('',(3.514601885305,1.177302074019,5.407718171034)
  );
#480 = CARTESIAN_POINT('',(3.514756313794,1.15773530083,5.411228801235)
  );
#481 = CARTESIAN_POINT('',(3.514332513613,1.138195678014,5.414949928599)
  );
#482 = CARTESIAN_POINT('',(3.513363025866,1.118705669733,5.418861233913)
  );
#483 = CARTESIAN_POINT('',(3.511879517114,1.099282387155,5.422944044776)
  );
#484 = CARTESIAN_POINT('',(3.501678019874,0.999021870945,5.444908608218)
  );
#485 = CARTESIAN_POINT('',(3.485000398272,0.919816140408,5.465274313078)
  );
#486 = CARTESIAN_POINT('',(3.462091115298,0.842584570075,5.487162368263)
  );
#487 = CARTESIAN_POINT('',(3.434291580472,0.767523710576,5.50990391696)
  );
#488 = CARTESIAN_POINT('',(3.402618817173,0.694650733762,5.533057307135)
  );
#489 = CARTESIAN_POINT('',(3.367695173039,0.623816996013,5.556386897368)
  );
#490 = CARTESIAN_POINT('',(3.302379903454,0.504597881822,5.596770649098)
  );
#491 = CARTESIAN_POINT('',(3.273430243064,0.455482713579,5.613756785379)
  );
#492 = CARTESIAN_POINT('',(3.24315704826,0.407327073744,5.630689676394)
  );
#493 = CARTESIAN_POINT('',(3.211699041143,0.360108747412,5.647519391196)
  );
#494 = CARTESIAN_POINT('',(3.179170434715,0.313816252238,5.664207325156)
  );
#495 = CARTESIAN_POINT('',(3.145669022071,0.268444035162,5.680723039848)
  );
#496 = CARTESIAN_POINT('',(3.038940128296,0.130454121639,5.731373585102)
  );
#497 = CARTESIAN_POINT('',(2.962741032194,4.105149935177E-02,
    5.764804548133));
#498 = CARTESIAN_POINT('',(2.883460029496,-4.432654459329E-02,
    5.797130694745));
#499 = CARTESIAN_POINT('',(2.801821845425,-0.12546265508,5.828172331258)
  );
#500 = CARTESIAN_POINT('',(2.718732508061,-0.201986275016,5.8577363948)
  );
#501 = CARTESIAN_POINT('',(2.635306645999,-0.273491490746,5.885648842715
    ));
#502 = CARTESIAN_POINT('',(2.552701047005,-0.339703197237,5.91178306569)
  );
#503 = ORIENTED_EDGE('',*,*,#504,.F.);
#504 = EDGE_CURVE('',#505,#462,#507,.T.);
#505 = VERTEX_POINT('',#506);
#506 = CARTESIAN_POINT('',(-0.139641682619,0.792955776179,6.42846266049)
  );
#507 = B_SPLINE_CURVE_WITH_KNOTS('',7,(#508,#509,#510,#511,#512,#513,
    #514,#515,#516,#517,#518,#519,#520,#521,#522,#523,#524,#525,#526,
    #527,#528,#529,#530,#531,#532,#533,#534,#535,#536,#537,#538,#539,
    #540,#541,#542,#543,#544,#545,#546,#547,#548,#549,#550,#551,#552,
    #553,#554,#555,#556,#557),.UNSPECIFIED.,.F.,.F.,(8,6,6,6,6,6,6,6,8),
  (0.,8.364456816456E-03,0.307231724437,0.316626071408,0.593380035605,
    0.722190703871,0.859010675919,0.930126428596,1.),.UNSPECIFIED.);
#508 = CARTESIAN_POINT('',(-0.139641682619,0.792955776179,6.42846266049)
  );
#509 = CARTESIAN_POINT('',(-0.136594825472,0.796504264618,6.427939053964
    ));
#510 = CARTESIAN_POINT('',(-0.13353877183,0.800044618663,6.427412403705)
  );
#511 = CARTESIAN_POINT('',(-0.130477662037,0.803572155785,6.426883419582
    ));
#512 = CARTESIAN_POINT('',(-0.127409692163,0.807089161747,6.426351793899
    ));
#513 = CARTESIAN_POINT('',(-0.124331554568,0.810599527321,6.425816949166
    ));
#514 = CARTESIAN_POINT('',(-0.121242035914,0.814104625647,6.425278661667
    ));
#515 = CARTESIAN_POINT('',(-7.477735663774E-03,0.942507812739,
    6.40540369053));
#516 = CARTESIAN_POINT('',(0.114856648166,1.057573782929,6.382168657458)
  );
#517 = CARTESIAN_POINT('',(0.245372703216,1.162438453757,6.355378585204)
  );
#518 = CARTESIAN_POINT('',(0.381517375525,1.257554653147,6.325416602112)
  );
#519 = CARTESIAN_POINT('',(0.521711603271,1.343574959893,6.292585490325)
  );
#520 = CARTESIAN_POINT('',(0.665005450037,1.421166611435,6.257084500387)
  );
#521 = CARTESIAN_POINT('',(0.815582502963,1.493066529361,6.217796866763)
  );
#522 = CARTESIAN_POINT('',(0.820169073717,1.495247550646,6.216598304413)
  );
#523 = CARTESIAN_POINT('',(0.824774594029,1.497428570542,6.215392930309)
  );
#524 = CARTESIAN_POINT('',(0.829374321884,1.499597764999,6.214187192478)
  );
#525 = CARTESIAN_POINT('',(0.833989640963,1.501765343617,6.212975505975)
  );
#526 = CARTESIAN_POINT('',(0.838606956556,1.503924806829,6.211761410791)
  );
#527 = CARTESIAN_POINT('',(0.979490532722,1.569540259288,6.174659735292)
  );
#528 = CARTESIAN_POINT('',(1.121374511744,1.627813792687,6.135664399899)
  );
#529 = CARTESIAN_POINT('',(1.267956287637,1.680329528879,6.093638193077)
  );
#530 = CARTESIAN_POINT('',(1.418313885129,1.726637419641,6.048721773644)
  );
#531 = CARTESIAN_POINT('',(1.571603886181,1.766327143912,6.001116422768)
  );
#532 = CARTESIAN_POINT('',(1.727141201795,1.799000303376,5.951049434162)
  );
#533 = CARTESIAN_POINT('',(1.957667885715,1.835531805929,5.874486857962)
  );
#534 = CARTESIAN_POINT('',(2.031256312139,1.845454494137,5.8497022781));
#535 = CARTESIAN_POINT('',(2.105166207381,1.853624968988,5.824479325447)
  );
#536 = CARTESIAN_POINT('',(2.17934533301,1.859951187744,5.79885465536));
#537 = CARTESIAN_POINT('',(2.253739078069,1.864319884248,5.772873209992)
  );
#538 = CARTESIAN_POINT('',(2.328291058656,1.866582069,5.746591857861));
#539 = CARTESIAN_POINT('',(2.48223927037,1.866465070475,5.691931523251)
  );
#540 = CARTESIAN_POINT('',(2.561588193664,1.863789034055,5.663545042626)
  );
#541 = CARTESIAN_POINT('',(2.640991008525,1.85824515289,5.634993620467)
  );
#542 = CARTESIAN_POINT('',(2.720355834483,1.84949749142,5.606396930319)
  );
#543 = CARTESIAN_POINT('',(2.799486221046,1.837060817683,5.57795526448)
  );
#544 = CARTESIAN_POINT('',(2.878088440089,1.820327121686,5.549953291451)
  );
#545 = CARTESIAN_POINT('',(2.996056719553,1.786676002982,5.508791623142)
  );
#546 = CARTESIAN_POINT('',(3.036091343611,1.773717799519,5.494978854234)
  );
#547 = CARTESIAN_POINT('',(3.075761774931,1.759159334523,5.481492574282)
  );
#548 = CARTESIAN_POINT('',(3.114944376831,1.742822774525,5.468431778316)
  );
#549 = CARTESIAN_POINT('',(3.153444022366,1.724511815313,5.455932003803)
  );
#550 = CARTESIAN_POINT('',(3.190993568201,1.704020152213,5.444164420689)
  );
#551 = CARTESIAN_POINT('',(3.262879918025,1.658659823779,5.422694283345)
  );
#552 = CARTESIAN_POINT('',(3.297264365841,1.633872763443,5.412958128145)
  );
#553 = CARTESIAN_POINT('',(3.330019351083,1.606629601421,5.404337758403)
  );
#554 = CARTESIAN_POINT('',(3.360648034091,1.576843887603,5.397083508997)
  );
#555 = CARTESIAN_POINT('',(3.388596311568,1.544566942315,5.391439272351)
  );
#556 = CARTESIAN_POINT('',(3.413365075597,1.510086335936,5.387569048175)
  );
#557 = CARTESIAN_POINT('',(3.434682476508,1.474047795546,5.38545551771)
  );
#558 = ORIENTED_EDGE('',*,*,#559,.T.);
#559 = EDGE_CURVE('',#505,#560,#562,.T.);
#560 = VERTEX_POINT('',#561);
#561 = CARTESIAN_POINT('',(-1.740414903463,2.771904061252,5.992361939919
    ));
#562 = B_SPLINE_CURVE_WITH_KNOTS('',8,(#563,#564,#565,#566,#567,#568,
    #569,#570,#571,#572,#573,#574,#575,#576,#577,#578,#579,#580,#581,
    #582,#583,#584,#585,#586,#587,#588,#589,#590,#591,#592,#593,#594,
    #595,#596,#597,#598,#599,#600,#601,#602,#603,#604,#605,#606,#607,
    #608,#609,#610,#611,#612,#613,#614,#615,#616,#617,#618,#619,#620,
    #621,#622,#623,#624,#625,#626,#627,#628,#629,#630,#631,#632,#633,
    #634,#635,#636,#637,#638,#639,#640,#641,#642,#643,#644,#645,#646,
    #647,#648,#649,#650,#651,#652,#653,#654,#655,#656,#657,#658,#659,
    #660,#661,#662),.UNSPECIFIED.,.F.,.F.,(9,7,7,7,7,7,7,7,7,7,7,7,7,7,9
    ),(0.,0.171495800691,0.271428173005,0.365481753378,0.438069332465,
    0.446851746835,0.451085063214,0.455654037117,0.48830800878,
    0.559317687662,0.592384423422,0.670810956106,0.7940876413,
    0.923320103001,1.),.UNSPECIFIED.);
#563 = CARTESIAN_POINT('',(0.880023525248,-4.188054656135,5.133562961539
    ));
#564 = CARTESIAN_POINT('',(0.915298961041,-4.032620091394,5.227311652239
    ));
#565 = CARTESIAN_POINT('',(0.944524790883,-3.873780200391,5.317690327636
    ));
#566 = CARTESIAN_POINT('',(0.967717953637,-3.711897992096,5.404559005282
    ));
#567 = CARTESIAN_POINT('',(0.984918926837,-3.547333189934,5.487797805042
    ));
#568 = CARTESIAN_POINT('',(0.996188081325,-3.380440869677,5.56730462678)
  );
#569 = CARTESIAN_POINT('',(1.001603176101,-3.211570452486,5.642993584397
    ));
#570 = CARTESIAN_POINT('',(1.001257649354,-3.041065147676,5.714793882735
    ));
#571 = CARTESIAN_POINT('',(0.991764097563,-2.7691504381,5.822188598134)
  );
#572 = CARTESIAN_POINT('',(0.986349654437,-2.668604453781,5.860386268608
    ));
#573 = CARTESIAN_POINT('',(0.979037601772,-2.567686026387,5.897232758249
    ));
#574 = CARTESIAN_POINT('',(0.969850945672,-2.466462596171,5.932717849185
    ));
#575 = CARTESIAN_POINT('',(0.958814980225,-2.365007268617,5.966830747742
    ));
#576 = CARTESIAN_POINT('',(0.945958326703,-2.263399469335,5.999560633778
    ));
#577 = CARTESIAN_POINT('',(0.931314160617,-2.161725989314,6.030897194369
    ));
#578 = CARTESIAN_POINT('',(0.899493427753,-1.964418309433,6.089004143891
    ));
#579 = CARTESIAN_POINT('',(0.882522839634,-1.868819814252,6.115923194959
    ));
#580 = CARTESIAN_POINT('',(0.86403881906,-1.773330321711,6.14159297577)
  );
#581 = CARTESIAN_POINT('',(0.844079080033,-1.678044449501,6.166003473083
    ));
#582 = CARTESIAN_POINT('',(0.822696835719,-1.583108105837,6.189135314418
    ));
#583 = CARTESIAN_POINT('',(0.799969442083,-1.488723110794,6.210964686319
    ));
#584 = CARTESIAN_POINT('',(0.776006239762,-1.395149313205,6.231468673874
    ));
#585 = CARTESIAN_POINT('',(0.731617508247,-1.231345470758,6.265421399744
    ));
#586 = CARTESIAN_POINT('',(0.711631370051,-1.160656667258,6.279413381855
    ));
#587 = CARTESIAN_POINT('',(0.691075896715,-1.09082722853,6.292589471472)
  );
#588 = CARTESIAN_POINT('',(0.670053992187,-1.022092315018,6.304932072588
    ));
#589 = CARTESIAN_POINT('',(0.648693427475,-0.954720450659,6.316429255524
    ));
#590 = CARTESIAN_POINT('',(0.627139895512,-0.888986703366,6.327080572474
    ));
#591 = CARTESIAN_POINT('',(0.605545150851,-0.825142568448,6.336900359153
    ));
#592 = CARTESIAN_POINT('',(0.581455620087,-0.75593060724,6.347005822796)
  );
#593 = CARTESIAN_POINT('',(0.578857102629,-0.74849112043,6.34808475244)
  );
#594 = CARTESIAN_POINT('',(0.576260337254,-0.741082647497,6.349151965003
    ));
#595 = CARTESIAN_POINT('',(0.573665559587,-0.733705493171,6.350207518996
    ));
#596 = CARTESIAN_POINT('',(0.571072999097,-0.726359941619,6.351251476729
    ));
#597 = CARTESIAN_POINT('',(0.568482879094,-0.719046256439,6.352283904308
    ));
#598 = CARTESIAN_POINT('',(0.565895416727,-0.711764680668,6.353304871633
    ));
#599 = CARTESIAN_POINT('',(0.562064992107,-0.701021142195,6.35480109248)
  );
#600 = CARTESIAN_POINT('',(0.560819891139,-0.697534541593,6.355285060492
    ));
#601 = CARTESIAN_POINT('',(0.559575825905,-0.694056413438,6.3557662705)
  );
#602 = CARTESIAN_POINT('',(0.558329265359,-0.690576977268,6.356246049628
    ));
#603 = CARTESIAN_POINT('',(0.557092964836,-0.687131565992,6.356719602769
    ));
#604 = CARTESIAN_POINT('',(0.555844877129,-0.683658845758,6.357195328868
    ));
#605 = CARTESIAN_POINT('',(0.554600278464,-0.680201341534,6.357667396766
    ));
#606 = CARTESIAN_POINT('',(0.552008624783,-0.673013075538,6.358645588599
    ));
#607 = CARTESIAN_POINT('',(0.550662163665,-0.669284873333,6.359151102723
    ));
#608 = CARTESIAN_POINT('',(0.54931447444,-0.66555961967,6.3596543941));
#609 = CARTESIAN_POINT('',(0.547965549157,-0.661837276633,6.360155472436
    ));
#610 = CARTESIAN_POINT('',(0.546615379473,-0.658117805625,6.360654347415
    ));
#611 = CARTESIAN_POINT('',(0.545263956654,-0.654401167371,6.361151028694
    ));
#612 = CARTESIAN_POINT('',(0.543911271578,-0.650687321917,6.36164552591)
  );
#613 = CARTESIAN_POINT('',(0.532880728817,-0.620453438701,6.36565642725)
  );
#614 = CARTESIAN_POINT('',(0.523139249118,-0.594071409313,6.369063913178
    ));
#615 = CARTESIAN_POINT('',(0.513329325237,-0.567815080223,6.372363850037
    ));
#616 = CARTESIAN_POINT('',(0.503446432143,-0.541667825662,6.375559668332
    ));
#617 = CARTESIAN_POINT('',(0.493485084539,-0.515611608455,6.378654631767
    ));
#618 = CARTESIAN_POINT('',(0.483438851213,-0.489627134139,6.381651783509
    ));
#619 = CARTESIAN_POINT('',(0.473300369406,-0.463694005081,6.384553892459
    ));
#620 = CARTESIAN_POINT('',(0.440795497096,-0.381461647744,6.393472983876
    ));
#621 = CARTESIAN_POINT('',(0.418057956402,-0.325283642374,6.399143655751
    ));
#622 = CARTESIAN_POINT('',(0.394758857817,-0.269024584893,6.40440214559)
  );
#623 = CARTESIAN_POINT('',(0.370798750207,-0.212459521827,6.409264479794
    ));
#624 = CARTESIAN_POINT('',(0.346070847482,-0.1553764234,6.413735390371)
  );
#625 = CARTESIAN_POINT('',(0.320471049624,-9.759808456804E-02,
    6.41780702388));
#626 = CARTESIAN_POINT('',(0.293911880632,-3.900724661756E-02,
    6.421459402971));
#627 = CARTESIAN_POINT('',(0.253495570179,4.811978382102E-02,
    6.426157872549));
#628 = CARTESIAN_POINT('',(0.240435235503,7.598470852676E-02,
    6.427553677714));
#629 = CARTESIAN_POINT('',(0.227150582582,0.104035396141,6.428849672324)
  );
#630 = CARTESIAN_POINT('',(0.213637925585,0.132271368539,6.430042723998)
  );
#631 = CARTESIAN_POINT('',(0.199894901249,0.160689206603,6.43112950861)
  );
#632 = CARTESIAN_POINT('',(0.185920587712,0.189282571804,6.432106613885)
  );
#633 = CARTESIAN_POINT('',(0.17171562333,0.218042227779,6.432970642982)
  );
#634 = CARTESIAN_POINT('',(0.123049932234,0.315532887118,6.43549162789)
  );
#635 = CARTESIAN_POINT('',(8.753046360911E-02,0.384982297663,
    6.436610554577));
#636 = CARTESIAN_POINT('',(5.075610029308E-02,0.455139954437,
    6.43703121362));
#637 = CARTESIAN_POINT('',(1.277919506149E-02,0.525817194017,
    6.436715475291));
#638 = CARTESIAN_POINT('',(-2.633384877285E-02,0.596821166453,
    6.435634610468));
#639 = CARTESIAN_POINT('',(-6.651246100308E-02,0.667973809165,
    6.43376945358));
#640 = CARTESIAN_POINT('',(-0.107690819943,0.739124013537,6.431108457755
    ));
#641 = CARTESIAN_POINT('',(-0.216018825101,0.92178711444,6.422200922663)
  );
#642 = CARTESIAN_POINT('',(-0.284547015732,1.033102038977,6.414774741824
    ));
#643 = CARTESIAN_POINT('',(-0.355243024718,1.143732030514,6.405335593786
    ));
#644 = CARTESIAN_POINT('',(-0.42796257926,1.253388592792,6.39387622537)
  );
#645 = CARTESIAN_POINT('',(-0.502583003194,1.361856669141,6.380403257818
    ));
#646 = CARTESIAN_POINT('',(-0.579008586469,1.468984248281,6.364928524228
    ));
#647 = CARTESIAN_POINT('',(-0.657173936612,1.574670057886,6.347461203002
    ));
#648 = CARTESIAN_POINT('',(-0.820787469488,1.788082938897,6.307599508978
    ));
#649 = CARTESIAN_POINT('',(-0.906371428093,1.895618041057,6.285016044955
    ));
#650 = CARTESIAN_POINT('',(-0.993733998383,2.001359708541,6.260260457484
    ));
#651 = CARTESIAN_POINT('',(-1.082807957825,2.105211099215,6.233345252586
    ));
#652 = CARTESIAN_POINT('',(-1.173528092798,2.207082200469,6.204284226117
    ));
#653 = CARTESIAN_POINT('',(-1.265831483675,2.306888524194,6.173091685469
    ));
#654 = CARTESIAN_POINT('',(-1.359657898626,2.404550102823,6.139781712107
    ));
#655 = CARTESIAN_POINT('',(-1.511491904393,2.556620380064,6.08335447186)
  );
#656 = CARTESIAN_POINT('',(-1.568548289551,2.612466734336,6.061601139897
    ));
#657 = CARTESIAN_POINT('',(-1.626106648654,2.66751315203,6.039110589373)
  );
#658 = CARTESIAN_POINT('',(-1.684154027545,2.721742960152,6.015886071055
    ));
#659 = CARTESIAN_POINT('',(-1.742677321003,2.775139508176,5.991930965307
    ));
#660 = CARTESIAN_POINT('',(-1.801663272898,2.827686166294,5.967248781228
    ));
#661 = CARTESIAN_POINT('',(-1.861098476336,2.879366323665,5.941843155787
    ));
#662 = CARTESIAN_POINT('',(-1.920969373812,2.930163386654,5.91571785297)
  );
#663 = ORIENTED_EDGE('',*,*,#664,.T.);
#664 = EDGE_CURVE('',#560,#665,#667,.T.);
#665 = VERTEX_POINT('',#666);
#666 = CARTESIAN_POINT('',(1.675766603197,6.816922606991,1.267842764439)
  );
#667 = B_SPLINE_CURVE_WITH_KNOTS('',7,(#668,#669,#670,#671,#672,#673,
    #674,#675,#676,#677,#678,#679,#680,#681,#682,#683,#684,#685,#686,
    #687,#688,#689,#690,#691,#692,#693,#694,#695,#696,#697,#698,#699,
    #700,#701,#702,#703,#704,#705,#706,#707,#708,#709,#710,#711,#712,
    #713,#714,#715,#716,#717,#718,#719,#720,#721,#722,#723,#724,#725,
    #726,#727,#728,#729,#730,#731,#732,#733,#734,#735,#736,#737,#738,
    #739,#740,#741),.UNSPECIFIED.,.F.,.F.,(8,6,6,6,6,6,6,6,6,6,6,6,8),(
    0.,0.130819031626,0.253093191634,0.2704426252,0.278886013837,
    0.287711495572,0.36112135105,0.451238486053,0.540337215073,
    0.629080482884,0.717721786415,0.855423516186,1.),.UNSPECIFIED.);
#668 = CARTESIAN_POINT('',(-1.740414903463,2.771904061252,5.992361939919
    ));
#669 = CARTESIAN_POINT('',(-1.651288604846,2.886510044289,5.959928892435
    ));
#670 = CARTESIAN_POINT('',(-1.561003402951,2.998357174777,5.925135578451
    ));
#671 = CARTESIAN_POINT('',(-1.469867099864,3.107615947793,5.887987079706
    ));
#672 = CARTESIAN_POINT('',(-1.378155672021,3.21444639387,5.848486310207)
  );
#673 = CARTESIAN_POINT('',(-1.286117054669,3.318999601108,5.806632860214
    ));
#674 = CARTESIAN_POINT('',(-1.193974926325,3.421419237292,5.762421840212
    ));
#675 = CARTESIAN_POINT('',(-1.015902111806,3.61570739648,5.672306076362)
  );
#676 = CARTESIAN_POINT('',(-0.929961853325,3.707824755116,5.626702123435
    ));
#677 = CARTESIAN_POINT('',(-0.844278966884,3.798305386149,5.579023312779
    ));
#678 = CARTESIAN_POINT('',(-0.759010136907,3.887249397073,5.529260615898
    ));
#679 = CARTESIAN_POINT('',(-0.674302452208,3.974747428494,5.477403467729
    ));
#680 = CARTESIAN_POINT('',(-0.590294375027,4.060881317989,5.423439705242
    ));
#681 = CARTESIAN_POINT('',(-0.49531466318,4.157763167907,5.359397740574)
  );
#682 = CARTESIAN_POINT('',(-0.483529349145,4.169775575255,5.351397295166
    ));
#683 = CARTESIAN_POINT('',(-0.471761144631,4.18176219254,5.343354132782)
  );
#684 = CARTESIAN_POINT('',(-0.460010423642,4.1937232223,5.335268216173)
  );
#685 = CARTESIAN_POINT('',(-0.448277557531,4.205658863082,5.327139507881
    ));
#686 = CARTESIAN_POINT('',(-0.436562915008,4.21756930944,5.318967970233)
  );
#687 = CARTESIAN_POINT('',(-0.41917478466,4.235238999002,5.306755889418)
  );
#688 = CARTESIAN_POINT('',(-0.413487110049,4.241017324038,5.302748060636
    ));
#689 = CARTESIAN_POINT('',(-0.4078038805,4.246789749008,5.298730074636)
  );
#690 = CARTESIAN_POINT('',(-0.402125138069,4.252556295648,5.294701927049
    ));
#691 = CARTESIAN_POINT('',(-0.396450924672,4.258316985468,5.290663613495
    ));
#692 = CARTESIAN_POINT('',(-0.39078128208,4.264071839748,5.286615129592)
  );
#693 = CARTESIAN_POINT('',(-0.379194859184,4.275830083655,5.278314143693
    ));
#694 = CARTESIAN_POINT('',(-0.373278537637,4.281832902835,5.274060723322
    ));
#695 = CARTESIAN_POINT('',(-0.367367128634,4.287829570132,5.26979605363)
  );
#696 = CARTESIAN_POINT('',(-0.361461300547,4.293819479844,5.265520584925
    ));
#697 = CARTESIAN_POINT('',(-0.355559974102,4.299803797342,5.261233486412
    ));
#698 = CARTESIAN_POINT('',(-0.349664545058,4.305781178693,5.256935741459
    ));
#699 = CARTESIAN_POINT('',(-0.294776339282,4.361424124382,5.216782786895
    ));
#700 = CARTESIAN_POINT('',(-0.246120962822,4.410687109627,5.180151474704
    ));
#701 = CARTESIAN_POINT('',(-0.197838591876,4.459551083442,5.142730733777
    ));
#702 = CARTESIAN_POINT('',(-0.149958877778,4.508024506033,5.104518749656
    ));
#703 = CARTESIAN_POINT('',(-0.102510354532,4.556114939817,5.065513756601
    ));
#704 = CARTESIAN_POINT('',(-5.552043881537E-02,4.603829049416,
    5.025714037591));
#705 = CARTESIAN_POINT('',(4.807360980678E-02,4.709291028153,
    4.935282580067));
#706 = CARTESIAN_POINT('',(0.104431840071,4.766850799278,4.884247209033)
  );
#707 = CARTESIAN_POINT('',(0.160010525704,4.823862590995,4.83200867738)
  );
#708 = CARTESIAN_POINT('',(0.214763340545,4.880334320525,4.77856425935)
  );
#709 = CARTESIAN_POINT('',(0.268646367387,4.936271146353,4.723911637264)
  );
#710 = CARTESIAN_POINT('',(0.321618097978,4.99167546823,4.668048901531)
  );
#711 = CARTESIAN_POINT('',(0.425072879425,5.100798288474,4.554545192073)
  );
#712 = CARTESIAN_POINT('',(0.475577320307,5.154528602433,4.496931579059)
  );
#713 = CARTESIAN_POINT('',(0.525114884823,5.207737393413,4.438132293714)
  );
#714 = CARTESIAN_POINT('',(0.573650177766,5.260421151547,4.378146624612)
  );
#715 = CARTESIAN_POINT('',(0.621150279562,5.312573332724,4.316974566788)
  );
#716 = CARTESIAN_POINT('',(0.667584746268,5.364184358594,4.254616821738)
  );
#717 = CARTESIAN_POINT('',(0.758085584579,5.466095180559,4.127786275304)
  );
#718 = CARTESIAN_POINT('',(0.802160754479,5.516399368557,4.063322989149)
  );
#719 = CARTESIAN_POINT('',(0.845123468676,5.566141600701,3.997686375283)
  );
#720 = CARTESIAN_POINT('',(0.88694879851,5.615306268086,3.930878811732)
  );
#721 = CARTESIAN_POINT('',(0.927614537258,5.663874732756,3.862903618222)
  );
#722 = CARTESIAN_POINT('',(0.967101200139,5.711825327712,3.793765056173)
  );
#723 = CARTESIAN_POINT('',(1.043638853072,5.806387030092,3.653252370805)
  );
#724 = CARTESIAN_POINT('',(1.080692664227,5.852999706631,3.58188095316)
  );
#725 = CARTESIAN_POINT('',(1.116536783552,5.898946680354,3.509359298));
#726 = CARTESIAN_POINT('',(1.151157458069,5.944200492819,3.435693734615)
  );
#727 = CARTESIAN_POINT('',(1.184543856037,5.988730933312,3.360891699355)
  );
#728 = CARTESIAN_POINT('',(1.216688066961,6.032505038846,3.284961735635)
  );
#729 = CARTESIAN_POINT('',(1.295582761178,6.142258487746,3.088221254126)
  );
#730 = CARTESIAN_POINT('',(1.340570778645,6.20711868486,2.965830171247)
  );
#731 = CARTESIAN_POINT('',(1.38253042395,6.269934337491,2.8407769519));
#732 = CARTESIAN_POINT('',(1.421460551825,6.330557276823,2.713104847578)
  );
#733 = CARTESIAN_POINT('',(1.457377360709,6.388826217056,2.58286431229)
  );
#734 = CARTESIAN_POINT('',(1.490314151702,6.44456845922,2.450113660185)
  );
#735 = CARTESIAN_POINT('',(1.551826118532,6.553282408222,2.172976233606)
  );
#736 = CARTESIAN_POINT('',(1.580101414273,6.60597682873,2.028339515944)
  );
#737 = CARTESIAN_POINT('',(1.605205063939,6.655474088837,1.881086559677)
  );
#738 = CARTESIAN_POINT('',(1.627215465077,6.701551560566,1.731304984864)
  );
#739 = CARTESIAN_POINT('',(1.646230886681,6.743977686391,1.579093925764)
  );
#740 = CARTESIAN_POINT('',(1.662369032309,6.78251490999,1.424564914452)
  );
#741 = CARTESIAN_POINT('',(1.675766603197,6.816922606991,1.267842764439)
  );
#742 = ORIENTED_EDGE('',*,*,#743,.F.);
#743 = EDGE_CURVE('',#213,#665,#744,.T.);
#744 = B_SPLINE_CURVE_WITH_KNOTS('',5,(#745,#746,#747,#748,#749,#750,
    #751,#752,#753,#754,#755,#756,#757,#758,#759,#760,#761,#762,#763,
    #764,#765,#766,#767,#768,#769,#770,#771,#772,#773,#774,#775,#776,
    #777,#778,#779,#780,#781,#782),.UNSPECIFIED.,.F.,.F.,(6,4,4,4,4,4,4,
    4,4,6),(0.,0.161961955614,0.272540074008,0.351001190196,
    0.445985700211,0.540223023505,0.651721274521,0.769498063411,
    0.863648497408,1.),.UNSPECIFIED.);
#745 = CARTESIAN_POINT('',(7.210240719275,-1.776373996023,2.035295139998
    ));
#746 = CARTESIAN_POINT('',(7.210028799288,-1.441716004285,2.176591311293
    ));
#747 = CARTESIAN_POINT('',(7.190056024124,-1.101400991998,2.304568715659
    ));
#748 = CARTESIAN_POINT('',(7.150954593034,-0.757624246577,2.418801978629
    ));
#749 = CARTESIAN_POINT('',(7.093543942131,-0.412346368569,2.519113786281
    ));
#750 = CARTESIAN_POINT('',(6.967535166574,0.168318147973,2.664390677028)
  );
#751 = CARTESIAN_POINT('',(6.908265694814,0.403812607281,2.716817705934)
  );
#752 = CARTESIAN_POINT('',(6.841120053619,0.638661889224,2.762710379092)
  );
#753 = CARTESIAN_POINT('',(6.766373906941,0.872361370143,2.802074540454)
  );
#754 = CARTESIAN_POINT('',(6.62606306887,1.26911906034,2.858241146993));
#755 = CARTESIAN_POINT('',(6.56413731339,1.432979465563,2.878275680626)
  );
#756 = CARTESIAN_POINT('',(6.498619719644,1.595858021229,2.89503962677)
  );
#757 = CARTESIAN_POINT('',(6.429607531395,1.757594221284,2.908542446976)
  );
#758 = CARTESIAN_POINT('',(6.269538623659,2.112261835548,2.931209130473)
  );
#759 = CARTESIAN_POINT('',(6.176900214759,2.304589093476,2.938860150147)
  );
#760 = CARTESIAN_POINT('',(6.079453948491,2.494743350621,2.94177031908)
  );
#761 = CARTESIAN_POINT('',(5.977371047763,2.682460508381,2.939964122924)
  );
#762 = CARTESIAN_POINT('',(5.765111864532,3.051054037893,2.927025717881)
  );
#763 = CARTESIAN_POINT('',(5.655005850539,3.231971867024,2.91596689775)
  );
#764 = CARTESIAN_POINT('',(5.540671045089,3.409988747772,2.900319876118)
  );
#765 = CARTESIAN_POINT('',(5.422275723602,3.584858328465,2.88011429723)
  );
#766 = CARTESIAN_POINT('',(5.155305274787,3.95922588851,2.826120675806)
  );
#767 = CARTESIAN_POINT('',(5.005175245278,4.157367155675,2.79052296977)
  );
#768 = CARTESIAN_POINT('',(4.849880168871,4.350359308727,2.748642398846)
  );
#769 = CARTESIAN_POINT('',(4.689710236975,4.537798764735,2.700539067789)
  );
#770 = CARTESIAN_POINT('',(4.350943437346,4.910981538676,2.588965833622)
  );
#771 = CARTESIAN_POINT('',(4.171818695995,5.096033995826,2.524784229336)
  );
#772 = CARTESIAN_POINT('',(3.987943605506,5.273959921007,2.453813566457)
  );
#773 = CARTESIAN_POINT('',(3.799695815574,5.444272198509,2.376148169436)
  );
#774 = CARTESIAN_POINT('',(3.453819823316,5.736138692277,2.224549521312)
  );
#775 = CARTESIAN_POINT('',(3.297625835998,5.860620191022,2.152993888446)
  );
#776 = CARTESIAN_POINT('',(3.139102431785,5.979664922409,2.077288148637)
  );
#777 = CARTESIAN_POINT('',(2.978472490586,6.093014826327,1.997500407903)
  );
#778 = CARTESIAN_POINT('',(2.58064245784,6.355937961418,1.792363034054)
  );
#779 = CARTESIAN_POINT('',(2.341396216124,6.498973440176,1.662623091857)
  );
#780 = CARTESIAN_POINT('',(2.0989629869,6.628724011473,1.52473374643));
#781 = CARTESIAN_POINT('',(1.854168251507,6.744375507316,1.379007103062)
  );
#782 = CARTESIAN_POINT('',(1.607948483943,6.845148386422,1.22585814447)
  );
#783 = ORIENTED_EDGE('',*,*,#212,.F.);
#784 = ORIENTED_EDGE('',*,*,#785,.T.);
#785 = EDGE_CURVE('',#24,#786,#788,.T.);
#786 = VERTEX_POINT('',#787);
#787 = CARTESIAN_POINT('',(2.620518966631,-5.767986333695E-02,
    -6.303028224704));
#788 = B_SPLINE_CURVE_WITH_KNOTS('',4,(#789,#790,#791,#792,#793,#794,
    #795,#796),.UNSPECIFIED.,.F.,.F.,(5,3,5),(0.,0.257143137918,1.),
  .UNSPECIFIED.);
#789 = CARTESIAN_POINT('',(2.40805094458,-0.982442339846,-6.306020930184
    ));
#790 = CARTESIAN_POINT('',(2.431449563574,-0.925730450104,
    -6.307747207214));
#791 = CARTESIAN_POINT('',(2.453243546877,-0.86833016014,-6.309149578552
    ));
#792 = CARTESIAN_POINT('',(2.473399653302,-0.81032326995,-6.310222209543
    ));
#793 = CARTESIAN_POINT('',(2.545318082286,-0.582711739957,
    -6.313103953165));
#794 = CARTESIAN_POINT('',(2.584867937407,-0.409272964412,
    -6.312477452696));
#795 = CARTESIAN_POINT('',(2.60993815463,-0.233524547139,-6.3090381164)
  );
#796 = CARTESIAN_POINT('',(2.620518966631,-5.767986333695E-02,
    -6.303028224704));
#797 = ORIENTED_EDGE('',*,*,#798,.T.);
#798 = EDGE_CURVE('',#786,#799,#801,.T.);
#799 = VERTEX_POINT('',#800);
#800 = CARTESIAN_POINT('',(1.121797871828,2.511042348695,-6.021604750832
    ));
#801 = B_SPLINE_CURVE_WITH_KNOTS('',8,(#802,#803,#804,#805,#806,#807,
    #808,#809,#810,#811,#812,#813,#814,#815,#816,#817,#818,#819,#820,
    #821,#822,#823,#824,#825,#826,#827,#828,#829,#830,#831,#832,#833,
    #834,#835,#836,#837,#838,#839,#840,#841,#842,#843,#844,#845,#846,
    #847,#848,#849,#850,#851,#852,#853,#854,#855,#856,#857,#858,#859,
    #860,#861,#862,#863,#864,#865,#866,#867,#868,#869,#870,#871,#872,
    #873,#874,#875,#876,#877,#878,#879,#880,#881,#882,#883,#884,#885,
    #886,#887,#888,#889,#890,#891,#892,#893,#894,#895,#896,#897,#898,
    #899,#900,#901,#902,#903,#904,#905,#906,#907,#908,#909,#910,#911,
    #912,#913,#914,#915,#916,#917,#918,#919,#920,#921,#922,#923,#924,
    #925,#926,#927,#928,#929,#930,#931,#932,#933,#934,#935,#936,#937,
    #938,#939,#940,#941,#942,#943,#944,#945,#946,#947,#948,#949,#950,
    #951,#952,#953,#954,#955,#956,#957,#958,#959,#960,#961,#962,#963,
    #964,#965,#966,#967,#968,#969,#970,#971,#972,#973,#974,#975,#976,
    #977,#978,#979,#980,#981,#982,#983,#984,#985),.UNSPECIFIED.,.F.,.F.,
  (9,7,7,7,7,7,7,7,7,7,7,7,7,7,7,7,7,7,7,7,7,7,7,7,7,7,9),(0.,
    8.78036591448E-02,0.118639734993,0.173168225115,0.210268523283,
    0.227637406596,0.256933402657,0.288310149368,0.338192697542,
    0.344480636532,0.389467906235,0.393265727365,0.447137346894,
    0.518000302733,0.570980275133,0.612586548274,0.617206180162,
    0.656762838375,0.686226797756,0.700466767238,0.714465413714,
    0.76529276427,0.814173151627,0.83613752741,0.868013787957,
    0.916132446523,1.),.UNSPECIFIED.);
#802 = CARTESIAN_POINT('',(2.620518966631,-5.767986333695E-02,
    -6.303028224704));
#803 = CARTESIAN_POINT('',(2.631064454671,0.117574686953,-6.297038553153
    ));
#804 = CARTESIAN_POINT('',(2.629404628495,0.295042067549,-6.288787335212
    ));
#805 = CARTESIAN_POINT('',(2.615020603285,0.473596312941,-6.278314956419
    ));
#806 = CARTESIAN_POINT('',(2.587495230803,0.652033962801,-6.265725811013
    ));
#807 = CARTESIAN_POINT('',(2.546507033633,0.829071632878,-6.251194964881
    ));
#808 = CARTESIAN_POINT('',(2.491844201656,1.003346522947,-6.234967848841
    ));
#809 = CARTESIAN_POINT('',(2.423438650777,1.173419861824,-6.217352982298
    ));
#810 = CARTESIAN_POINT('',(2.312615858499,1.395506698743,-6.192159616731
    ));
#811 = CARTESIAN_POINT('',(2.282133884242,1.452523518994,-6.185484674659
    ));
#812 = CARTESIAN_POINT('',(2.249980947932,1.508767348292,-6.178698494803
    ));
#813 = CARTESIAN_POINT('',(2.216167111662,1.564170633792,-6.171817456819
    ));
#814 = CARTESIAN_POINT('',(2.180706272285,1.618664953662,-6.164858585544
    ));
#815 = CARTESIAN_POINT('',(2.143616660883,1.672181299062,-6.157839410308
    ));
#816 = CARTESIAN_POINT('',(2.104921342237,1.72465035611,-6.150777824233)
  );
#817 = CARTESIAN_POINT('',(1.993433255246,1.866811059457,-6.131161725765
    ));
#818 = CARTESIAN_POINT('',(1.917275547541,1.954140684341,-6.118553762044
    ));
#819 = CARTESIAN_POINT('',(1.836342308943,2.037591709432,-6.105970039158
    ));
#820 = CARTESIAN_POINT('',(1.750845274072,2.116784935511,-6.093512509972
    ));
#821 = CARTESIAN_POINT('',(1.661043365316,2.1913645825,-6.081279092189)
  );
#822 = CARTESIAN_POINT('',(1.567246672513,2.261003815705,-6.069360115657
    ));
#823 = CARTESIAN_POINT('',(1.469822241422,2.325413133047,-6.057835218218
    ));
#824 = CARTESIAN_POINT('',(1.300741091427,2.424452435912,-6.039242583865
    ));
#825 = CARTESIAN_POINT('',(1.230790561256,2.462026662351,-6.031926420026
    ));
#826 = CARTESIAN_POINT('',(1.159481572756,2.496999634949,-6.024842919839
    ));
#827 = CARTESIAN_POINT('',(1.086949372579,2.529311564544,-6.018008849556
    ));
#828 = CARTESIAN_POINT('',(1.013332420725,2.558916821072,-6.011437156456
    ));
#829 = CARTESIAN_POINT('',(0.938771849532,2.58578322419,-6.005137104855)
  );
#830 = CARTESIAN_POINT('',(0.863410922664,2.609891333904,-5.999114412127
    ));
#831 = CARTESIAN_POINT('',(0.751806637184,2.641225442867,-5.990682727401
    ));
#832 = CARTESIAN_POINT('',(0.716074433165,2.650611132577,-5.988055341293
    ));
#833 = CARTESIAN_POINT('',(0.680212413549,2.659390215212,-5.985489427449
    ));
#834 = CARTESIAN_POINT('',(0.644234935162,2.667562645467,-5.98298503793)
  );
#835 = CARTESIAN_POINT('',(0.608156180159,2.67512892784,-5.980542075802)
  );
#836 = CARTESIAN_POINT('',(0.571990156022,2.682090116637,-5.978160295132
    ));
#837 = CARTESIAN_POINT('',(0.535750695564,2.688447815969,-5.975839300995
    ));
#838 = CARTESIAN_POINT('',(0.438225734223,2.703913379903,-5.969765362385
    ));
#839 = CARTESIAN_POINT('',(0.376829576555,2.711911685612,-5.966123593458
    ));
#840 = CARTESIAN_POINT('',(0.315328544529,2.718209105198,-5.96265074596)
  );
#841 = CARTESIAN_POINT('',(0.253785847824,2.72281956955,-5.959343262126)
  );
#842 = CARTESIAN_POINT('',(0.19226233396,2.725760459915,-5.956196683209)
  );
#843 = CARTESIAN_POINT('',(0.130816477063,2.727052135678,-5.953205809539
    ));
#844 = CARTESIAN_POINT('',(6.950436663601E-02,2.726717462146,
    -5.95036486058));
#845 = CARTESIAN_POINT('',(-5.708635935925E-02,2.722707719997,
    -5.944778834074));
#846 = CARTESIAN_POINT('',(-0.122337428333,2.718797085558,
    -5.942054900886));
#847 = CARTESIAN_POINT('',(-0.187307898824,2.713080175231,
    -5.939488161299));
#848 = CARTESIAN_POINT('',(-0.251935315375,2.70559035222,-5.937070403576
    ));
#849 = CARTESIAN_POINT('',(-0.316160273809,2.696363242165,
    -5.934793032985));
#850 = CARTESIAN_POINT('',(-0.379926316179,2.68543637259,-5.932647226409
    ));
#851 = CARTESIAN_POINT('',(-0.443179825732,2.672848812352,
    -5.930624086968));
#852 = CARTESIAN_POINT('',(-0.605534247555,2.636053105906,
    -5.925679395933));
#853 = CARTESIAN_POINT('',(-0.703771079753,2.609370434544,-5.92293191209
    ));
#854 = CARTESIAN_POINT('',(-0.800379568059,2.578755116329,
    -5.920436496161));
#855 = CARTESIAN_POINT('',(-0.895170130131,2.544377355131,
    -5.918158136535));
#856 = CARTESIAN_POINT('',(-0.987964281559,2.506415859708,
    -5.916063286329));
#857 = CARTESIAN_POINT('',(-1.078594465745,2.465058464047,
    -5.914120488794));
#858 = CARTESIAN_POINT('',(-1.166903883772,2.420502747714,
    -5.912301002711));
#859 = CARTESIAN_POINT('',(-1.263567187544,2.366963246459,
    -5.910362412062));
#860 = CARTESIAN_POINT('',(-1.27435697397,2.360917829275,-5.910146787902
    ));
#861 = CARTESIAN_POINT('',(-1.285116098981,2.354820236436,
    -5.909932492045));
#862 = CARTESIAN_POINT('',(-1.295843909762,2.348670898273,
    -5.909719483083));
#863 = CARTESIAN_POINT('',(-1.306539716789,2.342470272387,
    -5.909507720805));
#864 = CARTESIAN_POINT('',(-1.31720320771,2.336218614515,-5.909297157926
    ));
#865 = CARTESIAN_POINT('',(-1.327834243568,2.329916091523,
    -5.909087744192));
#866 = CARTESIAN_POINT('',(-1.414254334696,2.278111568516,
    -5.907389141536));
#867 = CARTESIAN_POINT('',(-1.488378584132,2.230081595909,
    -5.905955716573));
#868 = CARTESIAN_POINT('',(-1.560656570253,2.179591755296,
    -5.904562898854));
#869 = CARTESIAN_POINT('',(-1.630937667633,2.126779086988,
    -5.903195894923));
#870 = CARTESIAN_POINT('',(-1.699072046225,2.071802511061,
    -5.901841718203));
#871 = CARTESIAN_POINT('',(-1.764913876735,2.014846103416,
    -5.900489520185));
#872 = CARTESIAN_POINT('',(-1.828324535997,1.956122371833,
    -5.899130921625));
#873 = CARTESIAN_POINT('',(-1.894312872551,1.890789500533,-5.89764463932
    ));
#874 = CARTESIAN_POINT('',(-1.899298982463,1.885824037429,
    -5.897531839038));
#875 = CARTESIAN_POINT('',(-1.904189419328,1.880926985244,
    -5.897420735672));
#876 = CARTESIAN_POINT('',(-1.909016935607,1.876067045829,-5.89731060598
    ));
#877 = CARTESIAN_POINT('',(-1.913822589397,1.87120354744,-5.897200520111
    ));
#878 = CARTESIAN_POINT('',(-1.918650949101,1.866291150321,-5.89708944805
    ));
#879 = CARTESIAN_POINT('',(-1.923539455242,1.861290219289,
    -5.896976495594));
#880 = CARTESIAN_POINT('',(-1.999346383283,1.783291146576,
    -5.895216670497));
#881 = CARTESIAN_POINT('',(-2.067164381291,1.707683691536,
    -5.893535140149));
#882 = CARTESIAN_POINT('',(-2.131816743118,1.629517348913,
    -5.891803606544));
#883 = CARTESIAN_POINT('',(-2.19314954564,1.548991135594,-5.890012945594
    ));
#884 = CARTESIAN_POINT('',(-2.251026948092,1.466315597316,
    -5.888157570357));
#885 = CARTESIAN_POINT('',(-2.305333553537,1.381709278718,
    -5.886235448785));
#886 = CARTESIAN_POINT('',(-2.355976099507,1.295393029259,
    -5.884247882726));
#887 = CARTESIAN_POINT('',(-2.464587573834,1.092075132867,
    -5.879503984976));
#888 = CARTESIAN_POINT('',(-2.519839222992,0.973967767155,
    -5.876702647849));
#889 = CARTESIAN_POINT('',(-2.568466053816,0.853754722917,
    -5.873804420044));
#890 = CARTESIAN_POINT('',(-2.610395246135,0.731888011154,
    -5.870827256083));
#891 = CARTESIAN_POINT('',(-2.645616825743,0.608723038873,
    -5.867794283248));
#892 = CARTESIAN_POINT('',(-2.674144541466,0.484505545982,-5.86473221979
    ));
#893 = CARTESIAN_POINT('',(-2.695975324663,0.359399419021,
    -5.861671609848));
#894 = CARTESIAN_POINT('',(-2.722316112925,0.139469401254,
    -5.856388967747));
#895 = CARTESIAN_POINT('',(-2.729807443024,4.49744353337E-02,
    -5.854150323137));
#896 = CARTESIAN_POINT('',(-2.73349972278,-4.986904579607E-02,
    -5.851948181522));
#897 = CARTESIAN_POINT('',(-2.733354011036,-0.144995673443,
    -5.849799794716));
#898 = CARTESIAN_POINT('',(-2.729317095298,-0.24031700792,
    -5.847725154874));
#899 = CARTESIAN_POINT('',(-2.721328554523,-0.335710275679,
    -5.845747272008));
#900 = CARTESIAN_POINT('',(-2.709331813545,-0.43101401609,
    -5.843892000226));
#901 = CARTESIAN_POINT('',(-2.680690491908,-0.600649149692,
    -5.840848756046));
#902 = CARTESIAN_POINT('',(-2.665596611299,-0.675090767846,
    -5.839603046631));
#903 = CARTESIAN_POINT('',(-2.647988765635,-0.749257922809,
    -5.838463839801));
#904 = CARTESIAN_POINT('',(-2.627855607648,-0.823040427126,
    -5.837445566306));
#905 = CARTESIAN_POINT('',(-2.605195317445,-0.896317888287,
    -5.836563178187));
#906 = CARTESIAN_POINT('',(-2.580017695454,-0.968962121586,
    -5.835831794645));
#907 = CARTESIAN_POINT('',(-2.552346255355,-1.040839562997,
    -5.835266347917));
#908 = CARTESIAN_POINT('',(-2.518875365307,-1.119694085183,
    -5.834838467883));
#909 = CARTESIAN_POINT('',(-2.51549568858,-1.127573883226,
    -5.834797871843));
#910 = CARTESIAN_POINT('',(-2.512079435224,-1.135456919046,
    -5.83475945079));
#911 = CARTESIAN_POINT('',(-2.508628067952,-1.143339240412,
    -5.834723256703));
#912 = CARTESIAN_POINT('',(-2.505141191085,-1.15122128615,
    -5.834689317644));
#913 = CARTESIAN_POINT('',(-2.501618049227,-1.159104355695,
    -5.834657656901));
#914 = CARTESIAN_POINT('',(-2.498059625834,-1.166985665369,
    -5.834628319797));
#915 = CARTESIAN_POINT('',(-2.463687745267,-1.242345978927,
    -5.834370230582));
#916 = CARTESIAN_POINT('',(-2.430288700817,-1.309745045616,
    -5.834311447715));
#917 = CARTESIAN_POINT('',(-2.394256962139,-1.376804292969,
    -5.834445287494));
#918 = CARTESIAN_POINT('',(-2.35560739827,-1.443275903449,
    -5.834791292255));
#919 = CARTESIAN_POINT('',(-2.314377644043,-1.508927768152,
    -5.835367759098));
#920 = CARTESIAN_POINT('',(-2.270624851236,-1.573545967546,
    -5.836191361865));
#921 = CARTESIAN_POINT('',(-2.224422468724,-1.636935408629,
    -5.837276877115));
#922 = CARTESIAN_POINT('',(-2.139682892297,-1.745087110598,
    -5.839650118869));
#923 = CARTESIAN_POINT('',(-2.102197494049,-1.79047569369,
    -5.840815588193));
#924 = CARTESIAN_POINT('',(-2.063436771196,-1.835011055475,
    -5.842138679373));
#925 = CARTESIAN_POINT('',(-2.023440520106,-1.878625588715,
    -5.843624003648));
#926 = CARTESIAN_POINT('',(-1.982252008025,-1.921257133523,
    -5.845275493423));
#927 = CARTESIAN_POINT('',(-1.939917561883,-1.962848719641,
    -5.847096369465));
#928 = CARTESIAN_POINT('',(-1.896486157094,-2.003348308718,
    -5.849089108104));
#929 = CARTESIAN_POINT('',(-1.830513148286,-2.061731392244,
    -5.852302384843));
#930 = CARTESIAN_POINT('',(-1.808772998061,-2.080488129879,
    -5.853389902904));
#931 = CARTESIAN_POINT('',(-1.786794349678,-2.098973426678,
    -5.854518156598));
#932 = CARTESIAN_POINT('',(-1.764583100261,-2.117182211877,
    -5.855687297608));
#933 = CARTESIAN_POINT('',(-1.74214525006,-2.135109666779,
    -5.856897435324));
#934 = CARTESIAN_POINT('',(-1.719486902453,-2.152751224745,
    -5.858148636837));
#935 = CARTESIAN_POINT('',(-1.696614263943,-2.170102571202,
    -5.859440926941));
#936 = CARTESIAN_POINT('',(-1.650844167756,-2.203927650611,
    -5.862085052366));
#937 = CARTESIAN_POINT('',(-1.627953446316,-2.220411414246,
    -5.863435523006));
#938 = CARTESIAN_POINT('',(-1.604868525142,-2.236606409351,
    -5.864825612251));
#939 = CARTESIAN_POINT('',(-1.581592834643,-2.252510607733,
    -5.866255436885));
#940 = CARTESIAN_POINT('',(-1.558136975741,-2.268117849972,
    -5.867724603872));
#941 = CARTESIAN_POINT('',(-1.534501681867,-2.283428292972,
    -5.869233337693));
#942 = CARTESIAN_POINT('',(-1.510698073828,-2.298435974084,
    -5.870781139245));
#943 = CARTESIAN_POINT('',(-1.399701806627,-2.366528898788,
    -5.878129703558));
#944 = CARTESIAN_POINT('',(-1.309807958335,-2.416337355052,
    -5.884451911708));
#945 = CARTESIAN_POINT('',(-1.217278722798,-2.462327325272,
    -5.891339551965));
#946 = CARTESIAN_POINT('',(-1.122358932118,-2.504291291043,
    -5.898791171292));
#947 = CARTESIAN_POINT('',(-1.025305893196,-2.54205104052,
    -5.906798744904));
#948 = CARTESIAN_POINT('',(-0.926387981151,-2.575456389211,
    -5.915347485298));
#949 = CARTESIAN_POINT('',(-0.82588323274,-2.604383900767,
    -5.924415651276));
#950 = CARTESIAN_POINT('',(-0.62617239994,-2.652154747324,
    -5.943166934165));
#951 = CARTESIAN_POINT('',(-0.527058103352,-2.671343431859,
    -5.952813768452));
#952 = CARTESIAN_POINT('',(-0.426989271901,-2.686215600466,
    -5.96288949159));
#953 = CARTESIAN_POINT('',(-0.326219735709,-2.69670864293,
    -5.973363392018));
#954 = CARTESIAN_POINT('',(-0.225002570865,-2.702782378185,
    -5.984199769615));
#955 = CARTESIAN_POINT('',(-0.123589737167,-2.70441803277,
    -5.995358290464));
#956 = CARTESIAN_POINT('',(-2.223171585938E-02,-2.701617219285,
    -6.006794341607));
#957 = CARTESIAN_POINT('',(0.124231672754,-2.691158328214,-6.0237010662)
  );
#958 = CARTESIAN_POINT('',(0.169579785285,-2.687024196299,
    -6.028989073936));
#959 = CARTESIAN_POINT('',(0.214844893532,-2.682000479496,
    -6.034319022293));
#960 = CARTESIAN_POINT('',(0.260004965371,-2.676089893155,
    -6.039686415735));
#961 = CARTESIAN_POINT('',(0.305038233236,-2.669295907578,
    -6.045086649907));
#962 = CARTESIAN_POINT('',(0.349923194124,-2.66162274802,-6.050515011633
    ));
#963 = CARTESIAN_POINT('',(0.394638609591,-2.65307539469,-6.055966678921
    ));
#964 = CARTESIAN_POINT('',(0.503781209991,-2.629994740536,
    -6.069375195241));
#965 = CARTESIAN_POINT('',(0.567997960041,-2.61450046684,-6.077352574558
    ));
#966 = CARTESIAN_POINT('',(0.631749505021,-2.597194477093,-6.08535366038
    ));
#967 = CARTESIAN_POINT('',(0.694973331575,-2.57809735243,-6.093363113863
    ));
#968 = CARTESIAN_POINT('',(0.757608663869,-2.557232539685,-6.10136545584
    ));
#969 = CARTESIAN_POINT('',(0.819596463594,-2.53462635139,-6.109345066823
    ));
#970 = CARTESIAN_POINT('',(0.880879429966,-2.51030796578,-6.117286187006
    ));
#971 = CARTESIAN_POINT('',(1.032763538923,-2.445063429258,
    -6.137078360821));
#972 = CARTESIAN_POINT('',(1.122394283349,-2.401987455953,
    -6.148860433949));
#973 = CARTESIAN_POINT('',(1.210101939715,-2.355191668039,-6.16046491222
    ));
#974 = CARTESIAN_POINT('',(1.295706796686,-2.30479838929,-6.171838271623
    ));
#975 = CARTESIAN_POINT('',(1.37904137225,-2.250941228015,-6.182928315588
    ));
#976 = CARTESIAN_POINT('',(1.459950061098,-2.193764198985,
    -6.193684803013));
#977 = CARTESIAN_POINT('',(1.538288781996,-2.133420845358,
    -6.204060076296));
#978 = CARTESIAN_POINT('',(1.745752850856,-1.959663103061,
    -6.231351188161));
#979 = CARTESIAN_POINT('',(1.869386693474,-1.840113357076,
    -6.247401740508));
#980 = CARTESIAN_POINT('',(1.984109340355,-1.712290742735,
    -6.261923920169));
#981 = CARTESIAN_POINT('',(2.089348325799,-1.577118443224,
    -6.274714904595));
#982 = CARTESIAN_POINT('',(2.184653610666,-1.435556215253,
    -6.285612692146));
#983 = CARTESIAN_POINT('',(2.2696830907,-1.288587042001,-6.294500576378)
  );
#984 = CARTESIAN_POINT('',(2.344195533559,-1.137210428548,
    -6.301309877383));
#985 = CARTESIAN_POINT('',(2.40805094458,-0.982442339846,-6.306020930184
    ));
#986 = ORIENTED_EDGE('',*,*,#987,.F.);
#987 = EDGE_CURVE('',#988,#799,#990,.T.);
#988 = VERTEX_POINT('',#989);
#989 = CARTESIAN_POINT('',(1.056678546671,2.012584569499,-6.18266852889)
  );
#990 = B_SPLINE_CURVE_WITH_KNOTS('',4,(#991,#992,#993,#994,#995,#996,
    #997,#998,#999,#1000,#1001,#1002,#1003,#1004,#1005,#1006,#1007,#1008
    ,#1009,#1010,#1011,#1012,#1013,#1014,#1015,#1016),.UNSPECIFIED.,.F.,
  .F.,(5,3,3,3,3,3,3,3,5),(0.,0.122769999468,0.246466910283,
    0.370721561791,0.495158193606,0.620599042779,0.746267698949,
    0.872995710086,1.),.UNSPECIFIED.);
#991 = CARTESIAN_POINT('',(1.056678546671,2.012584569499,-6.18266852889)
  );
#992 = CARTESIAN_POINT('',(1.058553727848,2.028035072287,-6.178263671433
    ));
#993 = CARTESIAN_POINT('',(1.060439119558,2.043474855012,-6.173814668247
    ));
#994 = CARTESIAN_POINT('',(1.062334703103,2.058903593601,-6.169321527123
    ));
#995 = CARTESIAN_POINT('',(1.066160604611,2.089854749641,-6.160212732466
    ));
#996 = CARTESIAN_POINT('',(1.068091076767,2.105376994868,-6.155596410082
    ));
#997 = CARTESIAN_POINT('',(1.070031856842,2.120887382706,-6.150935300904
    ));
#998 = CARTESIAN_POINT('',(1.073942791263,2.151953689459,-6.141502314679
    ));
#999 = CARTESIAN_POINT('',(1.075913038597,2.167509498312,-6.136730032949
    ));
#1000 = CARTESIAN_POINT('',(1.077893647778,2.183052700903,
    -6.131912584125));
#1001 = CARTESIAN_POINT('',(1.081878466149,2.21413600867,-6.122180259));
#1002 = CARTESIAN_POINT('',(1.083882705653,2.229676075946,
    -6.117265250341));
#1003 = CARTESIAN_POINT('',(1.08589729765,2.245202867513,-6.112304970648
    ));
#1004 = CARTESIAN_POINT('',(1.089963487981,2.276354471587,
    -6.102253506054));
#1005 = CARTESIAN_POINT('',(1.092015253755,2.291979063899,
    -6.097161587781));
#1006 = CARTESIAN_POINT('',(1.094077498963,2.307589531808,
    -6.092023697569));
#1007 = CARTESIAN_POINT('',(1.098226671125,2.338809917282,
    -6.081646595528));
#1008 = CARTESIAN_POINT('',(1.100313636099,2.354419782339,
    -6.076407216638));
#1009 = CARTESIAN_POINT('',(1.102411077158,2.370014844053,
    -6.071121735231));
#1010 = CARTESIAN_POINT('',(1.106644638705,2.401306078108,
    -6.060413663619));
#1011 = CARTESIAN_POINT('',(1.108780936206,2.417001994568,
    -6.054990293211));
#1012 = CARTESIAN_POINT('',(1.110927844499,2.432682226208,
    -6.049520080562));
#1013 = CARTESIAN_POINT('',(1.115247543068,2.464044845623,
    -6.038473987499));
#1014 = CARTESIAN_POINT('',(1.117420379563,2.479727163551,
    -6.032897902721));
#1015 = CARTESIAN_POINT('',(1.119603829779,2.495393101061,
    -6.027274815839));
#1016 = CARTESIAN_POINT('',(1.121797871828,2.511042348695,
    -6.021604750832));
#1017 = ORIENTED_EDGE('',*,*,#1018,.T.);
#1018 = EDGE_CURVE('',#988,#1019,#1021,.T.);
#1019 = VERTEX_POINT('',#1020);
#1020 = CARTESIAN_POINT('',(-0.972543386801,2.039273433996,
    -6.057107293388));
#1021 = B_SPLINE_CURVE_WITH_KNOTS('',4,(#1022,#1023,#1024,#1025,#1026,
    #1027,#1028,#1029,#1030,#1031,#1032,#1033,#1034,#1035,#1036,#1037,
    #1038,#1039,#1040,#1041),.UNSPECIFIED.,.F.,.F.,(5,3,3,3,3,3,5),(0.,
    0.162134365596,0.323130325527,0.483448703699,0.643146676531,
    0.821419296392,1.),.UNSPECIFIED.);
#1022 = CARTESIAN_POINT('',(1.056678546671,2.012584569499,-6.18266852889
    ));
#1023 = CARTESIAN_POINT('',(0.973091919961,2.011672710305,
    -6.186958489109));
#1024 = CARTESIAN_POINT('',(0.889508424334,2.01098822017,-6.190178762007
    ));
#1025 = CARTESIAN_POINT('',(0.80596062568,2.010528638731,-6.192340922683
    ));
#1026 = CARTESIAN_POINT('',(0.639591686921,2.010055597064,
    -6.194566408752));
#1027 = CARTESIAN_POINT('',(0.556769559902,2.010039023628,
    -6.194644380642));
#1028 = CARTESIAN_POINT('',(0.474050694452,2.010238938071,
    -6.193703857135));
#1029 = CARTESIAN_POINT('',(0.309238436591,2.011064103827,
    -6.189821757471));
#1030 = CARTESIAN_POINT('',(0.227143801274,2.011687559916,
    -6.186888627185));
#1031 = CARTESIAN_POINT('',(0.145222375369,2.012519839163,-6.18297306118
    ));
#1032 = CARTESIAN_POINT('',(-1.788729215029E-02,2.014591440128,
    -6.173226944906));
#1033 = CARTESIAN_POINT('',(-9.907732043861E-02,2.015829178336,
    -6.167403844462));
#1034 = CARTESIAN_POINT('',(-0.180025484393,2.017267588869,
    -6.160636654959));
#1035 = CARTESIAN_POINT('',(-0.350760195641,2.02072890864,
    -6.144352425747));
#1036 = CARTESIAN_POINT('',(-0.440480053533,2.022800364028,
    -6.134606994358));
#1037 = CARTESIAN_POINT('',(-0.529817510422,2.025112524651,
    -6.123729133872));
#1038 = CARTESIAN_POINT('',(-0.707829260131,2.030213125354,
    -6.09973269423));
#1039 = CARTESIAN_POINT('',(-0.796502489349,2.03300241905,
    -6.086610099123));
#1040 = CARTESIAN_POINT('',(-0.884740561459,2.036023695834,
    -6.072396109395));
#1041 = CARTESIAN_POINT('',(-0.972543386801,2.039273433996,
    -6.057107293388));
#1042 = ORIENTED_EDGE('',*,*,#1043,.T.);
#1043 = EDGE_CURVE('',#1019,#22,#1044,.T.);
#1044 = B_SPLINE_CURVE_WITH_KNOTS('',4,(#1045,#1046,#1047,#1048,#1049,
    #1050,#1051,#1052,#1053,#1054,#1055,#1056,#1057,#1058,#1059,#1060,
    #1061,#1062,#1063,#1064,#1065,#1066,#1067,#1068,#1069,#1070,#1071,
    #1072,#1073,#1074,#1075,#1076,#1077,#1078,#1079,#1080,#1081,#1082,
    #1083,#1084,#1085,#1086,#1087,#1088,#1089,#1090,#1091,#1092,#1093,
    #1094,#1095,#1096,#1097,#1098,#1099,#1100,#1101,#1102,#1103,#1104,
    #1105,#1106,#1107,#1108,#1109,#1110,#1111,#1112,#1113,#1114,#1115,
    #1116,#1117,#1118,#1119,#1120,#1121),.UNSPECIFIED.,.F.,.F.,(5,3,3,3,
    3,3,3,3,3,3,3,3,3,3,3,3,3,3,3,3,3,3,3,3,3,5),(0.,0.177762419343,
    0.35659873377,0.375705215132,0.387055662621,0.398848926709,
    0.408613898436,0.420416006787,0.431784114766,0.443595774629,
    0.455013034915,0.466834319228,0.478220944359,0.490051892734,
    0.500248059496,0.509647784875,0.521451874889,0.532099807401,
    0.544353925418,0.552926981365,0.565190213781,0.585640911146,
    0.68482011277,0.783552232763,0.883054025551,1.),.UNSPECIFIED.);
#1045 = CARTESIAN_POINT('',(-0.972543386801,2.039273433996,
    -6.057107293388));
#1046 = CARTESIAN_POINT('',(-0.970058473194,2.061424763439,
    -6.051626603403));
#1047 = CARTESIAN_POINT('',(-0.96755425741,2.083553853153,
    -6.046062039879));
#1048 = CARTESIAN_POINT('',(-0.965030776545,2.105660120158,
    -6.040413631003));
#1049 = CARTESIAN_POINT('',(-0.959929997783,2.149959266999,
    -6.028914552875));
#1050 = CARTESIAN_POINT('',(-0.957352466878,2.172151863144,
    -6.023062867896));
#1051 = CARTESIAN_POINT('',(-0.954755512663,2.194320193943,
    -6.017126382129));
#1052 = CARTESIAN_POINT('',(-0.951859649059,2.218829442176,
    -6.010461830394));
#1053 = CARTESIAN_POINT('',(-0.951579903779,2.221194920342,
    -6.009817565181));
#1054 = CARTESIAN_POINT('',(-0.951299937273,2.22356011422,
    -6.009172332435));
#1055 = CARTESIAN_POINT('',(-0.950853300544,2.22732992721,
    -6.008142248751));
#1056 = CARTESIAN_POINT('',(-0.950686773443,2.228734730739,
    -6.007758023868));
#1057 = CARTESIAN_POINT('',(-0.950520168295,2.230139433542,
    -6.007373457555));
#1058 = CARTESIAN_POINT('',(-0.950180299091,2.233003435333,
    -6.006588625625));
#1059 = CARTESIAN_POINT('',(-0.950007028827,2.234462726297,
    -6.00618833285));
#1060 = CARTESIAN_POINT('',(-0.94983367433,2.235921908198,
    -6.005787671503));
#1061 = CARTESIAN_POINT('',(-0.949516626158,2.238589111484,
    -6.005054583759));
#1062 = CARTESIAN_POINT('',(-0.949372958963,2.23979716721,
    -6.004722273237));
#1063 = CARTESIAN_POINT('',(-0.94922923403,2.241005147954,
    -6.004389710032));
#1064 = CARTESIAN_POINT('',(-0.948911673231,2.243672948639,
    -6.003654647302));
#1065 = CARTESIAN_POINT('',(-0.948737810765,2.245132733988,
    -6.003252031354));
#1066 = CARTESIAN_POINT('',(-0.948563863979,2.246592409503,
    -6.002849046316));
#1067 = CARTESIAN_POINT('',(-0.948222201456,2.249457867751,
    -6.00205717067));
#1068 = CARTESIAN_POINT('',(-0.948054491806,2.250863658426,
    -6.001668306706));
#1069 = CARTESIAN_POINT('',(-0.947886703942,2.252269346893,
    -6.001279100317));
#1070 = CARTESIAN_POINT('',(-0.947544422145,2.255135361168,
    -6.000484803593));
#1071 = CARTESIAN_POINT('',(-0.947369921988,2.256595678833,
    -6.000079686017));
#1072 = CARTESIAN_POINT('',(-0.947195337419,2.258055885833,
    -5.999674198792));
#1073 = CARTESIAN_POINT('',(-0.946851831794,2.260927324538,
    -5.998876036904));
#1074 = CARTESIAN_POINT('',(-0.946682916281,2.262338563521,
    -5.998483386515));
#1075 = CARTESIAN_POINT('',(-0.946513921918,2.2637496988,-5.998090390768
    ));
#1076 = CARTESIAN_POINT('',(-0.946169792497,2.266621693997,
    -5.997289789362));
#1077 = CARTESIAN_POINT('',(-0.94599465176,2.268082546435,-5.99688215883
    ));
#1078 = CARTESIAN_POINT('',(-0.945819426515,2.269543287372,
    -5.996474158084));
#1079 = CARTESIAN_POINT('',(-0.945475253032,2.272410839739,
    -5.995672431655));
#1080 = CARTESIAN_POINT('',(-0.945306310893,2.27381765923,
    -5.995278732697));
#1081 = CARTESIAN_POINT('',(-0.945137290367,2.275224374965,
    -5.994884690266));
#1082 = CARTESIAN_POINT('',(-0.944792494065,2.278092486737,
    -5.994080528948));
#1083 = CARTESIAN_POINT('',(-0.944616712054,2.279553874507,
    -5.993670382732));
#1084 = CARTESIAN_POINT('',(-0.94444084544,2.281015149938,
    -5.993259865735));
#1085 = CARTESIAN_POINT('',(-0.944113255687,2.283735574621,
    -5.992494866016));
#1086 = CARTESIAN_POINT('',(-0.94396155431,2.284994752817,-5.99214047868
    ));
#1087 = CARTESIAN_POINT('',(-0.943809790111,2.286253847345,
    -5.991785815964));
#1088 = CARTESIAN_POINT('',(-0.943517995571,2.288673525198,
    -5.991103664657));
#1089 = CARTESIAN_POINT('',(-0.94337797466,2.2898341211,-5.990776217404)
  );
#1090 = CARTESIAN_POINT('',(-0.943237900369,2.290994645719,
    -5.990448536123));
#1091 = CARTESIAN_POINT('',(-0.942921801652,2.293612385658,
    -5.989708827749));
#1092 = CARTESIAN_POINT('',(-0.942745746428,2.2950695598,-5.989296665622
    ));
#1093 = CARTESIAN_POINT('',(-0.942569607044,2.29652662123,
    -5.988884134448));
#1094 = CARTESIAN_POINT('',(-0.942234420279,2.299297816781,
    -5.988098775744));
#1095 = CARTESIAN_POINT('',(-0.942075388575,2.300611971931,
    -5.987726016964));
#1096 = CARTESIAN_POINT('',(-0.941916288407,2.301926035111,
    -5.987352957905));
#1097 = CARTESIAN_POINT('',(-0.941573941395,2.304752183026,
    -5.98654991992));
#1098 = CARTESIAN_POINT('',(-0.94139067234,2.306264237883,
    -5.986119843574));
#1099 = CARTESIAN_POINT('',(-0.941207312632,2.307776170584,
    -5.985689369545));
#1100 = CARTESIAN_POINT('',(-0.940895519294,2.310345652725,
    -5.984957057369));
#1101 = CARTESIAN_POINT('',(-0.940767131942,2.311403264625,
    -5.984655422252));
#1102 = CARTESIAN_POINT('',(-0.94063870023,2.312460816583,-5.9843535925)
  );
#1103 = CARTESIAN_POINT('',(-0.940326446999,2.31503098612,
    -5.983619540699));
#1104 = CARTESIAN_POINT('',(-0.940142579078,2.316543540925,
    -5.983187115036));
#1105 = CARTESIAN_POINT('',(-0.93995862041,2.318055972762,
    -5.982754291137));
#1106 = CARTESIAN_POINT('',(-0.939467642254,2.322090272891,
    -5.981598609043));
#1107 = CARTESIAN_POINT('',(-0.939160461164,2.324611921842,
    -5.980875041598));
#1108 = CARTESIAN_POINT('',(-0.938853027796,2.32713322744,
    -5.980150366731));
#1109 = CARTESIAN_POINT('',(-0.937053167607,2.341880028024,
    -5.975904777741));
#1110 = CARTESIAN_POINT('',(-0.935555060932,2.354097771559,
    -5.972358926411));
#1111 = CARTESIAN_POINT('',(-0.934051028745,2.366307321331,
    -5.968787036564));
#1112 = CARTESIAN_POINT('',(-0.931037933155,2.390654836421,
    -5.961607411213));
#1113 = CARTESIAN_POINT('',(-0.929528922996,2.402792876324,
    -5.957999909876));
#1114 = CARTESIAN_POINT('',(-0.928014053706,2.414922602468,
    -5.954366616711));
#1115 = CARTESIAN_POINT('',(-0.924960755144,2.439259726657,
    -5.947019935075));
#1116 = CARTESIAN_POINT('',(-0.923422234269,2.451466993061,
    -5.943306143014));
#1117 = CARTESIAN_POINT('',(-0.921877775982,2.463665618685,
    -5.93956616863));
#1118 = CARTESIAN_POINT('',(-0.918505191377,2.490182463665,
    -5.931373605511));
#1119 = CARTESIAN_POINT('',(-0.916674803246,2.504497350662,
    -5.926911034163));
#1120 = CARTESIAN_POINT('',(-0.914836234009,2.518800003206,
    -5.922412316627));
#1121 = CARTESIAN_POINT('',(-0.912989494408,2.533090264229,
    -5.917877463555));
#1122 = ( BOUNDED_SURFACE() B_SPLINE_SURFACE(2,2,(
    (#1123,#1124,#1125,#1126,#1127)
    ,(#1128,#1129,#1130,#1131,#1132)
    ,(#1133,#1134,#1135,#1136,#1137)
    ,(#1138,#1139,#1140,#1141,#1142)
    ,(#1143,#1144,#1145,#1146,#1147)
    ,(#1148,#1149,#1150,#1151,#1152)
    ,(#1153,#1154,#1155,#1156,#1157
)),.UNSPECIFIED.,.T.,.F.,.F.) B_SPLINE_SURFACE_WITH_KNOTS((1,2,2,2,2,1),
  (3,2,3),(-2.094395102393,0.,2.094395102393,4.188790204786,
    6.28318530718,8.377580409573),(-1.570796326795,0.,1.570796326795),
.UNSPECIFIED.) GEOMETRIC_REPRESENTATION_ITEM() RATIONAL_B_SPLINE_SURFACE
((
    (1.,0.707106781187,1.,0.707106781187,1.)
    ,(0.5,0.353553390593,0.5,0.353553390593,0.5)
    ,(1.,0.707106781187,1.,0.707106781187,1.)
    ,(0.5,0.353553390593,0.5,0.353553390593,0.5)
    ,(1.,0.707106781187,1.,0.707106781187,1.)
    ,(0.5,0.353553390593,0.5,0.353553390593,0.5)
,(1.,0.707106781187,1.,0.707106781187,1.
))) REPRESENTATION_ITEM('') SURFACE() );
#1123 = CARTESIAN_POINT('',(-1.32980317447,-1.297959042511E-16,
    -6.256232054293));
#1124 = CARTESIAN_POINT('',(6.408256486901,-2.11972797939,
    -7.901007409912));
#1125 = CARTESIAN_POINT('',(7.738059661371,-2.11972797939,
    -1.644775355619));
#1126 = CARTESIAN_POINT('',(9.067862835842,-2.11972797939,4.611456698675
    ));
#1127 = CARTESIAN_POINT('',(1.32980317447,-1.297959042511E-16,
    6.256232054293));
#1128 = CARTESIAN_POINT('',(-1.32980317447,6.053400968568E-16,
    -6.256232054293));
#1129 = CARTESIAN_POINT('',(9.554872018258,9.885954011855,
    -8.569841188155));
#1130 = CARTESIAN_POINT('',(10.884675192728,9.885954011855,
    -2.313609133861));
#1131 = CARTESIAN_POINT('',(12.214478367199,9.885954011855,
    3.942622920432));
#1132 = CARTESIAN_POINT('',(1.32980317447,6.053400968568E-16,
    6.256232054293));
#1133 = CARTESIAN_POINT('',(-1.32980317447,4.324659526795E-16,
    -6.256232054293));
#1134 = CARTESIAN_POINT('',(-3.625525239478,7.062704985317,
    -5.768261265605));
#1135 = CARTESIAN_POINT('',(-2.295722065007,7.062704985317,
    0.487970788688));
#1136 = CARTESIAN_POINT('',(-0.965918890537,7.062704985317,
    6.744202842981));
#1137 = CARTESIAN_POINT('',(1.32980317447,4.324659526795E-16,
    6.256232054293));
#1138 = CARTESIAN_POINT('',(-1.32980317447,2.595918085023E-16,
    -6.256232054293));
#1139 = CARTESIAN_POINT('',(-16.80592249721,4.239455958779,
    -2.966681343056));
#1140 = CARTESIAN_POINT('',(-15.47611932274,4.239455958779,
    3.289550711237));
#1141 = CARTESIAN_POINT('',(-14.14631614827,4.239455958779,
    9.545782765531));
#1142 = CARTESIAN_POINT('',(1.32980317447,2.595918085023E-16,
    6.256232054293));
#1143 = CARTESIAN_POINT('',(-1.32980317447,-3.026700484284E-16,
    -6.256232054293));
#1144 = CARTESIAN_POINT('',(-6.772140770835,-4.942977005928,
    -5.099427487363));
#1145 = CARTESIAN_POINT('',(-5.442337596364,-4.942977005928,
    1.156804566931));
#1146 = CARTESIAN_POINT('',(-4.112534421894,-4.942977005928,
    7.413036621224));
#1147 = CARTESIAN_POINT('',(1.32980317447,-3.026700484284E-16,
    6.256232054293));
#1148 = CARTESIAN_POINT('',(-1.32980317447,-8.649319053591E-16,
    -6.256232054293));
#1149 = CARTESIAN_POINT('',(3.261640955544,-14.12540997063,
    -7.232173631669));
#1150 = CARTESIAN_POINT('',(4.591444130014,-14.12540997063,
    -0.975941577376));
#1151 = CARTESIAN_POINT('',(5.921247304485,-14.12540997063,
    5.280290476918));
#1152 = CARTESIAN_POINT('',(1.32980317447,-8.649319053591E-16,
    6.256232054293));
#1153 = CARTESIAN_POINT('',(-1.32980317447,-1.297959042511E-16,
    -6.256232054293));
#1154 = CARTESIAN_POINT('',(6.408256486901,-2.11972797939,
    -7.901007409912));
#1155 = CARTESIAN_POINT('',(7.738059661371,-2.11972797939,
    -1.644775355619));
#1156 = CARTESIAN_POINT('',(9.067862835842,-2.11972797939,4.611456698675
    ));
#1157 = CARTESIAN_POINT('',(1.32980317447,-1.297959042511E-16,
    6.256232054293));
#1158 = ADVANCED_FACE('',(#1159),#1202,.T.);
#1159 = FACE_BOUND('',#1160,.T.);
#1160 = EDGE_LOOP('',(#1161,#1173,#1178,#1179,#1180,#1187,#1195,#1200,
    #1201));
#1161 = ORIENTED_EDGE('',*,*,#1162,.T.);
#1162 = EDGE_CURVE('',#1163,#1163,#1165,.T.);
#1163 = VERTEX_POINT('',#1164);
#1164 = CARTESIAN_POINT('',(0.371283674631,-1.933290734454,
    -15.12708360262));
#1165 = ( BOUNDED_CURVE() B_SPLINE_CURVE(2,(#1166,#1167,#1168,#1169,
#1170,#1171,#1172),.UNSPECIFIED.,.T.,.F.) B_SPLINE_CURVE_WITH_KNOTS((1,2
    ,2,2,2,1),(-2.094395102393,0.,2.094395102393,4.188790204786,
6.28318530718,8.377580409573),.UNSPECIFIED.) CURVE() 
GEOMETRIC_REPRESENTATION_ITEM() RATIONAL_B_SPLINE_CURVE((1.,0.5,1.,0.5,
1.,0.5,1.)) REPRESENTATION_ITEM('') );
#1166 = CARTESIAN_POINT('',(0.371283674631,-1.933290734454,
    -15.12708360262));
#1167 = CARTESIAN_POINT('',(0.371283674631,2.556342821243,
    -16.08138467438));
#1168 = CARTESIAN_POINT('',(-3.485641837316,0.511462145076,
    -14.66360873456));
#1169 = CARTESIAN_POINT('',(-7.342567349263,-1.533418531092,
    -13.24583279474));
#1170 = CARTESIAN_POINT('',(-3.485641837316,-3.978171410622,
    -13.7093076628));
#1171 = CARTESIAN_POINT('',(0.371283674631,-6.422924290151,
    -14.17278253086));
#1172 = CARTESIAN_POINT('',(0.371283674631,-1.933290734454,
    -15.12708360262));
#1173 = ORIENTED_EDGE('',*,*,#1174,.T.);
#1174 = EDGE_CURVE('',#1163,#786,#1175,.T.);
#1175 = B_SPLINE_CURVE_WITH_KNOTS('',1,(#1176,#1177),.UNSPECIFIED.,.F.,
  .F.,(2,2),(0.,15.5),.PIECEWISE_BEZIER_KNOTS.);
#1176 = CARTESIAN_POINT('',(0.371283674631,-1.933290734454,
    -15.12708360262));
#1177 = CARTESIAN_POINT('',(4.121073056426,1.193614553717,-0.41615083441
    ));
#1178 = ORIENTED_EDGE('',*,*,#785,.F.);
#1179 = ORIENTED_EDGE('',*,*,#21,.F.);
#1180 = ORIENTED_EDGE('',*,*,#1181,.F.);
#1181 = EDGE_CURVE('',#1182,#22,#1184,.T.);
#1182 = VERTEX_POINT('',#1183);
#1183 = CARTESIAN_POINT('',(-2.202608143877,1.4576924314,-10.97722648755
    ));
#1184 = B_SPLINE_CURVE_WITH_KNOTS('',1,(#1185,#1186),.UNSPECIFIED.,.F.,
  .F.,(2,2),(4.,12.),.PIECEWISE_BEZIER_KNOTS.);
#1185 = CARTESIAN_POINT('',(-2.202608143877,1.4576924314,-10.97722648755
    ));
#1186 = CARTESIAN_POINT('',(-0.26723297908,3.071579031746,
    -3.384486994281));
#1187 = ORIENTED_EDGE('',*,*,#1188,.F.);
#1188 = EDGE_CURVE('',#1189,#1182,#1191,.T.);
#1189 = VERTEX_POINT('',#1190);
#1190 = CARTESIAN_POINT('',(-0.262016691325,1.35709565068,
    -11.45049713104));
#1191 = ( BOUNDED_CURVE() B_SPLINE_CURVE(2,(#1192,#1193,#1194),
.UNSPECIFIED.,.F.,.F.) B_SPLINE_CURVE_WITH_KNOTS((3,3),(1.183854088607,
1.957738564983),.PIECEWISE_BEZIER_KNOTS.) CURVE() 
GEOMETRIC_REPRESENTATION_ITEM() RATIONAL_B_SPLINE_CURVE((1.,
0.926067259759,1.)) REPRESENTATION_ITEM('') );
#1192 = CARTESIAN_POINT('',(-0.262016691325,1.35709565068,
    -11.45049713104));
#1193 = CARTESIAN_POINT('',(-1.232312417601,1.805974487842,
    -11.29858269862));
#1194 = CARTESIAN_POINT('',(-2.202608143877,1.4576924314,-10.97722648755
    ));
#1195 = ORIENTED_EDGE('',*,*,#1196,.T.);
#1196 = EDGE_CURVE('',#1189,#799,#1197,.T.);
#1197 = B_SPLINE_CURVE_WITH_KNOTS('',1,(#1198,#1199),.UNSPECIFIED.,.F.,
  .F.,(2,2),(4.,12.),.PIECEWISE_BEZIER_KNOTS.);
#1198 = CARTESIAN_POINT('',(-0.262016691325,1.35709565068,
    -11.45049713104));
#1199 = CARTESIAN_POINT('',(1.673358473472,2.970982251026,
    -3.857757637773));
#1200 = ORIENTED_EDGE('',*,*,#798,.F.);
#1201 = ORIENTED_EDGE('',*,*,#1174,.F.);
#1202 = ( BOUNDED_SURFACE() B_SPLINE_SURFACE(2,1,(
    (#1203,#1204)
    ,(#1205,#1206)
    ,(#1207,#1208)
    ,(#1209,#1210)
    ,(#1211,#1212)
    ,(#1213,#1214)
    ,(#1215,#1216
)),.UNSPECIFIED.,.T.,.F.,.F.) B_SPLINE_SURFACE_WITH_KNOTS((1,2,2,2,2,1),
  (2,2),(-2.094395102393,0.,2.094395102393,4.188790204786,6.28318530718,
    8.377580409573),(0.,15.5),.UNSPECIFIED.) 
GEOMETRIC_REPRESENTATION_ITEM() RATIONAL_B_SPLINE_SURFACE((
    (1.,1.)
    ,(0.5,0.5)
    ,(1.,1.)
    ,(0.5,0.5)
    ,(1.,1.)
    ,(0.5,0.5)
,(1.,1.))) REPRESENTATION_ITEM('') SURFACE() );
#1203 = CARTESIAN_POINT('',(0.371283674631,-1.933290734454,
    -15.12708360262));
#1204 = CARTESIAN_POINT('',(4.121073056426,1.193614553717,-0.41615083441
    ));
#1205 = CARTESIAN_POINT('',(0.371283674631,2.556342821243,
    -16.08138467438));
#1206 = CARTESIAN_POINT('',(4.121073056426,5.683248109414,
    -1.370451906167));
#1207 = CARTESIAN_POINT('',(-3.485641837316,0.511462145076,
    -14.66360873456));
#1208 = CARTESIAN_POINT('',(0.264147544479,3.638367433247,
    4.732403365103E-02));
#1209 = CARTESIAN_POINT('',(-7.342567349263,-1.533418531092,
    -13.24583279474));
#1210 = CARTESIAN_POINT('',(-3.592777967468,1.593486757079,
    1.465099973469));
#1211 = CARTESIAN_POINT('',(-3.485641837316,-3.978171410622,
    -13.7093076628));
#1212 = CARTESIAN_POINT('',(0.264147544479,-0.851266122451,
    1.001625105408));
#1213 = CARTESIAN_POINT('',(0.371283674631,-6.422924290151,
    -14.17278253086));
#1214 = CARTESIAN_POINT('',(4.121073056426,-3.29601900198,0.538150237348
    ));
#1215 = CARTESIAN_POINT('',(0.371283674631,-1.933290734454,
    -15.12708360262));
#1216 = CARTESIAN_POINT('',(4.121073056426,1.193614553717,-0.41615083441
    ));
#1217 = ADVANCED_FACE('',(#1218),#1234,.T.);
#1218 = FACE_BOUND('',#1219,.T.);
#1219 = EDGE_LOOP('',(#1220,#1221,#1228,#1233));
#1220 = ORIENTED_EDGE('',*,*,#1043,.F.);
#1221 = ORIENTED_EDGE('',*,*,#1222,.F.);
#1222 = EDGE_CURVE('',#1223,#1019,#1225,.T.);
#1223 = VERTEX_POINT('',#1224);
#1224 = CARTESIAN_POINT('',(-2.202608143877,1.013536892001,
    -10.88281831325));
#1225 = B_SPLINE_CURVE_WITH_KNOTS('',1,(#1226,#1227),.UNSPECIFIED.,.F.,
  .F.,(2,2),(0.,8.),.PIECEWISE_BEZIER_KNOTS.);
#1226 = CARTESIAN_POINT('',(-2.202608143877,1.013536892001,
    -10.88281831325));
#1227 = CARTESIAN_POINT('',(-0.26723297908,2.627423492347,-3.29007881998
    ));
#1228 = ORIENTED_EDGE('',*,*,#1229,.T.);
#1229 = EDGE_CURVE('',#1223,#1182,#1230,.T.);
#1230 = B_SPLINE_CURVE_WITH_KNOTS('',1,(#1231,#1232),.UNSPECIFIED.,.F.,
  .F.,(2,2),(0.,0.454078238362),.PIECEWISE_BEZIER_KNOTS.);
#1231 = CARTESIAN_POINT('',(-2.202608143877,1.013536892001,
    -10.88281831325));
#1232 = CARTESIAN_POINT('',(-2.202608143877,1.4576924314,-10.97722648755
    ));
#1233 = ORIENTED_EDGE('',*,*,#1181,.T.);
#1234 = B_SPLINE_SURFACE_WITH_KNOTS('',1,1,(
    (#1235,#1236)
    ,(#1237,#1238
    )),.UNSPECIFIED.,.F.,.F.,.F.,(2,2),(2,2),(0.,8.),(-0.454078238362,0.
    ),.PIECEWISE_BEZIER_KNOTS.);
#1235 = CARTESIAN_POINT('',(-2.202608143877,1.4576924314,-10.97722648755
    ));
#1236 = CARTESIAN_POINT('',(-2.202608143877,1.013536892001,
    -10.88281831325));
#1237 = CARTESIAN_POINT('',(-0.26723297908,3.071579031746,
    -3.384486994281));
#1238 = CARTESIAN_POINT('',(-0.26723297908,2.627423492347,-3.29007881998
    ));
#1239 = ADVANCED_FACE('',(#1240),#1256,.T.);
#1240 = FACE_BOUND('',#1241,.T.);
#1241 = EDGE_LOOP('',(#1242,#1249,#1254,#1255));
#1242 = ORIENTED_EDGE('',*,*,#1243,.F.);
#1243 = EDGE_CURVE('',#1244,#988,#1246,.T.);
#1244 = VERTEX_POINT('',#1245);
#1245 = CARTESIAN_POINT('',(-0.262016691325,0.912940111281,
    -11.35608895674));
#1246 = B_SPLINE_CURVE_WITH_KNOTS('',1,(#1247,#1248),.UNSPECIFIED.,.F.,
  .F.,(2,2),(0.,8.),.PIECEWISE_BEZIER_KNOTS.);
#1247 = CARTESIAN_POINT('',(-0.262016691325,0.912940111281,
    -11.35608895674));
#1248 = CARTESIAN_POINT('',(1.673358473472,2.526826711627,
    -3.763349463472));
#1249 = ORIENTED_EDGE('',*,*,#1250,.F.);
#1250 = EDGE_CURVE('',#1223,#1244,#1251,.T.);
#1251 = B_SPLINE_CURVE_WITH_KNOTS('',1,(#1252,#1253),.UNSPECIFIED.,.F.,
  .F.,(2,2),(0.,2.),.PIECEWISE_BEZIER_KNOTS.);
#1252 = CARTESIAN_POINT('',(-2.202608143877,1.013536892001,
    -10.88281831325));
#1253 = CARTESIAN_POINT('',(-0.262016691325,0.912940111281,
    -11.35608895674));
#1254 = ORIENTED_EDGE('',*,*,#1222,.T.);
#1255 = ORIENTED_EDGE('',*,*,#1018,.F.);
#1256 = B_SPLINE_SURFACE_WITH_KNOTS('',1,1,(
    (#1257,#1258)
    ,(#1259,#1260
    )),.UNSPECIFIED.,.F.,.F.,.F.,(2,2),(2,2),(0.,8.),(0.,2.),
  .PIECEWISE_BEZIER_KNOTS.);
#1257 = CARTESIAN_POINT('',(-2.202608143877,1.013536892001,
    -10.88281831325));
#1258 = CARTESIAN_POINT('',(-0.262016691325,0.912940111281,
    -11.35608895674));
#1259 = CARTESIAN_POINT('',(-0.26723297908,2.627423492347,-3.29007881998
    ));
#1260 = CARTESIAN_POINT('',(1.673358473472,2.526826711627,
    -3.763349463472));
#1261 = ADVANCED_FACE('',(#1262),#1272,.F.);
#1262 = FACE_BOUND('',#1263,.F.);
#1263 = EDGE_LOOP('',(#1264,#1265,#1266,#1271));
#1264 = ORIENTED_EDGE('',*,*,#987,.F.);
#1265 = ORIENTED_EDGE('',*,*,#1243,.F.);
#1266 = ORIENTED_EDGE('',*,*,#1267,.T.);
#1267 = EDGE_CURVE('',#1244,#1189,#1268,.T.);
#1268 = B_SPLINE_CURVE_WITH_KNOTS('',1,(#1269,#1270),.UNSPECIFIED.,.F.,
  .F.,(2,2),(0.,0.454078238362),.PIECEWISE_BEZIER_KNOTS.);
#1269 = CARTESIAN_POINT('',(-0.262016691325,0.912940111281,
    -11.35608895674));
#1270 = CARTESIAN_POINT('',(-0.262016691325,1.35709565068,
    -11.45049713104));
#1271 = ORIENTED_EDGE('',*,*,#1196,.T.);
#1272 = B_SPLINE_SURFACE_WITH_KNOTS('',1,1,(
    (#1273,#1274)
    ,(#1275,#1276
    )),.UNSPECIFIED.,.F.,.F.,.F.,(2,2),(2,2),(0.,8.),(-0.454078238362,0.
    ),.PIECEWISE_BEZIER_KNOTS.);
#1273 = CARTESIAN_POINT('',(-0.262016691325,1.35709565068,
    -11.45049713104));
#1274 = CARTESIAN_POINT('',(-0.262016691325,0.912940111281,
    -11.35608895674));
#1275 = CARTESIAN_POINT('',(1.673358473472,2.970982251026,
    -3.857757637773));
#1276 = CARTESIAN_POINT('',(1.673358473472,2.526826711627,
    -3.763349463472));
#1277 = ADVANCED_FACE('',(#1278),#1304,.F.);
#1278 = FACE_BOUND('',#1279,.F.);
#1279 = EDGE_LOOP('',(#1280,#1292,#1302,#1303));
#1280 = ORIENTED_EDGE('',*,*,#1281,.T.);
#1281 = EDGE_CURVE('',#223,#1282,#1284,.T.);
#1282 = VERTEX_POINT('',#1283);
#1283 = CARTESIAN_POINT('',(8.474484434885,4.153758030521,5.54713139561)
  );
#1284 = ( BOUNDED_CURVE() B_SPLINE_CURVE(2,(#1285,#1286,#1287,#1288,
#1289,#1290,#1291),.UNSPECIFIED.,.T.,.F.) B_SPLINE_CURVE_WITH_KNOTS((1,2
    ,2,2,2,1),(-2.094395102393,0.,2.094395102393,4.188790204786,
6.28318530718,8.377580409573),.UNSPECIFIED.) CURVE() 
GEOMETRIC_REPRESENTATION_ITEM() RATIONAL_B_SPLINE_CURVE((1.,0.5,1.,0.5,
1.,0.5,1.)) REPRESENTATION_ITEM('') );
#1285 = CARTESIAN_POINT('',(8.474484434885,4.153758030521,5.54713139561)
  );
#1286 = CARTESIAN_POINT('',(3.920852277943,12.717894541534,5.54713139561
    ));
#1287 = CARTESIAN_POINT('',(0.685941704087,5.505189240246,
    -7.35656978048E-02));
#1288 = CARTESIAN_POINT('',(-2.548968869769,-1.707516061043,
    -5.694262791219));
#1289 = CARTESIAN_POINT('',(5.239573861029,-3.058947270767,
    -7.35656978048E-02));
#1290 = CARTESIAN_POINT('',(13.028116591827,-4.410378480491,
    5.54713139561));
#1291 = CARTESIAN_POINT('',(8.474484434885,4.153758030521,5.54713139561)
  );
#1292 = ORIENTED_EDGE('',*,*,#1293,.T.);
#1293 = EDGE_CURVE('',#1282,#665,#1294,.T.);
#1294 = ( BOUNDED_CURVE() B_SPLINE_CURVE(2,(#1295,#1296,#1297,#1298,
#1299,#1300,#1301),.UNSPECIFIED.,.T.,.F.) B_SPLINE_CURVE_WITH_KNOTS((1,2
    ,2,2,2,1),(-2.094395102393,0.,2.094395102393,4.188790204786,
6.28318530718,8.377580409573),.UNSPECIFIED.) CURVE() 
GEOMETRIC_REPRESENTATION_ITEM() RATIONAL_B_SPLINE_CURVE((1.,0.5,1.,0.5,
1.,0.5,1.)) REPRESENTATION_ITEM('') );
#1295 = CARTESIAN_POINT('',(8.474484434885,4.153758030521,5.54713139561)
  );
#1296 = CARTESIAN_POINT('',(3.920852277943,12.717894541534,5.54713139561
    ));
#1297 = CARTESIAN_POINT('',(0.685941704087,5.505189240246,
    -7.35656978048E-02));
#1298 = CARTESIAN_POINT('',(-2.548968869769,-1.707516061043,
    -5.694262791219));
#1299 = CARTESIAN_POINT('',(5.239573861029,-3.058947270767,
    -7.35656978048E-02));
#1300 = CARTESIAN_POINT('',(13.028116591827,-4.410378480491,
    5.54713139561));
#1301 = CARTESIAN_POINT('',(8.474484434885,4.153758030521,5.54713139561)
  );
#1302 = ORIENTED_EDGE('',*,*,#743,.F.);
#1303 = ORIENTED_EDGE('',*,*,#222,.F.);
#1304 = B_SPLINE_SURFACE_WITH_KNOTS('',1,1,(
    (#1305,#1306)
    ,(#1307,#1308
    )),.UNSPECIFIED.,.F.,.F.,.F.,(2,2),(2,2),(-5.6,5.6),(-5.6,5.6),
  .PIECEWISE_BEZIER_KNOTS.);
#1305 = CARTESIAN_POINT('',(3.754556316716,-4.698264550531,
    -1.94713139561));
#1306 = CARTESIAN_POINT('',(-1.503525186486,5.190748489489,
    -1.94713139561));
#1307 = CARTESIAN_POINT('',(11.103525186486,-0.790748489489,
    5.54713139561));
#1308 = CARTESIAN_POINT('',(5.845443683284,9.098264550531,5.54713139561)
  );
#1309 = ADVANCED_FACE('',(#1310),#1331,.T.);
#1310 = FACE_BOUND('',#1311,.T.);
#1311 = EDGE_LOOP('',(#1312,#1324,#1329,#1330));
#1312 = ORIENTED_EDGE('',*,*,#1313,.F.);
#1313 = EDGE_CURVE('',#1314,#560,#1316,.T.);
#1314 = VERTEX_POINT('',#1315);
#1315 = CARTESIAN_POINT('',(3.275910796532,1.389627395823,9.39608111741)
  );
#1316 = ( BOUNDED_CURVE() B_SPLINE_CURVE(2,(#1317,#1318,#1319,#1320,
#1321,#1322,#1323),.UNSPECIFIED.,.T.,.F.) B_SPLINE_CURVE_WITH_KNOTS((1,2
    ,2,2,2,1),(-2.094395102393,0.,2.094395102393,4.188790204786,
6.28318530718,8.377580409573),.UNSPECIFIED.) CURVE() 
GEOMETRIC_REPRESENTATION_ITEM() RATIONAL_B_SPLINE_CURVE((1.,0.5,1.,0.5,
1.,0.5,1.)) REPRESENTATION_ITEM('') );
#1317 = CARTESIAN_POINT('',(3.275910796532,1.389627395823,9.39608111741)
  );
#1318 = CARTESIAN_POINT('',(0.185946118607,7.201005742581,9.39608111741)
  );
#1319 = CARTESIAN_POINT('',(-2.009171770795,2.306670002421,
    5.582036661164));
#1320 = CARTESIAN_POINT('',(-4.204289660197,-2.587665737739,
    1.767992204919));
#1321 = CARTESIAN_POINT('',(1.08079290713,-3.504708344337,5.582036661164
    ));
#1322 = CARTESIAN_POINT('',(6.365875474457,-4.421750950936,9.39608111741
    ));
#1323 = CARTESIAN_POINT('',(3.275910796532,1.389627395823,9.39608111741)
  );
#1324 = ORIENTED_EDGE('',*,*,#1325,.F.);
#1325 = EDGE_CURVE('',#1282,#1314,#1326,.T.);
#1326 = B_SPLINE_CURVE_WITH_KNOTS('',1,(#1327,#1328),.UNSPECIFIED.,.F.,
  .F.,(2,2),(0.,7.034202158028),.PIECEWISE_BEZIER_KNOTS.);
#1327 = CARTESIAN_POINT('',(8.474484434885,4.153758030521,5.54713139561)
  );
#1328 = CARTESIAN_POINT('',(3.275910796532,1.389627395823,9.39608111741)
  );
#1329 = ORIENTED_EDGE('',*,*,#1293,.T.);
#1330 = ORIENTED_EDGE('',*,*,#664,.F.);
#1331 = ( BOUNDED_SURFACE() B_SPLINE_SURFACE(2,1,(
    (#1332,#1333)
    ,(#1334,#1335)
    ,(#1336,#1337)
    ,(#1338,#1339)
    ,(#1340,#1341)
    ,(#1342,#1343)
    ,(#1344,#1345
)),.UNSPECIFIED.,.T.,.F.,.F.) B_SPLINE_SURFACE_WITH_KNOTS((1,2,2,2,2,1),
  (2,2),(-2.094395102393,0.,2.094395102393,4.188790204786,6.28318530718,
    8.377580409573),(0.,7.034202158028),.UNSPECIFIED.) 
GEOMETRIC_REPRESENTATION_ITEM() RATIONAL_B_SPLINE_SURFACE((
    (1.,1.)
    ,(0.5,0.5)
    ,(1.,1.)
    ,(0.5,0.5)
    ,(1.,1.)
    ,(0.5,0.5)
,(1.,1.))) REPRESENTATION_ITEM('') SURFACE() );
#1332 = CARTESIAN_POINT('',(8.474484434885,4.153758030521,5.54713139561)
  );
#1333 = CARTESIAN_POINT('',(3.275910796532,1.389627395823,9.39608111741)
  );
#1334 = CARTESIAN_POINT('',(3.920852277943,12.717894541534,5.54713139561
    ));
#1335 = CARTESIAN_POINT('',(0.185946118607,7.201005742581,9.39608111741)
  );
#1336 = CARTESIAN_POINT('',(0.685941704087,5.505189240246,
    -7.35656978048E-02));
#1337 = CARTESIAN_POINT('',(-2.009171770795,2.306670002421,
    5.582036661164));
#1338 = CARTESIAN_POINT('',(-2.548968869769,-1.707516061043,
    -5.694262791219));
#1339 = CARTESIAN_POINT('',(-4.204289660197,-2.587665737739,
    1.767992204919));
#1340 = CARTESIAN_POINT('',(5.239573861029,-3.058947270767,
    -7.35656978048E-02));
#1341 = CARTESIAN_POINT('',(1.08079290713,-3.504708344337,5.582036661164
    ));
#1342 = CARTESIAN_POINT('',(13.028116591827,-4.410378480491,
    5.54713139561));
#1343 = CARTESIAN_POINT('',(6.365875474457,-4.421750950936,9.39608111741
    ));
#1344 = CARTESIAN_POINT('',(8.474484434885,4.153758030521,5.54713139561)
  );
#1345 = CARTESIAN_POINT('',(3.275910796532,1.389627395823,9.39608111741)
  );
#1346 = ADVANCED_FACE('',(#1347),#1384,.T.);
#1347 = FACE_BOUND('',#1348,.T.);
#1348 = EDGE_LOOP('',(#1349,#1359,#1360,#1361,#1373,#1383));
#1349 = ORIENTED_EDGE('',*,*,#1350,.T.);
#1350 = EDGE_CURVE('',#234,#1314,#1351,.T.);
#1351 = ( BOUNDED_CURVE() B_SPLINE_CURVE(2,(#1352,#1353,#1354,#1355,
#1356,#1357,#1358),.UNSPECIFIED.,.T.,.F.) B_SPLINE_CURVE_WITH_KNOTS((1,2
    ,2,2,2,1),(-2.094395102393,0.,2.094395102393,4.188790204786,
6.28318530718,8.377580409573),.UNSPECIFIED.) CURVE() 
GEOMETRIC_REPRESENTATION_ITEM() RATIONAL_B_SPLINE_CURVE((1.,0.5,1.,0.5,
1.,0.5,1.)) REPRESENTATION_ITEM('') );
#1352 = CARTESIAN_POINT('',(3.275910796532,1.389627395823,9.39608111741)
  );
#1353 = CARTESIAN_POINT('',(0.185946118607,7.201005742581,9.39608111741)
  );
#1354 = CARTESIAN_POINT('',(-2.009171770795,2.306670002421,
    5.582036661164));
#1355 = CARTESIAN_POINT('',(-4.204289660197,-2.587665737739,
    1.767992204919));
#1356 = CARTESIAN_POINT('',(1.08079290713,-3.504708344337,5.582036661164
    ));
#1357 = CARTESIAN_POINT('',(6.365875474457,-4.421750950936,9.39608111741
    ));
#1358 = CARTESIAN_POINT('',(3.275910796532,1.389627395823,9.39608111741)
  );
#1359 = ORIENTED_EDGE('',*,*,#1313,.T.);
#1360 = ORIENTED_EDGE('',*,*,#559,.F.);
#1361 = ORIENTED_EDGE('',*,*,#1362,.F.);
#1362 = EDGE_CURVE('',#1363,#505,#1365,.T.);
#1363 = VERTEX_POINT('',#1364);
#1364 = CARTESIAN_POINT('',(1.60270806279,0.49996972121,7.689798071195)
  );
#1365 = ( BOUNDED_CURVE() B_SPLINE_CURVE(2,(#1366,#1367,#1368,#1369,
#1370,#1371,#1372),.UNSPECIFIED.,.T.,.F.) B_SPLINE_CURVE_WITH_KNOTS((1,2
    ,2,2,2,1),(-2.094395102393,0.,2.094395102393,4.188790204786,
6.28318530718,8.377580409573),.UNSPECIFIED.) CURVE() 
GEOMETRIC_REPRESENTATION_ITEM() RATIONAL_B_SPLINE_CURVE((1.,0.5,1.,0.5,
1.,0.5,1.)) REPRESENTATION_ITEM('') );
#1366 = CARTESIAN_POINT('',(1.60270806279,0.49996972121,7.689798071195)
  );
#1367 = CARTESIAN_POINT('',(0.586272313473,2.411607335276,7.689798071195
    ));
#1368 = CARTESIAN_POINT('',(-0.13580593962,0.801628473381,6.435178184272
    ));
#1369 = CARTESIAN_POINT('',(-0.857884192713,-0.808350388514,
    5.180558297349));
#1370 = CARTESIAN_POINT('',(0.880629809697,-1.110009140685,
    6.435178184272));
#1371 = CARTESIAN_POINT('',(2.619143812107,-1.411667892855,
    7.689798071195));
#1372 = CARTESIAN_POINT('',(1.60270806279,0.49996972121,7.689798071195)
  );
#1373 = ORIENTED_EDGE('',*,*,#1374,.F.);
#1374 = EDGE_CURVE('',#311,#1363,#1375,.T.);
#1375 = ( BOUNDED_CURVE() B_SPLINE_CURVE(2,(#1376,#1377,#1378,#1379,
#1380,#1381,#1382),.UNSPECIFIED.,.T.,.F.) B_SPLINE_CURVE_WITH_KNOTS((1,2
    ,2,2,2,1),(-2.094395102393,0.,2.094395102393,4.188790204786,
6.28318530718,8.377580409573),.UNSPECIFIED.) CURVE() 
GEOMETRIC_REPRESENTATION_ITEM() RATIONAL_B_SPLINE_CURVE((1.,0.5,1.,0.5,
1.,0.5,1.)) REPRESENTATION_ITEM('') );
#1376 = CARTESIAN_POINT('',(1.60270806279,0.49996972121,7.689798071195)
  );
#1377 = CARTESIAN_POINT('',(0.586272313473,2.411607335276,7.689798071195
    ));
#1378 = CARTESIAN_POINT('',(-0.13580593962,0.801628473381,6.435178184272
    ));
#1379 = CARTESIAN_POINT('',(-0.857884192713,-0.808350388514,
    5.180558297349));
#1380 = CARTESIAN_POINT('',(0.880629809697,-1.110009140685,
    6.435178184272));
#1381 = CARTESIAN_POINT('',(2.619143812107,-1.411667892855,
    7.689798071195));
#1382 = CARTESIAN_POINT('',(1.60270806279,0.49996972121,7.689798071195)
  );
#1383 = ORIENTED_EDGE('',*,*,#310,.F.);
#1384 = B_SPLINE_SURFACE_WITH_KNOTS('',1,1,(
    (#1385,#1386)
    ,(#1387,#1388
    )),.UNSPECIFIED.,.F.,.F.,.F.,(2,2),(2,2),(-3.8,3.8),(-3.8,3.8),
  .PIECEWISE_BEZIER_KNOTS.);
#1385 = CARTESIAN_POINT('',(7.310243063226E-02,-4.617102212749,
    4.310688509083));
#1386 = CARTESIAN_POINT('',(-3.494881446541,2.093299492979,
    4.310688509083));
#1387 = CARTESIAN_POINT('',(5.059902735119,-1.965573457041,9.39608111741
    ));
#1388 = CARTESIAN_POINT('',(1.491918857946,4.744828248687,9.39608111741)
  );
#1389 = ADVANCED_FACE('',(#1390),#1399,.F.);
#1390 = FACE_BOUND('',#1391,.F.);
#1391 = EDGE_LOOP('',(#1392,#1393,#1398));
#1392 = ORIENTED_EDGE('',*,*,#1362,.F.);
#1393 = ORIENTED_EDGE('',*,*,#1394,.F.);
#1394 = EDGE_CURVE('',#462,#1363,#1395,.T.);
#1395 = B_SPLINE_CURVE_WITH_KNOTS('',1,(#1396,#1397),.UNSPECIFIED.,.F.,
  .F.,(2,2),(1.,7.8),.PIECEWISE_BEZIER_KNOTS.);
#1396 = CARTESIAN_POINT('',(5.620197418501,2.636106703241,2.636413257949
    ));
#1397 = CARTESIAN_POINT('',(1.60270806279,0.49996972121,7.689798071195)
  );
#1398 = ORIENTED_EDGE('',*,*,#504,.F.);
#1399 = ( BOUNDED_SURFACE() B_SPLINE_SURFACE(2,1,(
    (#1400,#1401)
    ,(#1402,#1403)
    ,(#1404,#1405)
    ,(#1406,#1407)
    ,(#1408,#1409)
    ,(#1410,#1411)
    ,(#1412,#1413
)),.UNSPECIFIED.,.T.,.F.,.F.) B_SPLINE_SURFACE_WITH_KNOTS((1,2,2,2,2,1),
  (2,2),(-2.094395102393,0.,2.094395102393,4.188790204786,6.28318530718,
    8.377580409573),(1.,7.8),.UNSPECIFIED.) 
GEOMETRIC_REPRESENTATION_ITEM() RATIONAL_B_SPLINE_SURFACE((
    (1.,1.)
    ,(0.5,0.5)
    ,(1.,1.)
    ,(0.5,0.5)
    ,(1.,1.)
    ,(0.5,0.5)
,(1.,1.))) REPRESENTATION_ITEM('') SURFACE() );
#1400 = CARTESIAN_POINT('',(5.620197418501,2.636106703241,2.636413257949
    ));
#1401 = CARTESIAN_POINT('',(1.60270806279,0.49996972121,7.689798071195)
  );
#1402 = CARTESIAN_POINT('',(4.603761669184,4.547744317307,2.636413257949
    ));
#1403 = CARTESIAN_POINT('',(0.586272313473,2.411607335276,7.689798071195
    ));
#1404 = CARTESIAN_POINT('',(3.881683416091,2.937765455412,1.381793371026
    ));
#1405 = CARTESIAN_POINT('',(-0.13580593962,0.801628473381,6.435178184272
    ));
#1406 = CARTESIAN_POINT('',(3.159605162998,1.327786593517,0.127173484103
    ));
#1407 = CARTESIAN_POINT('',(-0.857884192713,-0.808350388514,
    5.180558297349));
#1408 = CARTESIAN_POINT('',(4.898119165408,1.026127841347,1.381793371026
    ));
#1409 = CARTESIAN_POINT('',(0.880629809697,-1.110009140685,
    6.435178184272));
#1410 = CARTESIAN_POINT('',(6.636633167818,0.724469089176,2.636413257949
    ));
#1411 = CARTESIAN_POINT('',(2.619143812107,-1.411667892855,
    7.689798071195));
#1412 = CARTESIAN_POINT('',(5.620197418501,2.636106703241,2.636413257949
    ));
#1413 = CARTESIAN_POINT('',(1.60270806279,0.49996972121,7.689798071195)
  );
#1414 = ADVANCED_FACE('',(#1415),#1421,.F.);
#1415 = FACE_BOUND('',#1416,.F.);
#1416 = EDGE_LOOP('',(#1417,#1418,#1419,#1420));
#1417 = ORIENTED_EDGE('',*,*,#1394,.T.);
#1418 = ORIENTED_EDGE('',*,*,#1374,.F.);
#1419 = ORIENTED_EDGE('',*,*,#415,.F.);
#1420 = ORIENTED_EDGE('',*,*,#461,.F.);
#1421 = ( BOUNDED_SURFACE() B_SPLINE_SURFACE(2,1,(
    (#1422,#1423)
    ,(#1424,#1425)
    ,(#1426,#1427)
    ,(#1428,#1429)
    ,(#1430,#1431)
    ,(#1432,#1433)
    ,(#1434,#1435
)),.UNSPECIFIED.,.T.,.F.,.F.) B_SPLINE_SURFACE_WITH_KNOTS((1,2,2,2,2,1),
  (2,2),(-2.094395102393,0.,2.094395102393,4.188790204786,6.28318530718,
    8.377580409573),(1.,7.8),.UNSPECIFIED.) 
GEOMETRIC_REPRESENTATION_ITEM() RATIONAL_B_SPLINE_SURFACE((
    (1.,1.)
    ,(0.5,0.5)
    ,(1.,1.)
    ,(0.5,0.5)
    ,(1.,1.)
    ,(0.5,0.5)
,(1.,1.))) REPRESENTATION_ITEM('') SURFACE() );
#1422 = CARTESIAN_POINT('',(5.620197418501,2.636106703241,2.636413257949
    ));
#1423 = CARTESIAN_POINT('',(1.60270806279,0.49996972121,7.689798071195)
  );
#1424 = CARTESIAN_POINT('',(4.603761669184,4.547744317307,2.636413257949
    ));
#1425 = CARTESIAN_POINT('',(0.586272313473,2.411607335276,7.689798071195
    ));
#1426 = CARTESIAN_POINT('',(3.881683416091,2.937765455412,1.381793371026
    ));
#1427 = CARTESIAN_POINT('',(-0.13580593962,0.801628473381,6.435178184272
    ));
#1428 = CARTESIAN_POINT('',(3.159605162998,1.327786593517,0.127173484103
    ));
#1429 = CARTESIAN_POINT('',(-0.857884192713,-0.808350388514,
    5.180558297349));
#1430 = CARTESIAN_POINT('',(4.898119165408,1.026127841347,1.381793371026
    ));
#1431 = CARTESIAN_POINT('',(0.880629809697,-1.110009140685,
    6.435178184272));
#1432 = CARTESIAN_POINT('',(6.636633167818,0.724469089176,2.636413257949
    ));
#1433 = CARTESIAN_POINT('',(2.619143812107,-1.411667892855,
    7.689798071195));
#1434 = CARTESIAN_POINT('',(5.620197418501,2.636106703241,2.636413257949
    ));
#1435 = CARTESIAN_POINT('',(1.60270806279,0.49996972121,7.689798071195)
  );
#1436 = ADVANCED_FACE('',(#1437),#1443,.T.);
#1437 = FACE_BOUND('',#1438,.T.);
#1438 = EDGE_LOOP('',(#1439,#1440,#1441,#1442));
#1439 = ORIENTED_EDGE('',*,*,#1325,.T.);
#1440 = ORIENTED_EDGE('',*,*,#1350,.F.);
#1441 = ORIENTED_EDGE('',*,*,#233,.F.);
#1442 = ORIENTED_EDGE('',*,*,#1281,.T.);
#1443 = ( BOUNDED_SURFACE() B_SPLINE_SURFACE(2,1,(
    (#1444,#1445)
    ,(#1446,#1447)
    ,(#1448,#1449)
    ,(#1450,#1451)
    ,(#1452,#1453)
    ,(#1454,#1455)
    ,(#1456,#1457
)),.UNSPECIFIED.,.T.,.F.,.F.) B_SPLINE_SURFACE_WITH_KNOTS((1,2,2,2,2,1),
  (2,2),(-2.094395102393,0.,2.094395102393,4.188790204786,6.28318530718,
    8.377580409573),(0.,7.034202158028),.UNSPECIFIED.) 
GEOMETRIC_REPRESENTATION_ITEM() RATIONAL_B_SPLINE_SURFACE((
    (1.,1.)
    ,(0.5,0.5)
    ,(1.,1.)
    ,(0.5,0.5)
    ,(1.,1.)
    ,(0.5,0.5)
,(1.,1.))) REPRESENTATION_ITEM('') SURFACE() );
#1444 = CARTESIAN_POINT('',(8.474484434885,4.153758030521,5.54713139561)
  );
#1445 = CARTESIAN_POINT('',(3.275910796532,1.389627395823,9.39608111741)
  );
#1446 = CARTESIAN_POINT('',(3.920852277943,12.717894541534,5.54713139561
    ));
#1447 = CARTESIAN_POINT('',(0.185946118607,7.201005742581,9.39608111741)
  );
#1448 = CARTESIAN_POINT('',(0.685941704087,5.505189240246,
    -7.35656978048E-02));
#1449 = CARTESIAN_POINT('',(-2.009171770795,2.306670002421,
    5.582036661164));
#1450 = CARTESIAN_POINT('',(-2.548968869769,-1.707516061043,
    -5.694262791219));
#1451 = CARTESIAN_POINT('',(-4.204289660197,-2.587665737739,
    1.767992204919));
#1452 = CARTESIAN_POINT('',(5.239573861029,-3.058947270767,
    -7.35656978048E-02));
#1453 = CARTESIAN_POINT('',(1.08079290713,-3.504708344337,5.582036661164
    ));
#1454 = CARTESIAN_POINT('',(13.028116591827,-4.410378480491,
    5.54713139561));
#1455 = CARTESIAN_POINT('',(6.365875474457,-4.421750950936,9.39608111741
    ));
#1456 = CARTESIAN_POINT('',(8.474484434885,4.153758030521,5.54713139561)
  );
#1457 = CARTESIAN_POINT('',(3.275910796532,1.389627395823,9.39608111741)
  );
#1458 = ADVANCED_FACE('',(#1459),#1471,.T.);
#1459 = FACE_BOUND('',#1460,.T.);
#1460 = EDGE_LOOP('',(#1461,#1462,#1470));
#1461 = ORIENTED_EDGE('',*,*,#1162,.F.);
#1462 = ORIENTED_EDGE('',*,*,#1463,.F.);
#1463 = EDGE_CURVE('',#1464,#1163,#1466,.T.);
#1464 = VERTEX_POINT('',#1465);
#1465 = CARTESIAN_POINT('',(-2.841093023339,-2.334599936365,
    -17.01509495714));
#1466 = ( BOUNDED_CURVE() B_SPLINE_CURVE(2,(#1467,#1468,#1469),
.UNSPECIFIED.,.F.,.F.) B_SPLINE_CURVE_WITH_KNOTS((3,3),(4.712388980385,
6.28318530718),.PIECEWISE_BEZIER_KNOTS.) CURVE() 
GEOMETRIC_REPRESENTATION_ITEM() RATIONAL_B_SPLINE_CURVE((1.,
0.707106781187,1.)) REPRESENTATION_ITEM('') );
#1467 = CARTESIAN_POINT('',(-2.841093023339,-2.334599936365,
    -17.01509495714));
#1468 = CARTESIAN_POINT('',(-0.269809348708,-2.467890670819,
    -17.64217855977));
#1469 = CARTESIAN_POINT('',(0.371283674631,-1.933290734454,
    -15.12708360262));
#1470 = ORIENTED_EDGE('',*,*,#1463,.T.);
#1471 = ( BOUNDED_SURFACE() B_SPLINE_SURFACE(2,2,(
    (#1472,#1473,#1474)
    ,(#1475,#1476,#1477)
    ,(#1478,#1479,#1480)
    ,(#1481,#1482,#1483)
    ,(#1484,#1485,#1486)
    ,(#1487,#1488,#1489)
    ,(#1490,#1491,#1492
)),.UNSPECIFIED.,.T.,.F.,.F.) B_SPLINE_SURFACE_WITH_KNOTS((1,2,2,2,2,1),
  (3,3),(-2.094395102393,0.,2.094395102393,4.188790204786,6.28318530718,
    8.377580409573),(-1.570796326795,0.),.UNSPECIFIED.) 
GEOMETRIC_REPRESENTATION_ITEM() RATIONAL_B_SPLINE_SURFACE((
    (1.,0.707106781187,1.)
    ,(0.5,0.353553390593,0.5)
    ,(1.,0.707106781187,1.)
    ,(0.5,0.353553390593,0.5)
    ,(1.,0.707106781187,1.)
    ,(0.5,0.353553390593,0.5)
,(1.,0.707106781187,1.))) REPRESENTATION_ITEM('') SURFACE() );
#1472 = CARTESIAN_POINT('',(-2.841093023339,-2.334599936365,
    -17.01509495714));
#1473 = CARTESIAN_POINT('',(-0.269809348708,-2.467890670819,
    -17.64217855977));
#1474 = CARTESIAN_POINT('',(0.371283674631,-1.933290734454,
    -15.12708360262));
#1475 = CARTESIAN_POINT('',(-2.841093023339,-2.334599936365,
    -17.01509495714));
#1476 = CARTESIAN_POINT('',(-0.269809348708,2.021742884879,
    -18.59647963153));
#1477 = CARTESIAN_POINT('',(0.371283674631,2.556342821243,
    -16.08138467438));
#1478 = CARTESIAN_POINT('',(-2.841093023339,-2.334599936365,
    -17.01509495714));
#1479 = CARTESIAN_POINT('',(-4.126734860655,-2.313779128914E-02,
    -17.17870369171));
#1480 = CARTESIAN_POINT('',(-3.485641837316,0.511462145076,
    -14.66360873456));
#1481 = CARTESIAN_POINT('',(-2.841093023339,-2.334599936365,
    -17.01509495714));
#1482 = CARTESIAN_POINT('',(-7.983660372602,-2.068018467457,
    -15.76092775189));
#1483 = CARTESIAN_POINT('',(-7.342567349263,-1.533418531092,
    -13.24583279474));
#1484 = CARTESIAN_POINT('',(-2.841093023339,-2.334599936365,
    -17.01509495714));
#1485 = CARTESIAN_POINT('',(-4.126734860655,-4.512771346986,
    -16.22440261995));
#1486 = CARTESIAN_POINT('',(-3.485641837316,-3.978171410622,
    -13.7093076628));
#1487 = CARTESIAN_POINT('',(-2.841093023339,-2.334599936365,
    -17.01509495714));
#1488 = CARTESIAN_POINT('',(-0.269809348708,-6.957524226516,
    -16.68787748801));
#1489 = CARTESIAN_POINT('',(0.371283674631,-6.422924290151,
    -14.17278253086));
#1490 = CARTESIAN_POINT('',(-2.841093023339,-2.334599936365,
    -17.01509495714));
#1491 = CARTESIAN_POINT('',(-0.269809348708,-2.467890670819,
    -17.64217855977));
#1492 = CARTESIAN_POINT('',(0.371283674631,-1.933290734454,
    -15.12708360262));
#1493 = ADVANCED_FACE('',(#1494),#1500,.T.);
#1494 = FACE_BOUND('',#1495,.T.);
#1495 = EDGE_LOOP('',(#1496,#1497,#1498,#1499));
#1496 = ORIENTED_EDGE('',*,*,#1229,.F.);
#1497 = ORIENTED_EDGE('',*,*,#1250,.T.);
#1498 = ORIENTED_EDGE('',*,*,#1267,.T.);
#1499 = ORIENTED_EDGE('',*,*,#1188,.T.);
#1500 = B_SPLINE_SURFACE_WITH_KNOTS('',1,1,(
    (#1501,#1502)
    ,(#1503,#1504
    )),.UNSPECIFIED.,.F.,.F.,.F.,(2,2),(2,2),(0.,2.),(0.,0.65),
  .PIECEWISE_BEZIER_KNOTS.);
#1501 = CARTESIAN_POINT('',(-2.202608143877,1.013536892001,
    -10.88281831325));
#1502 = CARTESIAN_POINT('',(-2.202608143877,1.649332832478,
    -11.01796091228));
#1503 = CARTESIAN_POINT('',(-0.262016691325,0.912940111281,
    -11.35608895674));
#1504 = CARTESIAN_POINT('',(-0.262016691325,1.548736051758,
    -11.49123155577));
#1505 = ( GEOMETRIC_REPRESENTATION_CONTEXT(3) 
GLOBAL_UNCERTAINTY_ASSIGNED_CONTEXT((#1509)) 
GLOBAL_UNIT_ASSIGNED_CONTEXT((#1506,#1507,#1508)) REPRESENTATION_CONTEXT
('Context #1','3D Context with UNIT and UNCERTAINTY') );
#1506 = ( LENGTH_UNIT() NAMED_UNIT(*) SI_UNIT(.MILLI.,.METRE.) );
#1507 = ( NAMED_UNIT(*) PLANE_ANGLE_UNIT() SI_UNIT($,.RADIAN.) );
#1508 = ( NAMED_UNIT(*) SI_UNIT($,.STERADIAN.) SOLID_ANGLE_UNIT() );
#1509 = UNCERTAINTY_MEASURE_WITH_UNIT(LENGTH_MEASURE(5.E-06),#1506,
  'distance_accuracy_value','confusion accuracy');
#1510 = PRODUCT_RELATED_PRODUCT_CATEGORY('part',$,(#7));
ENDSEC;
END-ISO-10303-21;
